    Finished `dev` profile [unoptimized + debuginfo] target(s) in 0.25s
     Running `target\debug\NewEngine.exe --project ..\..\Projects\PhysicsPlayground\game.toml --launch game`
GameReady profile composition probe: instance_factories=1 runtime_game_module=newengine.game-module.fps
[09:17:55.910] [[1;32mINFO [0m] startup: Run ID: 000001a08a9c035f00000cec00000000
[09:17:55.911] [[1;36mDEBUG[0m] +-----------------------------------------------------------------------------------------------------
[09:17:55.912] [[1;36mDEBUG[0m] | StartupConfig :: Source [config applied]                                                           
[09:17:55.913] [[1;36mDEBUG[0m] +-----------------------------------------------------------------------------------------------------
[09:17:55.913] [[1;36mDEBUG[0m] | source           : File(C:/Users/Calista Verner/Documents/NorthStar/NewEngine/neocore2/config.json)
[09:17:55.913] [[1;36mDEBUG[0m] | file             : C:/Users/Calista Verner/Documents/NorthStar/NewEngine/neocore2/config.json      
[09:17:55.913] [[1;36mDEBUG[0m] | resolved_from    : Absolute                                                                        
[09:17:55.913] [[1;36mDEBUG[0m] | file_bytes       : 47986                                                                           
[09:17:55.913] [[1;36mDEBUG[0m] | total_ms         : 0                                                                               
[09:17:55.913] [[1;36mDEBUG[0m] | overrides        : 10                                                                              
[09:17:55.913] [[1;36mDEBUG[0m] | plugin_overrides : 15                                                                              
[09:17:55.914] [[1;36mDEBUG[0m] +---------------------------------------------------------------------------------------------------------------
[09:17:55.914] [[1;36mDEBUG[0m] | StartupConfig :: Overrides [applied]                                                                         
[09:17:55.914] [[1;36mDEBUG[0m] | startup_settings           : StartupLaunchSettings { schema_version: 4, display: StartupDisplaySettings { mon
[09:17:55.914] [[1;36mDEBUG[0m] |                              itor_index: -1, window_mode: Windowed, resolution: [0, 0], vsync: false, refresh
[09:17:55.914] [[1;36mDEBUG[0m] |                              _rate_millihz: 0, render_scale: 1.0, hdr: Auto, frame_limit: 0, center_window: t
[09:17:55.914] [[1;36mDEBUG[0m] |                              rue }, graphics: StartupGraphicsSettings { preset: Balanced, msaa_samples: 0, fx
[09:17:55.914] [[1;36mDEBUG[0m] |                              aa_enabled: true, fxaa_edge_threshold: 0.125, fxaa_edge_threshold_min: 0.0312, f
[09:17:55.914] [[1;36mDEBUG[0m] |                              xaa_subpixel_quality: 0.75, taa_enabled: false, taa_feedback: 0.92, taa_neighbor
[09:17:55.914] [[1;36mDEBUG[0m] |                              hood_clamping: 1.0, taa_jitter_scale: 1.0, ssao_enabled: false, ssao_radius_ws: 
[09:17:55.914] [[1;36mDEBUG[0m] |                              0.75, ssao_intensity: 0.82, ssao_quality_steps: 16, ssao_half_resolution: true, 
[09:17:55.914] [[1;36mDEBUG[0m] |                              bloom_enabled: true, bloom_threshold: 0.85, bloom_knee: 0.35, bloom_intensity: 0
[09:17:55.915] [[1;36mDEBUG[0m] |                              .085, bloom_radius: 1.0, depth_of_field_enabled: false, motion_blur_enabled: fal
[09:17:55.915] [[1;36mDEBUG[0m] |                              se, sun_rays_enabled: true, shadows_enabled: true, shadow_quality: Balanced, sha
[09:17:55.915] [[1;36mDEBUG[0m] |                              dow_cascade_count: 0, shadow_map_resolution: 0, shadow_advanced_override: false,
[09:17:55.915] [[1;36mDEBUG[0m] |                               shadow_filter: Pcss, shadow_max_distance: 80.0, shadow_softness: 1.0, shadow_bi
[09:17:55.915] [[1;36mDEBUG[0m] |                              as: 0.0025, shadow_normal_bias: 0.015, shadow_contact_strength: 0.25, shadow_pcs
[09:17:55.915] [[1;36mDEBUG[0m] |                              s_light_radius_degrees: 0.266, shadow_pcss_blocker_radius_texels: 3.0, shadow_pc
[09:17:55.915] [[1;36mDEBUG[0m] |                              ss_max_filter_radius_texels: 5.0, shadow_pcss_blocker_samples: 10, shadow_pcss_f
[09:17:55.915] [[1;36mDEBUG[0m] |                              ilter_samples: 12, shadow_pcss_min_filter_radius_texels: 0.18, shadow_pcss_stabl
[09:17:55.915] [[1;36mDEBUG[0m] |                              e_kernel_texels: 8.0, view_distance_meters: 1000.0, lod_quality: High, lod_dista
[09:17:55.916] [[1;36mDEBUG[0m] |                              nce_scale: 1.0, texture_quality: High, anisotropy: 8 } } -> StartupLaunchSetting
[09:17:55.916] [[1;36mDEBUG[0m] |                              s { schema_version: 4, display: StartupDisplaySettings { monitor_index: -1, wind
[09:17:55.916] [[1;36mDEBUG[0m] |                              ow_mode: Windowed, resolution: [1280, 720], vsync: false, refresh_rate_millihz: 
[09:17:55.916] [[1;36mDEBUG[0m] |                              0, render_scale: 1.0, hdr: Enabled, frame_limit: 0, center_window: true }, graph
[09:17:55.916] [[1;36mDEBUG[0m] |                              ics: StartupGraphicsSettings { preset: Custom, msaa_samples: 2, fxaa_enabled: tr
[09:17:55.916] [[1;36mDEBUG[0m] |                              ue, fxaa_edge_threshold: 0.125, fxaa_edge_threshold_min: 0.031, fxaa_subpixel_qu
[09:17:55.916] [[1;36mDEBUG[0m] |                              ality: 0.75, taa_enabled: false, taa_feedback: 0.92, taa_neighborhood_clamping: 
[09:17:55.916] [[1;36mDEBUG[0m] |                              1.0, taa_jitter_scale: 1.0, ssao_enabled: true, ssao_radius_ws: 0.75, ssao_inten
[09:17:55.916] [[1;36mDEBUG[0m] |                              sity: 0.8, ssao_quality_steps: 24, ssao_half_resolution: true, bloom_enabled: tr
[09:17:55.916] [[1;36mDEBUG[0m] |                              ue, bloom_threshold: 0.85, bloom_knee: 0.35, bloom_intensity: 0.09, bloom_radius
[09:17:55.917] [[1;36mDEBUG[0m] |                              : 1.0, depth_of_field_enabled: true, motion_blur_enabled: false, sun_rays_enable
[09:17:55.917] [[1;36mDEBUG[0m] |                              d: true, shadows_enabled: true, shadow_quality: Quality, shadow_cascade_count: 4
[09:17:55.917] [[1;36mDEBUG[0m] |                              , shadow_map_resolution: 2048, shadow_advanced_override: false, shadow_filter: P
[09:17:55.917] [[1;36mDEBUG[0m] |                              css, shadow_max_distance: 140.0, shadow_softness: 1.0, shadow_bias: 0.0025, shad
[09:17:55.917] [[1;36mDEBUG[0m] |                              ow_normal_bias: 0.015, shadow_contact_strength: 0.25, shadow_pcss_light_radius_d
[09:17:55.917] [[1;36mDEBUG[0m] |                              egrees: 0.266, shadow_pcss_blocker_radius_texels: 3.0, shadow_pcss_max_filter_ra
[09:17:55.917] [[1;36mDEBUG[0m] |                              dius_texels: 5.0, shadow_pcss_blocker_samples: 12, shadow_pcss_filter_samples: 1
[09:17:55.917] [[1;36mDEBUG[0m] |                              6, shadow_pcss_min_filter_radius_texels: 0.18, shadow_pcss_stable_kernel_texels:
[09:17:55.917] [[1;36mDEBUG[0m] |                               8.0, view_distance_meters: 1000.0, lod_quality: High, lod_distance_scale: 1.0, 
[09:17:55.918] [[1;36mDEBUG[0m] |                              texture_quality: High, anisotropy: 8 } }                                        
[09:17:55.918] [[1;36mDEBUG[0m] | window_title               : NewEngine -> Kayla's Editor                                                     
[09:17:55.918] [[1;36mDEBUG[0m] | window_placement           : Default -> Centered { offset: (0, 0) }                                          
[09:17:55.918] [[1;36mDEBUG[0m] | modules_dir                : pluginsRuntime -> C:/Users/Calista Verner/Documents/NorthStar/NewEngine/neocore2
[09:17:55.918] [[1;36mDEBUG[0m] |                              /target/debug/ROOT-DIR/pluginsRuntime                                           
[09:17:55.918] [[1;36mDEBUG[0m] | cache_files                : cache -> ROOT-DIR/NewEngine/neocore2/cache                                      
[09:17:55.918] [[1;36mDEBUG[0m] | config                     : config -> ROOT-DIR/NewEngine/neocore2/config                                    
[09:17:55.918] [[1;36mDEBUG[0m] | startup_window             : core default -> decision=Skipped; details=disabled by env:NEWENGINE_STARTUP_WIND
[09:17:55.918] [[1;36mDEBUG[0m] |                              OW_DISABLED; disabled_by=env:NEWENGINE_STARTUP_WINDOW_DISABLED; warnings=0      
[09:17:55.918] [[1;36mDEBUG[0m] | startup_settings.variables : core defaults / saved config -> preset=custom msaa=2 fxaa=true taa=false ssao=tr
[09:17:55.919] [[1;36mDEBUG[0m] |                              ue bloom=true shadows=true window_mode=windowed vsync=false                     
[09:17:55.919] [[1;36mDEBUG[0m] | cache_files                : <resolved> -> C:/Users/Calista Verner/Documents/NorthStar/NewEngine/neocore2/ROO
[09:17:55.919] [[1;36mDEBUG[0m] |                              T-DIR/NewEngine/neocore2/cache                                                  
[09:17:55.919] [[1;36mDEBUG[0m] | config                     : <resolved> -> C:/Users/Calista Verner/Documents/NorthStar/NewEngine/neocore2/ROO
[09:17:55.919] [[1;36mDEBUG[0m] |                              T-DIR/NewEngine/neocore2/config                                                 
[09:17:55.919] [[1;36mDEBUG[0m] +---------------------------------------------------------------------------------------------------------------
[09:17:55.919] [[1;36mDEBUG[0m] +------------------------------------------------------------------------------------------------------------------------
[09:17:55.919] [[1;36mDEBUG[0m] | StartupConfig :: Plugin Overrides [applied]                                                                           
[09:17:55.920] [[1;36mDEBUG[0m] +------------------------------------------------------------------------------------------------------------------------
[09:17:55.920] [[1;36mDEBUG[0m] | engine.animation.foundation.runtime_data : <plugin defaults> -> json(len=50, preview='{"catalog":"gameplay/gameplay_fo
[09:17:55.920] [[1;36mDEBUG[0m] |                                            undation.v1.json"}')                                                       
[09:17:55.920] [[1;36mDEBUG[0m] | engine.assets.starvault                  : <plugin defaults> -> json(len=515, preview='{"codecs_dir":"codecs","contain
[09:17:55.920] [[1;36mDEBUG[0m] |                                            er_scan":{"extensions":["nepak"],"follow_symlinks":false,"max_depth":64,"re
[09:17:55.920] [[1;36mDEBUG[0m] |                                            cursive":true,"rescan_interval_ms":0},"enabled":true,"host":{"enabled":tr..
[09:17:55.920] [[1;36mDEBUG[0m] |                                            .')                                                                        
[09:17:55.920] [[1;36mDEBUG[0m] | engine.fps.character.runtime_data        : <plugin defaults> -> json(len=66, preview='{"locomotion_graph":"animation/h
[09:17:55.920] [[1;36mDEBUG[0m] |                                            umanoid_locomotion.graph.v1.json"}')                                       
[09:17:55.920] [[1;36mDEBUG[0m] | engine.input.compass                     : <plugin defaults> -> json(len=134, preview='{"device_mode":"hybrid","enable
[09:17:55.921] [[1;36mDEBUG[0m] |                                            d":true,"gamepad":true,"gamepad_backend":"xinput","host":{"enabled":true},"
[09:17:55.921] [[1;36mDEBUG[0m] |                                            keyboard":true,"mouse":true}')                                             
[09:17:55.921] [[1;36mDEBUG[0m] | engine.loading                           : <plugin defaults> -> json(len=515, preview='{"brand_id":"brand.gamefps.nort
[09:17:55.921] [[1;36mDEBUG[0m] |                                            hstar","display_name":"North Star gameFps","enabled":true,"manifest_id":"ap
[09:17:55.921] [[1;36mDEBUG[0m] |                                            p.gamefps.loading","prestart":{"background":"textures/ui/loading/loaderWi..
[09:17:55.921] [[1;36mDEBUG[0m] |                                            .')                                                                        
[09:17:55.921] [[1;36mDEBUG[0m] | engine.logging.chronicle                 : <plugin defaults> -> json(len=381, preview='{"dedup":{"capacity":4096,"wind
[09:17:55.921] [[1;36mDEBUG[0m] |                                            ow_ms":1000},"enabled":true,"host":{"enabled":true},"rolling":{"keep_days":
[09:17:55.922] [[1;36mDEBUG[0m] |                                            7,"max_bytes":33554432,"max_files":4},"sources":{"console":{"colors":true..
[09:17:55.922] [[1;36mDEBUG[0m] |                                            .')                                                                        
[09:17:55.922] [[1;36mDEBUG[0m] | engine.platform.winit                    : <plugin defaults> -> json(len=419, preview='{"display":{"borderless_fullscr
[09:17:55.922] [[1;36mDEBUG[0m] |                                            een":false,"fullscreen":false,"hdr":"auto","monitor":"primary","monitor_ind
[09:17:55.922] [[1;36mDEBUG[0m] |                                            ex":-1,"refresh_rate":"auto","refresh_rate_millihz":0,"render_scale":1.0,..
[09:17:55.922] [[1;36mDEBUG[0m] | engine.render.vulkan                     : <plugin defaults> -> json(len=515, preview='{"enabled":true,"host":{"enable
[09:17:55.923] [[1;36mDEBUG[0m] |                                            d":true},"selection":{"backend":"auto","backend_label":"Auto","debug_render
[09:17:55.923] [[1;36mDEBUG[0m] |                                            er_tools":{"enabled":false,"gbuffer_viewer":false,"gpu_timing":false,"pha..
[09:17:55.923] [[1;36mDEBUG[0m] |                                            .')                                                                        
[09:17:55.923] [[1;36mDEBUG[0m] | engine.runtime.render.runtime_profile    : <plugin defaults> -> json(len=515, preview='{"gpu_safe":false,"graphics":{"
[09:17:55.923] [[1;36mDEBUG[0m] |                                            clear_color":[0.02,0.025,0.035,0.5],"deferred":"enabled","hdr_scene":"enabl
[09:17:55.923] [[1;36mDEBUG[0m] |                                            ed","postfx":"enabled","shadows":"enabled","sky":{"mode":"native","tick_c..
[09:17:55.923] [[1;36mDEBUG[0m] | engine.runtime.ui.screen_profile         : <plugin defaults> -> json(len=76, preview='{"editor_fly_speed_scale":0.2,"p
[09:17:55.923] [[1;36mDEBUG[0m] |                                            rofile":"game","publish_editor_shell":false}')                             
[09:17:55.923] [[1;36mDEBUG[0m] | engine.schema.registry.runtime_data      : <plugin defaults> -> json(len=45, preview='{"registry":"schema/schema_regis
[09:17:55.923] [[1;36mDEBUG[0m] |                                            try.v1.json"}')                                                            
[09:17:55.924] [[1;36mDEBUG[0m] | engine.tags.foundation.runtime_data      : <plugin defaults> -> json(len=50, preview='{"catalog":"gameplay/gameplay_fo
[09:17:55.924] [[1;36mDEBUG[0m] |                                            undation.v1.json"}')                                                       
[09:17:55.924] [[1;36mDEBUG[0m] | engine.tasks.foundation.runtime_data     : <plugin defaults> -> json(len=50, preview='{"catalog":"gameplay/gameplay_fo
[09:17:55.924] [[1;36mDEBUG[0m] | newengine.engine                         : <plugin defaults> -> json(len=40, preview='{"enabled":true,"host":{"enabled
[09:17:55.924] [[1;36mDEBUG[0m] |                                            ":true}}')                                                                 
[09:17:55.924] [[1;36mDEBUG[0m] | newengine.startup_window                 : <plugin defaults> -> json(len=515, preview='{"display":{"borderless_fullscr
[09:17:55.924] [[1;36mDEBUG[0m] |                                            een":false,"fullscreen":false,"hdr":"auto","monitor":"primary","refresh_rat
[09:17:55.924] [[1;36mDEBUG[0m] |                                            e":"auto","render_scale":1.0,"resolution":{"height":900,"width":1600},"vs..
[09:17:55.925] [[1;36mDEBUG[0m] |                                            .')                                                                        
[09:17:55.925] [[1;36mDEBUG[0m] +------------------------------------------------------------------------------------------------------------------------
[09:17:55.925] [[1;32mINFO [0m] platform runtime bootstrap: overlay status='Loading engine plugins... (1/12)' detail='Loading plugin DLL 'chronicle-logging-0.8.3-release.dll'.' progress=25%
[09:17:55.925] [[1;36mDEBUG[0m] plugins: optional discovery root skipped owner='project:physics_playground:plugins' origin='game-plugin' dir='C:\Users\Calista Verner\Documents\NorthStar\NewEngine\neocore2\..\..\Projects\PhysicsPlayground\plugins'
[09:17:55.926] [[1;32mINFO [0m] plugins: loading 'C:/Users/Calista Verner/Documents/NorthStar/pluginsRuntime/compass-input-0.5.0-release.dll'
[09:17:55.926] [[1;32mINFO [0m] plugins: load stage='dlopen-begin' path='C:/Users/Calista Verner/Documents/NorthStar/pluginsRuntime/compass-input-0.5.0-release.dll'
[09:17:55.926] [[1;32mINFO [0m] plugins: load stage='dlopen-done' path='C:/Users/Calista Verner/Documents/NorthStar/pluginsRuntime/compass-input-0.5.0-release.dll'
[09:17:55.927] [[1;32mINFO [0m] plugins: load stage='root-symbol-begin' path='C:/Users/Calista Verner/Documents/NorthStar/pluginsRuntime/compass-input-0.5.0-release.dll'
[09:17:55.927] [[1;32mINFO [0m] plugins: load stage='root-symbol-done' path='C:/Users/Calista Verner/Documents/NorthStar/pluginsRuntime/compass-input-0.5.0-release.dll'
[09:17:55.927] [[1;32mINFO [0m] plugins: load stage='root-call-begin' path='C:/Users/Calista Verner/Documents/NorthStar/pluginsRuntime/compass-input-0.5.0-release.dll'
[09:17:55.927] [[1;32mINFO [0m] plugins: load stage='root-call-done' path='C:/Users/Calista Verner/Documents/NorthStar/pluginsRuntime/compass-input-0.5.0-release.dll'
[09:17:55.927] [[1;32mINFO [0m] plugins: load stage='ui-assets-done' path='C:/Users/Calista Verner/Documents/NorthStar/pluginsRuntime/compass-input-0.5.0-release.dll'
[09:17:55.928] [[1;32mINFO [0m] plugins: load stage='module-create-begin' path='C:/Users/Calista Verner/Documents/NorthStar/pluginsRuntime/compass-input-0.5.0-release.dll'
[09:17:55.928] [[1;36mDEBUG[0m] plugins: canonical ABI selected id='engine.input.compass'
[09:17:55.928] [[1;32mINFO [0m] plugins: load stage='module-create-done' id='engine.input.compass' path='C:/Users/Calista Verner/Documents/NorthStar/pluginsRuntime/compass-input-0.5.0-release.dll'
[09:17:55.928] [[1;36mDEBUG[0m] plugins: config defaults id='engine.input.compass' content_type='application/json' len=363 fmt_v=1 
[09:17:55.928] [[1;36mDEBUG[0m] plugins: config effective id='engine.input.compass' content_type='application/json' len=309 changed=true preview='{"keyboard":true,"mouse":true,"text":true,"gamepad":true,"device_mode":"hybrid","gamepad_backend":"xinput","gamepad_stick_deadzone":0.15,"gamepad_trigger_deadzone":0.05,"gamepad_button_threshold":0.5,...'
[09:17:55.928] [[1;32mINFO [0m] plugins: config info id='engine.input.compass' patch_applied patch applied: engine.input.compass:config+env
[09:17:55.929] [[1;33mWARN [0m] plugins: config warn id='engine.input.compass' unknown_key unknown top-level key: 'enabled'
[09:17:55.929] [[1;33mWARN [0m] plugins: config warn id='engine.input.compass' unknown_key unknown top-level key: 'host'
[09:17:55.930] [[1;32mINFO [0m] input: gamepad backend enabled (gilrs/xinput)
[09:17:55.930] [[1;32mINFO [0m] +-----------------------------------------------
[09:17:55.930] [[1;32mINFO [0m] | Input :: Effective Config [init]
[09:17:55.931] [[1;32mINFO [0m] +-----------------------------------------------
[09:17:55.931] [[1;32mINFO [0m] | - devices
[09:17:55.931] [[1;32mINFO [0m] |   keyboard         : true
[09:17:55.932] [[1;32mINFO [0m] |   mouse            : true
[09:17:55.932] [[1;32mINFO [0m] |   text             : true
[09:17:55.932] [[1;32mINFO [0m] |   gamepad          : true
[09:17:55.932] [[1;32mINFO [0m] |   device_mode      : Hybrid
[09:17:55.933] [[1;32mINFO [0m] |   gamepad_backend  : XInput
[09:17:55.933] [[1;32mINFO [0m] |   stick_deadzone   : 0.150
[09:17:55.933] [[1;32mINFO [0m] |   trigger_deadzone : 0.050
[09:17:55.933] [[1;32mINFO [0m] |   button_threshold : 0.500
[09:17:55.934] [[1;32mINFO [0m] |   reconnect_ms     : 2000
[09:17:55.934] [[1;32mINFO [0m] |
[09:17:55.934] [[1;32mINFO [0m] | - integration
[09:17:55.934] [[1;32mINFO [0m] |   register_service : true
[09:17:55.934] [[1;32mINFO [0m] |   subscribe_events : true
[09:17:55.934] [[1;32mINFO [0m] +-----------------------------------------------
[09:17:55.935] [[1;32mINFO [0m] input: subscribed to host.events.v1 topics (winit.*)
[09:17:55.935] [[1;36mDEBUG[0m] services: staged id='newengine.input.v1' owner='engine.input.compass' describe_len=3555
[09:17:55.935] [[1;36mDEBUG[0m] plugins: provider transaction committed id='engine.input.compass' services=1
[09:17:55.935] [[1;32mINFO [0m] plugins: loaded id='engine.input.compass' ver='0.5.0' origin='first-party-plugin' from 'C:/Users/Calista Verner/Documents/NorthStar/pluginsRuntime/compass-input-0.5.0-release.dll'
[09:17:55.936] [[1;36mDEBUG[0m] plugins: load timing id='engine.input.compass' total_ms=9 dlopen_ms=0 sym_ms=0 root_ms=0 module_create_ms=0 override_ms=0 init_ms=7 (cfg_defaults_ms=0 cfg_apply_ms=0 init_call_ms=5)
[09:17:55.936] [[1;32mINFO [0m] platform runtime bootstrap: overlay status='Loading engine plugins... (2/12)' detail='Loading plugin DLL 'compass-input-0.5.0-release.dll'.' progress=28%
[09:17:55.953] [[1;36mDEBUG[0m] plugins: optional discovery root skipped owner='project:physics_playground:plugins' origin='game-plugin' dir='C:\Users\Calista Verner\Documents\NorthStar\NewEngine\neocore2\..\..\Projects\PhysicsPlayground\plugins'
[09:17:55.953] [[1;32mINFO [0m] plugins: loading 'C:/Users/Calista Verner/Documents/NorthStar/pluginsRuntime/starProfiler-profiler-0.2.1-release.dll'
[09:17:55.953] [[1;32mINFO [0m] plugins: load stage='dlopen-begin' path='C:/Users/Calista Verner/Documents/NorthStar/pluginsRuntime/starProfiler-profiler-0.2.1-release.dll'
[09:17:55.954] [[1;32mINFO [0m] plugins: load stage='dlopen-done' path='C:/Users/Calista Verner/Documents/NorthStar/pluginsRuntime/starProfiler-profiler-0.2.1-release.dll'
[09:17:55.954] [[1;32mINFO [0m] plugins: load stage='root-symbol-begin' path='C:/Users/Calista Verner/Documents/NorthStar/pluginsRuntime/starProfiler-profiler-0.2.1-release.dll'
[09:17:55.954] [[1;32mINFO [0m] plugins: load stage='root-symbol-done' path='C:/Users/Calista Verner/Documents/NorthStar/pluginsRuntime/starProfiler-profiler-0.2.1-release.dll'
[09:17:55.954] [[1;32mINFO [0m] plugins: load stage='root-call-begin' path='C:/Users/Calista Verner/Documents/NorthStar/pluginsRuntime/starProfiler-profiler-0.2.1-release.dll'
[09:17:55.955] [[1;32mINFO [0m] plugins: load stage='root-call-done' path='C:/Users/Calista Verner/Documents/NorthStar/pluginsRuntime/starProfiler-profiler-0.2.1-release.dll'
[09:17:55.955] [[1;32mINFO [0m] plugins: load stage='ui-assets-done' path='C:/Users/Calista Verner/Documents/NorthStar/pluginsRuntime/starProfiler-profiler-0.2.1-release.dll'
[09:17:55.955] [[1;32mINFO [0m] plugins: load stage='module-create-begin' path='C:/Users/Calista Verner/Documents/NorthStar/pluginsRuntime/starProfiler-profiler-0.2.1-release.dll'
[09:17:55.955] [[1;36mDEBUG[0m] plugins: canonical ABI selected id='engine.profiler.starprofiler'
[09:17:55.955] [[1;32mINFO [0m] plugins: load stage='module-create-done' id='engine.profiler.starprofiler' path='C:/Users/Calista Verner/Documents/NorthStar/pluginsRuntime/starProfiler-profiler-0.2.1-release.dll'
[09:17:55.956] [[1;36mDEBUG[0m] plugins: config defaults id='engine.profiler.starprofiler' content_type='application/json' len=1817 fmt_v=1 
[09:17:55.956] [[1;36mDEBUG[0m] plugins: config effective id='engine.profiler.starprofiler' content_type='application/json' len=1817 changed=false preview='{
  "budgets": {
    "custom_job_ms": 16.67,
    "plugin_lifecycle_ms": 16.67,
    "service_call_ms": 8.0,
    "task_status_ms": 16.67
  },
  "capture": {
    "custom_events": true,
    "plugin_lifecy...'
[09:17:55.957] [[1;36mDEBUG[0m] services: staged id='profiler.api' owner='engine.profiler.starprofiler' describe_len=2977
[09:17:55.957] [[1;32mINFO [0m] profiler: registered service='profiler.api' gateway='engine.profiler' report_dir='cache/profiler' diagnostics='detailed-status' flush_mode='engine_jobs' jobs_required=true
[09:17:55.957] [[1;36mDEBUG[0m] plugins: provider transaction committed id='engine.profiler.starprofiler' services=1
[09:17:55.957] [[1;32mINFO [0m] plugins: loaded id='engine.profiler.starprofiler' ver='0.2.1' origin='first-party-plugin' from 'C:/Users/Calista Verner/Documents/NorthStar/pluginsRuntime/starProfiler-profiler-0.2.1-release.dll'
[09:17:55.958] [[1;36mDEBUG[0m] plugins: load timing id='engine.profiler.starprofiler' total_ms=4 dlopen_ms=0 sym_ms=0 root_ms=0 module_create_ms=0 override_ms=0 init_ms=1 (cfg_defaults_ms=0 cfg_apply_ms=0 init_call_ms=0)
[09:17:55.958] [[1;32mINFO [0m] platform runtime bootstrap: overlay status='Loading engine plugins... (3/12)' detail='Loading plugin DLL 'starProfiler-profiler-0.2.1-release.dll'.' progress=30%
[09:17:55.974] [[1;36mDEBUG[0m] plugins: optional discovery root skipped owner='project:physics_playground:plugins' origin='game-plugin' dir='C:\Users\Calista Verner\Documents\NorthStar\NewEngine\neocore2\..\..\Projects\PhysicsPlayground\plugins'
[09:17:55.975] [[1;32mINFO [0m] plugins: loading 'C:/Users/Calista Verner/Documents/NorthStar/pluginsRuntime/typeScriptScriptEngine-0.4.1-release.dll'
[09:17:55.975] [[1;32mINFO [0m] plugins: load stage='dlopen-begin' path='C:/Users/Calista Verner/Documents/NorthStar/pluginsRuntime/typeScriptScriptEngine-0.4.1-release.dll'
[09:17:55.976] [[1;32mINFO [0m] plugins: load stage='dlopen-done' path='C:/Users/Calista Verner/Documents/NorthStar/pluginsRuntime/typeScriptScriptEngine-0.4.1-release.dll'
[09:17:55.977] [[1;32mINFO [0m] plugins: load stage='root-symbol-begin' path='C:/Users/Calista Verner/Documents/NorthStar/pluginsRuntime/typeScriptScriptEngine-0.4.1-release.dll'
[09:17:55.977] [[1;32mINFO [0m] plugins: load stage='root-symbol-done' path='C:/Users/Calista Verner/Documents/NorthStar/pluginsRuntime/typeScriptScriptEngine-0.4.1-release.dll'
[09:17:55.977] [[1;32mINFO [0m] plugins: load stage='root-call-begin' path='C:/Users/Calista Verner/Documents/NorthStar/pluginsRuntime/typeScriptScriptEngine-0.4.1-release.dll'
[09:17:55.977] [[1;32mINFO [0m] plugins: load stage='root-call-done' path='C:/Users/Calista Verner/Documents/NorthStar/pluginsRuntime/typeScriptScriptEngine-0.4.1-release.dll'
[09:17:55.977] [[1;32mINFO [0m] plugins: load stage='ui-assets-done' path='C:/Users/Calista Verner/Documents/NorthStar/pluginsRuntime/typeScriptScriptEngine-0.4.1-release.dll'
[09:17:55.978] [[1;32mINFO [0m] plugins: load stage='module-create-begin' path='C:/Users/Calista Verner/Documents/NorthStar/pluginsRuntime/typeScriptScriptEngine-0.4.1-release.dll'
[09:17:55.978] [[1;36mDEBUG[0m] plugins: canonical ABI selected id='engine.scripting.typescript'
[09:17:55.978] [[1;32mINFO [0m] plugins: load stage='module-create-done' id='engine.scripting.typescript' path='C:/Users/Calista Verner/Documents/NorthStar/pluginsRuntime/typeScriptScriptEngine-0.4.1-release.dll'
[09:17:55.978] [[1;36mDEBUG[0m] plugins: config defaults id='engine.scripting.typescript' content_type='application/json' len=16 fmt_v=1 
[09:17:55.978] [[1;36mDEBUG[0m] plugins: config effective id='engine.scripting.typescript' content_type='application/json' len=16 changed=false preview='{"enabled":true}'
[09:17:55.980] [[1;36mDEBUG[0m] services: staged id='scripting.typescript.api' owner='engine.scripting.typescript' describe_len=940
[09:17:55.981] [[1;32mINFO [0m] typescript scripting: provider initialized route='engine.scripting.typescript' source='TypeScript .ysc' transpiler='oxc' runtime='V8' imports='capability-scoped-only-disabled' lifecycle='explicit'
[09:17:55.981] [[1;36mDEBUG[0m] plugins: provider transaction committed id='engine.scripting.typescript' services=1
[09:17:55.981] [[1;32mINFO [0m] plugins: loaded id='engine.scripting.typescript' ver='0.4.1' origin='first-party-plugin' from 'C:/Users/Calista Verner/Documents/NorthStar/pluginsRuntime/typeScriptScriptEngine-0.4.1-release.dll'
[09:17:55.981] [[1;36mDEBUG[0m] plugins: load timing id='engine.scripting.typescript' total_ms=6 dlopen_ms=1 sym_ms=0 root_ms=0 module_create_ms=0 override_ms=0 init_ms=2 (cfg_defaults_ms=0 cfg_apply_ms=0 init_call_ms=2)
[09:17:55.982] [[1;32mINFO [0m] platform runtime bootstrap: overlay status='Loading engine plugins... (4/12)' detail='Loading plugin DLL 'typeScriptScriptEngine-0.4.1-release.dll'.' progress=33%
[09:17:55.993] [[1;36mDEBUG[0m] plugins: optional discovery root skipped owner='project:physics_playground:plugins' origin='game-plugin' dir='C:\Users\Calista Verner\Documents\NorthStar\NewEngine\neocore2\..\..\Projects\PhysicsPlayground\plugins'
[09:17:55.993] [[1;32mINFO [0m] plugins: loading 'C:/Users/Calista Verner/Documents/NorthStar/pluginsRuntime/constellation-ecs-0.1.5-release.dll'
[09:17:55.993] [[1;32mINFO [0m] plugins: load stage='dlopen-begin' path='C:/Users/Calista Verner/Documents/NorthStar/pluginsRuntime/constellation-ecs-0.1.5-release.dll'
[09:17:55.994] [[1;32mINFO [0m] plugins: load stage='dlopen-done' path='C:/Users/Calista Verner/Documents/NorthStar/pluginsRuntime/constellation-ecs-0.1.5-release.dll'
[09:17:55.994] [[1;32mINFO [0m] plugins: load stage='root-symbol-begin' path='C:/Users/Calista Verner/Documents/NorthStar/pluginsRuntime/constellation-ecs-0.1.5-release.dll'
[09:17:55.994] [[1;32mINFO [0m] plugins: load stage='root-symbol-done' path='C:/Users/Calista Verner/Documents/NorthStar/pluginsRuntime/constellation-ecs-0.1.5-release.dll'
[09:17:55.994] [[1;32mINFO [0m] plugins: load stage='root-call-begin' path='C:/Users/Calista Verner/Documents/NorthStar/pluginsRuntime/constellation-ecs-0.1.5-release.dll'
[09:17:55.995] [[1;32mINFO [0m] plugins: load stage='root-call-done' path='C:/Users/Calista Verner/Documents/NorthStar/pluginsRuntime/constellation-ecs-0.1.5-release.dll'
[09:17:55.995] [[1;32mINFO [0m] plugins: load stage='ui-assets-done' path='C:/Users/Calista Verner/Documents/NorthStar/pluginsRuntime/constellation-ecs-0.1.5-release.dll'
[09:17:55.995] [[1;32mINFO [0m] plugins: load stage='module-create-begin' path='C:/Users/Calista Verner/Documents/NorthStar/pluginsRuntime/constellation-ecs-0.1.5-release.dll'
[09:17:55.995] [[1;36mDEBUG[0m] plugins: canonical ABI selected id='engine.ecs.constellation'
[09:17:55.995] [[1;32mINFO [0m] plugins: load stage='module-create-done' id='engine.ecs.constellation' path='C:/Users/Calista Verner/Documents/NorthStar/pluginsRuntime/constellation-ecs-0.1.5-release.dll'
[09:17:55.996] [[1;36mDEBUG[0m] plugins: config defaults id='engine.ecs.constellation' content_type='application/json' len=174 fmt_v=1 
[09:17:55.996] [[1;36mDEBUG[0m] plugins: config effective id='engine.ecs.constellation' content_type='application/json' len=174 changed=true preview='{
  "debug_text": "North Star | Constellation ECS/entity authority backend",
  "initial_entity_capacity": 4096,
  "minimal_world": true,
  "progress_on_advance_tick": false
}'
[09:17:55.997] [[1;36mDEBUG[0m] services: staged id='ecs.api' owner='engine.ecs.constellation' describe_len=686
[09:17:55.997] [[1;36mDEBUG[0m] services: staged id='entity.api' owner='engine.ecs.constellation' describe_len=764
[09:17:55.997] [[1;36mDEBUG[0m] services: staged id='scene.api' owner='engine.ecs.constellation' describe_len=771
[09:17:55.997] [[1;36mDEBUG[0m] plugins: provider transaction committed id='engine.ecs.constellation' services=3
[09:17:55.997] [[1;32mINFO [0m] plugins: loaded id='engine.ecs.constellation' ver='0.1.5' origin='first-party-plugin' from 'C:/Users/Calista Verner/Documents/NorthStar/pluginsRuntime/constellation-ecs-0.1.5-release.dll'
[09:17:55.998] [[1;36mDEBUG[0m] plugins: load timing id='engine.ecs.constellation' total_ms=4 dlopen_ms=0 sym_ms=0 root_ms=0 module_create_ms=0 override_ms=0 init_ms=1 (cfg_defaults_ms=0 cfg_apply_ms=0 init_call_ms=0)
[09:17:55.998] [[1;32mINFO [0m] platform runtime bootstrap: overlay status='Loading engine plugins... (5/12)' detail='Loading plugin DLL 'constellation-ecs-0.1.5-release.dll'.' progress=36%
[09:17:56.014] [[1;36mDEBUG[0m] plugins: optional discovery root skipped owner='project:physics_playground:plugins' origin='game-plugin' dir='C:\Users\Calista Verner\Documents\NorthStar\NewEngine\neocore2\..\..\Projects\PhysicsPlayground\plugins'
[09:17:56.015] [[1;32mINFO [0m] plugins: loading 'C:/Users/Calista Verner/Documents/NorthStar/pluginsRuntime/editing-tools-0.3.0-release.dll'
[09:17:56.015] [[1;32mINFO [0m] plugins: load stage='dlopen-begin' path='C:/Users/Calista Verner/Documents/NorthStar/pluginsRuntime/editing-tools-0.3.0-release.dll'
[09:17:56.015] [[1;32mINFO [0m] plugins: load stage='dlopen-done' path='C:/Users/Calista Verner/Documents/NorthStar/pluginsRuntime/editing-tools-0.3.0-release.dll'
[09:17:56.015] [[1;32mINFO [0m] plugins: load stage='root-symbol-begin' path='C:/Users/Calista Verner/Documents/NorthStar/pluginsRuntime/editing-tools-0.3.0-release.dll'
[09:17:56.016] [[1;32mINFO [0m] plugins: load stage='root-symbol-done' path='C:/Users/Calista Verner/Documents/NorthStar/pluginsRuntime/editing-tools-0.3.0-release.dll'
[09:17:56.016] [[1;32mINFO [0m] plugins: load stage='root-call-begin' path='C:/Users/Calista Verner/Documents/NorthStar/pluginsRuntime/editing-tools-0.3.0-release.dll'
[09:17:56.016] [[1;32mINFO [0m] plugins: load stage='root-call-done' path='C:/Users/Calista Verner/Documents/NorthStar/pluginsRuntime/editing-tools-0.3.0-release.dll'
[09:17:56.016] [[1;32mINFO [0m] plugins: load stage='ui-assets-done' path='C:/Users/Calista Verner/Documents/NorthStar/pluginsRuntime/editing-tools-0.3.0-release.dll'
[09:17:56.017] [[1;32mINFO [0m] plugins: load stage='module-create-begin' path='C:/Users/Calista Verner/Documents/NorthStar/pluginsRuntime/editing-tools-0.3.0-release.dll'
[09:17:56.017] [[1;36mDEBUG[0m] plugins: canonical ABI selected id='newengine.editing.tools'
[09:17:56.017] [[1;32mINFO [0m] plugins: load stage='module-create-done' id='newengine.editing.tools' path='C:/Users/Calista Verner/Documents/NorthStar/pluginsRuntime/editing-tools-0.3.0-release.dll'
[09:17:56.017] [[1;36mDEBUG[0m] plugins: config defaults id='newengine.editing.tools' content_type='application/json' len=2 fmt_v=1 
[09:17:56.017] [[1;36mDEBUG[0m] plugins: config effective id='newengine.editing.tools' content_type='application/json' len=2 changed=false preview='{}'
[09:17:56.018] [[1;36mDEBUG[0m] plugins: provider transaction committed id='newengine.editing.tools' services=0
[09:17:56.018] [[1;32mINFO [0m] plugins: loaded id='newengine.editing.tools' ver='0.3.0' origin='first-party-plugin' from 'C:/Users/Calista Verner/Documents/NorthStar/pluginsRuntime/editing-tools-0.3.0-release.dll'
[09:17:56.018] [[1;36mDEBUG[0m] plugins: load timing id='newengine.editing.tools' total_ms=2 dlopen_ms=0 sym_ms=0 root_ms=0 module_create_ms=0 override_ms=0 init_ms=0 (cfg_defaults_ms=0 cfg_apply_ms=0 init_call_ms=0)
[09:17:56.018] [[1;32mINFO [0m] platform runtime bootstrap: overlay status='Loading engine plugins... (6/12)' detail='Loading plugin DLL 'editing-tools-0.3.0-release.dll'.' progress=39%
[09:17:56.035] [[1;36mDEBUG[0m] plugins: optional discovery root skipped owner='project:physics_playground:plugins' origin='game-plugin' dir='C:\Users\Calista Verner\Documents\NorthStar\NewEngine\neocore2\..\..\Projects\PhysicsPlayground\plugins'
[09:17:56.035] [[1;32mINFO [0m] plugins: loading 'C:/Users/Calista Verner/Documents/NorthStar/pluginsRuntime/egui-ui-0.3.0-release.dll'
[09:17:56.035] [[1;32mINFO [0m] plugins: load stage='dlopen-begin' path='C:/Users/Calista Verner/Documents/NorthStar/pluginsRuntime/egui-ui-0.3.0-release.dll'
[09:17:56.036] [[1;32mINFO [0m] plugins: load stage='dlopen-done' path='C:/Users/Calista Verner/Documents/NorthStar/pluginsRuntime/egui-ui-0.3.0-release.dll'
[09:17:56.036] [[1;32mINFO [0m] plugins: load stage='root-symbol-begin' path='C:/Users/Calista Verner/Documents/NorthStar/pluginsRuntime/egui-ui-0.3.0-release.dll'
[09:17:56.036] [[1;32mINFO [0m] plugins: load stage='root-symbol-done' path='C:/Users/Calista Verner/Documents/NorthStar/pluginsRuntime/egui-ui-0.3.0-release.dll'
[09:17:56.037] [[1;32mINFO [0m] plugins: load stage='root-call-begin' path='C:/Users/Calista Verner/Documents/NorthStar/pluginsRuntime/egui-ui-0.3.0-release.dll'
[09:17:56.037] [[1;32mINFO [0m] plugins: load stage='root-call-done' path='C:/Users/Calista Verner/Documents/NorthStar/pluginsRuntime/egui-ui-0.3.0-release.dll'
[09:17:56.037] [[1;32mINFO [0m] plugins: load stage='ui-assets-done' path='C:/Users/Calista Verner/Documents/NorthStar/pluginsRuntime/egui-ui-0.3.0-release.dll'
[09:17:56.037] [[1;32mINFO [0m] plugins: load stage='module-create-begin' path='C:/Users/Calista Verner/Documents/NorthStar/pluginsRuntime/egui-ui-0.3.0-release.dll'
[09:17:56.037] [[1;36mDEBUG[0m] plugins: canonical ABI selected id='engine.ui.egui'
[09:17:56.037] [[1;32mINFO [0m] plugins: load stage='module-create-done' id='engine.ui.egui' path='C:/Users/Calista Verner/Documents/NorthStar/pluginsRuntime/egui-ui-0.3.0-release.dll'
[09:17:56.038] [[1;36mDEBUG[0m] plugins: config defaults id='engine.ui.egui' content_type='application/json' len=44 fmt_v=1 
[09:17:56.038] [[1;36mDEBUG[0m] plugins: config effective id='engine.ui.egui' content_type='application/json' len=44 changed=false preview='{"theme":"northstar.default","ui_scale":1.0}'
[09:17:56.038] [[1;36mDEBUG[0m] services: staged id='egui.ui.api' owner='engine.ui.egui' describe_len=2622
[09:17:56.038] [[1;32mINFO [0m] egui ui provider: service registered as egui.ui.api for engine.ui gateway (egui) egui=0.36
[09:17:56.039] [[1;36mDEBUG[0m] plugins: provider transaction committed id='engine.ui.egui' services=1
[09:17:56.039] [[1;32mINFO [0m] plugins: loaded id='engine.ui.egui' ver='0.3.0' origin='first-party-plugin' from 'C:/Users/Calista Verner/Documents/NorthStar/pluginsRuntime/egui-ui-0.3.0-release.dll'
[09:17:56.039] [[1;36mDEBUG[0m] plugins: load timing id='engine.ui.egui' total_ms=3 dlopen_ms=0 sym_ms=0 root_ms=0 module_create_ms=0 override_ms=0 init_ms=1 (cfg_defaults_ms=0 cfg_apply_ms=0 init_call_ms=0)
[09:17:56.040] [[1;32mINFO [0m] platform runtime bootstrap: overlay status='Loading engine plugins... (7/12)' detail='Loading plugin DLL 'egui-ui-0.3.0-release.dll'.' progress=42%
[09:17:56.056] [[1;36mDEBUG[0m] plugins: optional discovery root skipped owner='project:physics_playground:plugins' origin='game-plugin' dir='C:\Users\Calista Verner\Documents\NorthStar\NewEngine\neocore2\..\..\Projects\PhysicsPlayground\plugins'
[09:17:56.056] [[1;32mINFO [0m] plugins: loading 'C:/Users/Calista Verner/Documents/NorthStar/pluginsRuntime/fps-game-0.1.1-release.dll'
[09:17:56.057] [[1;32mINFO [0m] plugins: load stage='dlopen-begin' path='C:/Users/Calista Verner/Documents/NorthStar/pluginsRuntime/fps-game-0.1.1-release.dll'
[09:17:56.057] [[1;32mINFO [0m] plugins: load stage='dlopen-done' path='C:/Users/Calista Verner/Documents/NorthStar/pluginsRuntime/fps-game-0.1.1-release.dll'
[09:17:56.057] [[1;32mINFO [0m] plugins: load stage='root-symbol-begin' path='C:/Users/Calista Verner/Documents/NorthStar/pluginsRuntime/fps-game-0.1.1-release.dll'
[09:17:56.057] [[1;32mINFO [0m] plugins: load stage='root-symbol-done' path='C:/Users/Calista Verner/Documents/NorthStar/pluginsRuntime/fps-game-0.1.1-release.dll'
[09:17:56.057] [[1;32mINFO [0m] plugins: load stage='root-call-begin' path='C:/Users/Calista Verner/Documents/NorthStar/pluginsRuntime/fps-game-0.1.1-release.dll'
[09:17:56.057] [[1;32mINFO [0m] plugins: load stage='root-call-done' path='C:/Users/Calista Verner/Documents/NorthStar/pluginsRuntime/fps-game-0.1.1-release.dll'
[09:17:56.058] [[1;32mINFO [0m] plugins: load stage='ui-assets-done' path='C:/Users/Calista Verner/Documents/NorthStar/pluginsRuntime/fps-game-0.1.1-release.dll'
[09:17:56.058] [[1;32mINFO [0m] plugins: load stage='module-create-begin' path='C:/Users/Calista Verner/Documents/NorthStar/pluginsRuntime/fps-game-0.1.1-release.dll'
[09:17:56.058] [[1;36mDEBUG[0m] plugins: canonical ABI selected id='newengine.game-module.fps'
[09:17:56.058] [[1;32mINFO [0m] plugins: load stage='module-create-done' id='newengine.game-module.fps' path='C:/Users/Calista Verner/Documents/NorthStar/pluginsRuntime/fps-game-0.1.1-release.dll'
[09:17:56.058] [[1;36mDEBUG[0m] plugins: config defaults id='newengine.game-module.fps' content_type='application/json' len=2 fmt_v=1 
[09:17:56.058] [[1;36mDEBUG[0m] plugins: config effective id='newengine.game-module.fps' content_type='application/json' len=2 changed=false preview='{}'
[09:17:56.058] [[1;36mDEBUG[0m] services: staged id='engine.game.module' owner='newengine.game-module.fps' describe_len=203
[09:17:56.059] [[1;36mDEBUG[0m] plugins: provider transaction committed id='newengine.game-module.fps' services=1
[09:17:56.059] [[1;32mINFO [0m] plugins: loaded id='newengine.game-module.fps' ver='0.1.1' origin='first-party-plugin' from 'C:/Users/Calista Verner/Documents/NorthStar/pluginsRuntime/fps-game-0.1.1-release.dll'
[09:17:56.059] [[1;36mDEBUG[0m] plugins: load timing id='newengine.game-module.fps' total_ms=2 dlopen_ms=0 sym_ms=0 root_ms=0 module_create_ms=0 override_ms=0 init_ms=0 (cfg_defaults_ms=0 cfg_apply_ms=0 init_call_ms=0)
[09:17:56.059] [[1;32mINFO [0m] platform runtime bootstrap: overlay status='Loading engine plugins... (8/12)' detail='Loading plugin DLL 'fps-game-0.1.1-release.dll'.' progress=45%
[09:17:56.076] [[1;36mDEBUG[0m] plugins: optional discovery root skipped owner='project:physics_playground:plugins' origin='game-plugin' dir='C:\Users\Calista Verner\Documents\NorthStar\NewEngine\neocore2\..\..\Projects\PhysicsPlayground\plugins'
[09:17:56.076] [[1;32mINFO [0m] plugins: loading 'C:/Users/Calista Verner/Documents/NorthStar/pluginsRuntime/gravitas-physics-0.3.2-release.dll'
[09:17:56.077] [[1;32mINFO [0m] plugins: load stage='dlopen-begin' path='C:/Users/Calista Verner/Documents/NorthStar/pluginsRuntime/gravitas-physics-0.3.2-release.dll'
[09:17:56.078] [[1;32mINFO [0m] plugins: load stage='dlopen-done' path='C:/Users/Calista Verner/Documents/NorthStar/pluginsRuntime/gravitas-physics-0.3.2-release.dll'
[09:17:56.078] [[1;32mINFO [0m] plugins: load stage='root-symbol-begin' path='C:/Users/Calista Verner/Documents/NorthStar/pluginsRuntime/gravitas-physics-0.3.2-release.dll'
[09:17:56.078] [[1;32mINFO [0m] plugins: load stage='root-symbol-done' path='C:/Users/Calista Verner/Documents/NorthStar/pluginsRuntime/gravitas-physics-0.3.2-release.dll'
[09:17:56.078] [[1;32mINFO [0m] plugins: load stage='root-call-begin' path='C:/Users/Calista Verner/Documents/NorthStar/pluginsRuntime/gravitas-physics-0.3.2-release.dll'
[09:17:56.079] [[1;32mINFO [0m] plugins: load stage='root-call-done' path='C:/Users/Calista Verner/Documents/NorthStar/pluginsRuntime/gravitas-physics-0.3.2-release.dll'
[09:17:56.079] [[1;32mINFO [0m] plugins: load stage='ui-assets-done' path='C:/Users/Calista Verner/Documents/NorthStar/pluginsRuntime/gravitas-physics-0.3.2-release.dll'
[09:17:56.079] [[1;32mINFO [0m] plugins: load stage='module-create-begin' path='C:/Users/Calista Verner/Documents/NorthStar/pluginsRuntime/gravitas-physics-0.3.2-release.dll'
[09:17:56.079] [[1;36mDEBUG[0m] plugins: canonical ABI selected id='engine.physics.gravitas'
[09:17:56.079] [[1;32mINFO [0m] plugins: load stage='module-create-done' id='engine.physics.gravitas' path='C:/Users/Calista Verner/Documents/NorthStar/pluginsRuntime/gravitas-physics-0.3.2-release.dll'
[09:17:56.079] [[1;36mDEBUG[0m] plugins: config defaults id='engine.physics.gravitas' content_type='application/json' len=204 fmt_v=1 
[09:17:56.080] [[1;36mDEBUG[0m] plugins: config effective id='engine.physics.gravitas' content_type='application/json' len=204 changed=true preview='{"debug_text":"North Star | Gravitas Physics","job_system_max_barriers":2048,"job_system_max_jobs":2048,"max_bodies":16384,"max_body_pairs":1048576,"max_contact_constraints":131072,"temp_allocator_mb"...'
[09:17:56.080] [[1;36mDEBUG[0m] services: staged id='physics.api' owner='engine.physics.gravitas' describe_len=449
[09:17:56.080] [[1;36mDEBUG[0m] plugins: provider transaction committed id='engine.physics.gravitas' services=1
[09:17:56.080] [[1;32mINFO [0m] plugins: loaded id='engine.physics.gravitas' ver='0.3.2' origin='first-party-plugin' from 'C:/Users/Calista Verner/Documents/NorthStar/pluginsRuntime/gravitas-physics-0.3.2-release.dll'
[09:17:56.080] [[1;36mDEBUG[0m] plugins: load timing id='engine.physics.gravitas' total_ms=3 dlopen_ms=1 sym_ms=0 root_ms=0 module_create_ms=0 override_ms=0 init_ms=0 (cfg_defaults_ms=0 cfg_apply_ms=0 init_call_ms=0)
[09:17:56.081] [[1;32mINFO [0m] platform runtime bootstrap: overlay status='Loading engine plugins... (9/12)' detail='Loading plugin DLL 'gravitas-physics-0.3.2-release.dll'.' progress=48%
[09:17:56.097] [[1;36mDEBUG[0m] plugins: optional discovery root skipped owner='project:physics_playground:plugins' origin='game-plugin' dir='C:\Users\Calista Verner\Documents\NorthStar\NewEngine\neocore2\..\..\Projects\PhysicsPlayground\plugins'
[09:17:56.098] [[1;32mINFO [0m] plugins: loading 'C:/Users/Calista Verner/Documents/NorthStar/pluginsRuntime/native-audio-0.9.1-release.dll'
[09:17:56.098] [[1;32mINFO [0m] plugins: load stage='dlopen-begin' path='C:/Users/Calista Verner/Documents/NorthStar/pluginsRuntime/native-audio-0.9.1-release.dll'
[09:17:56.098] [[1;32mINFO [0m] plugins: load stage='dlopen-done' path='C:/Users/Calista Verner/Documents/NorthStar/pluginsRuntime/native-audio-0.9.1-release.dll'
[09:17:56.099] [[1;32mINFO [0m] plugins: load stage='root-symbol-begin' path='C:/Users/Calista Verner/Documents/NorthStar/pluginsRuntime/native-audio-0.9.1-release.dll'
[09:17:56.099] [[1;32mINFO [0m] plugins: load stage='root-symbol-done' path='C:/Users/Calista Verner/Documents/NorthStar/pluginsRuntime/native-audio-0.9.1-release.dll'
[09:17:56.099] [[1;32mINFO [0m] plugins: load stage='root-call-begin' path='C:/Users/Calista Verner/Documents/NorthStar/pluginsRuntime/native-audio-0.9.1-release.dll'
[09:17:56.100] [[1;32mINFO [0m] plugins: load stage='root-call-done' path='C:/Users/Calista Verner/Documents/NorthStar/pluginsRuntime/native-audio-0.9.1-release.dll'
[09:17:56.100] [[1;32mINFO [0m] plugins: load stage='ui-assets-done' path='C:/Users/Calista Verner/Documents/NorthStar/pluginsRuntime/native-audio-0.9.1-release.dll'
[09:17:56.100] [[1;32mINFO [0m] plugins: load stage='module-create-begin' path='C:/Users/Calista Verner/Documents/NorthStar/pluginsRuntime/native-audio-0.9.1-release.dll'
[09:17:56.100] [[1;36mDEBUG[0m] plugins: canonical ABI selected id='engine.audio.native'
[09:17:56.100] [[1;32mINFO [0m] plugins: load stage='module-create-done' id='engine.audio.native' path='C:/Users/Calista Verner/Documents/NorthStar/pluginsRuntime/native-audio-0.9.1-release.dll'
[09:17:56.101] [[1;36mDEBUG[0m] plugins: config defaults id='engine.audio.native' content_type='application/json' len=2 fmt_v=1 
[09:17:56.101] [[1;36mDEBUG[0m] plugins: config effective id='engine.audio.native' content_type='application/json' len=2 changed=false preview='{}'
[09:17:56.101] [[1;32mINFO [0m] native audio provider: init step='service-factory-begin' device_init='lazy'
[09:17:56.101] [[1;32mINFO [0m] native audio provider: init step='service-factory-ready' device_init='lazy'
[09:17:56.101] [[1;36mDEBUG[0m] services: staged id='audio.api' owner='engine.audio.native' describe_len=1519
[09:17:56.102] [[1;32mINFO [0m] native audio provider: service 'audio.api' registered for gateway 'engine.audio' route='engine.audio.native' device_init='async'
[09:17:56.102] [[1;36mDEBUG[0m] plugins: provider transaction committed id='engine.audio.native' services=1
[09:17:56.102] [[1;32mINFO [0m] plugins: loaded id='engine.audio.native' ver='0.9.1' origin='first-party-plugin' from 'C:/Users/Calista Verner/Documents/NorthStar/pluginsRuntime/native-audio-0.9.1-release.dll'
[09:17:56.102] [[1;36mDEBUG[0m] plugins: load timing id='engine.audio.native' total_ms=4 dlopen_ms=0 sym_ms=0 root_ms=0 module_create_ms=0 override_ms=0 init_ms=1 (cfg_defaults_ms=0 cfg_apply_ms=0 init_call_ms=0)
[09:17:56.103] [[1;32mINFO [0m] platform runtime bootstrap: overlay status='Loading engine plugins... (10/12)' detail='Loading plugin DLL 'native-audio-0.9.1-release.dll'.' progress=50%
[09:17:56.119] [[1;36mDEBUG[0m] plugins: optional discovery root skipped owner='project:physics_playground:plugins' origin='game-plugin' dir='C:\Users\Calista Verner\Documents\NorthStar\NewEngine\neocore2\..\..\Projects\PhysicsPlayground\plugins'
[09:17:56.119] [[1;32mINFO [0m] plugins: loading 'C:/Users/Calista Verner/Documents/NorthStar/pluginsRuntime/starVault-assetManager-3.8.0-release.dll'
[09:17:56.120] [[1;32mINFO [0m] plugins: load stage='dlopen-begin' path='C:/Users/Calista Verner/Documents/NorthStar/pluginsRuntime/starVault-assetManager-3.8.0-release.dll'
[09:17:56.120] [[1;32mINFO [0m] plugins: load stage='dlopen-done' path='C:/Users/Calista Verner/Documents/NorthStar/pluginsRuntime/starVault-assetManager-3.8.0-release.dll'
[09:17:56.120] [[1;32mINFO [0m] plugins: load stage='root-symbol-begin' path='C:/Users/Calista Verner/Documents/NorthStar/pluginsRuntime/starVault-assetManager-3.8.0-release.dll'
[09:17:56.121] [[1;32mINFO [0m] plugins: load stage='root-symbol-done' path='C:/Users/Calista Verner/Documents/NorthStar/pluginsRuntime/starVault-assetManager-3.8.0-release.dll'
[09:17:56.121] [[1;32mINFO [0m] plugins: load stage='root-call-begin' path='C:/Users/Calista Verner/Documents/NorthStar/pluginsRuntime/starVault-assetManager-3.8.0-release.dll'
[09:17:56.121] [[1;32mINFO [0m] plugins: load stage='root-call-done' path='C:/Users/Calista Verner/Documents/NorthStar/pluginsRuntime/starVault-assetManager-3.8.0-release.dll'
[09:17:56.121] [[1;32mINFO [0m] plugins: load stage='ui-assets-done' path='C:/Users/Calista Verner/Documents/NorthStar/pluginsRuntime/starVault-assetManager-3.8.0-release.dll'
[09:17:56.122] [[1;32mINFO [0m] plugins: load stage='module-create-begin' path='C:/Users/Calista Verner/Documents/NorthStar/pluginsRuntime/starVault-assetManager-3.8.0-release.dll'
[09:17:56.122] [[1;36mDEBUG[0m] plugins: canonical ABI selected id='engine.assets.starvault'
[09:17:56.122] [[1;32mINFO [0m] plugins: load stage='module-create-done' id='engine.assets.starvault' path='C:/Users/Calista Verner/Documents/NorthStar/pluginsRuntime/starVault-assetManager-3.8.0-release.dll'
[09:17:56.122] [[1;36mDEBUG[0m] plugins: config defaults id='engine.assets.starvault' content_type='application/json' len=1374 fmt_v=1 
[09:17:56.123] [[1;36mDEBUG[0m] plugins: config effective id='engine.assets.starvault' content_type='application/json' len=1090 changed=true changed_keys=[layers[0].path, layers[1].dir, layers[2].path, layers[3].dir] preview='{"codecs_dir":"codecs","container_scan":{"extensions":["nepak"],"follow_symlinks":false,"max_depth":64,"recursive":true,"rescan_interval_ms":0},"formats_dir":"formats","layers":[{"dir":null,"mount":"s...'
[09:17:56.123] [[1;33mWARN [0m] plugins: config warn id='engine.assets.starvault' unknown_key unknown top-level key: 'enabled'
[09:17:56.123] [[1;33mWARN [0m] plugins: config warn id='engine.assets.starvault' unknown_key unknown top-level key: 'host'
[09:17:56.123] [[1;32mINFO [0m] assets: init: received config content_type='application/json' len=1090 preview='{"codecs_dir":"codecs","container_scan":{"extensions":["nepak"],"follow_symlinks":false,"max_depth":64,"recursive":true,"rescan_interval_ms":0},"formats_dir":"formats","layers":[{"dir":null,"mount":"s...'
[09:17:56.124] [[1;32mINFO [0m] +-----------------------------------------------
[09:17:56.124] [[1;32mINFO [0m] | AssetManager :: Effective Config [config applied]
[09:17:56.124] [[1;32mINFO [0m] | - codecs
[09:17:56.124] [[1;32mINFO [0m] |   codecs_dir         : codecs
[09:17:56.125] [[1;32mINFO [0m] |   codecs_root        : C:/Users/Calista Verner/Documents/NorthStar/pluginsRuntime/codecs
[09:17:56.125] [[1;32mINFO [0m] |   formats_dir        : formats
[09:17:56.125] [[1;32mINFO [0m] |   formats_root       : C:/Users/Calista Verner/Documents/NorthStar/pluginsRuntime/formats
[09:17:56.125] [[1;32mINFO [0m] |
[09:17:56.125] [[1;32mINFO [0m] | - runtime
[09:17:56.126] [[1;32mINFO [0m] |   pump_steps         : 16
[09:17:56.126] [[1;32mINFO [0m] |   mounted_containers : 0
[09:17:56.126] [[1;32mINFO [0m] |
[09:17:56.126] [[1;32mINFO [0m] | - container_scan
[09:17:56.126] [[1;32mINFO [0m] |   recursive          : true
[09:17:56.126] [[1;32mINFO [0m] |   rescan_interval_ms : 0
[09:17:56.127] [[1;32mINFO [0m] |   follow_symlinks    : false
[09:17:56.127] [[1;32mINFO [0m] |   max_depth          : 64
[09:17:56.127] [[1;32mINFO [0m] |   extensions         : ["nepak"]
[09:17:56.127] [[1;32mINFO [0m] |
[09:17:56.127] [[1;32mINFO [0m] | - vfs_layers
[09:17:56.127] [[1;32mINFO [0m] |   layers             : 7
[09:17:56.128] [[1;32mINFO [0m] |   [0] dir prio=230 mount='shared' path='C:/Users/Calista Verner/Documents/NorthStar/Shared/Content' dir='' pattern=''
[09:17:56.128] [[1;32mINFO [0m] |   [1] container_glob prio=210 mount='shared' path='' dir='C:/Users/Calista Verner/Documents/NorthStar/Shared/Content' pattern='*'
[09:17:56.128] [[1;32mINFO [0m] |   [2] dir prio=240 mount='' path='C:/Users/Calista Verner/Documents/NorthStar/Shared/Content' dir='' pattern=''
[09:17:56.128] [[1;32mINFO [0m] |   [3] container_glob prio=220 mount='' path='' dir='C:/Users/Calista Verner/Documents/NorthStar/Shared/Content' pattern='*'
[09:17:56.128] [[1;32mINFO [0m] |   [4] dir prio=100 mount='' path='assets/' dir='' pattern=''
[09:17:56.128] [[1;32mINFO [0m] |   [5] container_glob prio=80 mount='' path='' dir='assets/' pattern='*'
[09:17:56.129] [[1;32mINFO [0m] |   [6] container_glob prio=60 mount='' path='' dir='content/' pattern='*'
[09:17:56.129] [[1;32mINFO [0m] +-----------------------------------------------
[09:17:56.129] [[1;32mINFO [0m] assets: format directory declared path='C:/Users/Calista Verner/Documents/NorthStar/pluginsRuntime/formats' ownership='starvault.asset-types' registry_owner='host' discovery='directory-driven'
[09:17:56.130] [[1;32mINFO [0m] assets: format loaded file='fxd.dll' module='engine.assets.formats.vfx.fxd' version='0.2.0' family='vfx' ext='.fxd' kind='effect_dictionary' gateway='engine.render.vfx' handler='asset.codec.listfile' registry='engine.assets.types' registry_owner='host'
[09:17:56.130] [[1;32mINFO [0m] assets: format loaded file='neitems.dll' module='engine.assets.formats.items.neitems' version='0.2.0' family='items' ext='.neitems' kind='item_definition_dictionary' gateway='engine.gameplay.inventory' handler='asset.codec.listfile' registry='engine.assets.types' registry_owner='host'
[09:17:56.131] [[1;32mINFO [0m] assets: format loaded file='nemat.dll' module='engine.assets.formats.materials.nemat' version='0.2.0' family='materials' ext='.nemat' kind='material_library' gateway='engine.assets.materials' handler='asset.codec.listfile' registry='engine.assets.types' registry_owner='host'
[09:17:56.131] [[1;32mINFO [0m] assets: format loaded file='nepak.dll' module='engine.assets.formats.packages.nepak' version='0.2.0' family='packages' ext='.nepak' kind='asset_package' gateway='engine.assets' handler='asset.codec.nepak' registry='engine.assets.types' registry_owner='host'
[09:17:56.131] [[1;32mINFO [0m] assets: format loaded file='neui.dll' module='engine.assets.formats.ui.neui' version='0.2.0' family='ui' ext='.neui' kind='ui_dictionary' gateway='engine.assets.ui' handler='asset.codec.listfile' registry='engine.assets.types' registry_owner='host'
[09:17:56.132] [[1;32mINFO [0m] assets: format loaded file='xvag.dll' module='engine.assets.formats.audio.xvag' version='0.1.0' family='audio' ext='.xvag' kind='audio_clip' gateway='engine.audio' handler='engine.assets' registry='engine.assets.types' registry_owner='host'
[09:17:56.132] [[1;32mINFO [0m] assets: format loaded file='ybd.dll' module='engine.assets.formats.models.collisions.ybd' version='0.2.0' family='models.collisions' ext='.ybd' kind='bounds_dictionary' gateway='engine.assets.models.collisions' handler='asset.codec.listfile' registry='engine.assets.types' registry_owner='host'
[09:17:56.133] [[1;32mINFO [0m] assets: format loaded file='ybn.dll' module='engine.assets.formats.models.collisions.ybn' version='0.2.0' family='models.collisions' ext='.ybn' kind='bounds_dictionary' gateway='engine.assets.models.collisions' handler='asset.codec.listfile' registry='engine.assets.types' registry_owner='host'
[09:17:56.133] [[1;32mINFO [0m] assets: format loaded file='ycd.dll' module='engine.assets.formats.animations.ycd' version='0.2.0' family='animations' ext='.ycd' kind='clip_dictionary' gateway='engine.animation' handler='asset.codec.listfile' registry='engine.assets.types' registry_owner='host'
[09:17:56.133] [[1;32mINFO [0m] assets: format loaded file='ydd.dll' module='engine.assets.formats.models.ydd' version='0.2.0' family='models' ext='.ydd' kind='drawable_dictionary' gateway='engine.assets.models' handler='asset.codec.listfile' registry='engine.assets.types' registry_owner='host'
[09:17:56.134] [[1;32mINFO [0m] assets: format loaded file='ydr.dll' module='engine.assets.formats.models.ydr' version='0.2.0' family='models' ext='.ydr' kind='drawable' gateway='engine.assets.models' handler='asset.codec.listfile' registry='engine.assets.types' registry_owner='host'
[09:17:56.134] [[1;32mINFO [0m] assets: format loaded file='yed.dll' module='engine.assets.formats.animations.yed' version='0.2.0' family='animations' ext='.yed' kind='expression_dictionary' gateway='engine.assets.models.skeletons' handler='asset.codec.listfile' registry='engine.assets.types' registry_owner='host'
[09:17:56.135] [[1;32mINFO [0m] assets: format loaded file='yfd.dll' module='engine.assets.formats.fonts.yfd' version='0.2.0' family='fonts' ext='.yfd' kind='font_dictionary' gateway='engine.ui.text' handler='asset.codec.listfile' registry='engine.assets.types' registry_owner='host'
[09:17:56.135] [[1;32mINFO [0m] assets: format loaded file='yft.dll' module='engine.assets.formats.models.yft' version='0.2.0' family='models' ext='.yft' kind='fragment' gateway='engine.model' handler='asset.codec.listfile' registry='engine.assets.types' registry_owner='host'
[09:17:56.136] [[1;32mINFO [0m] assets: format loaded file='yld.dll' module='engine.assets.formats.models.yld' version='0.2.0' family='models' ext='.yld' kind='cloth_dictionary' gateway='engine.assets.models' handler='asset.codec.listfile' registry='engine.assets.types' registry_owner='host'
[09:17:56.136] [[1;32mINFO [0m] assets: format loaded file='ymap.dll' module='engine.assets.formats.maps.ymap' version='0.2.0' family='maps' ext='.ymap' kind='discrete_map_dictionary' gateway='engine.assets.maps' handler='asset.codec.listfile' registry='engine.assets.types' registry_owner='host'
[09:17:56.136] [[1;32mINFO [0m] assets: format loaded file='ymf.dll' module='engine.assets.formats.graph.ymf' version='0.2.0' family='graph' ext='.ymf' kind='manifest' gateway='engine.assets.graph' handler='asset.codec.listfile' registry='engine.assets.types' registry_owner='host'
[09:17:56.137] [[1;32mINFO [0m] assets: format loaded file='ymt.dll' module='engine.assets.formats.definitions.ymt' version='0.2.0' family='definitions' ext='.ymt' kind='metadata' gateway='engine.assets.definitions' handler='asset.codec.listfile' registry='engine.assets.types' registry_owner='host'
[09:17:56.137] [[1;32mINFO [0m] assets: format loaded file='ypdb.dll' module='engine.assets.formats.animations.ypdb' version='0.2.0' family='animations' ext='.ypdb' kind='pose_database' gateway='engine.assets.models.skeletons' handler='asset.codec.listfile' registry='engine.assets.types' registry_owner='host'
[09:17:56.137] [[1;32mINFO [0m] assets: format loaded file='ysc.dll' module='engine.assets.formats.scripts.ysc' version='0.2.0' family='scripts' ext='.ysc' kind='script_module' gateway='engine.scripting' handler='asset.codec.listfile' registry='engine.assets.types' registry_owner='host'
[09:17:56.138] [[1;32mINFO [0m] assets: format loaded file='ysncd.dll' module='engine.assets.formats.audio.ysncd' version='0.2.0' family='audio' ext='.ysncd' kind='sound_cue_dictionary' gateway='engine.audio' handler='asset.codec.listfile' registry='engine.assets.types' registry_owner='host'
[09:17:56.138] [[1;32mINFO [0m] assets: format loaded file='ytd.dll' module='engine.assets.formats.textures.ytd' version='0.2.0' family='textures' ext='.ytd' kind='texture_dictionary' gateway='engine.assets.textures' handler='asset.codec.listfile' registry='engine.assets.types' registry_owner='host'
[09:17:56.139] [[1;32mINFO [0m] assets: format loaded file='ytf.dll' module='engine.assets.formats.definitions.ytf' version='0.2.0' family='definitions' ext='.ytf' kind='unknown_y_file' gateway='engine.assets.definitions' handler='asset.codec.listfile' registry='engine.assets.types' registry_owner='host'
[09:17:56.139] [[1;32mINFO [0m] assets: format loaded file='ytyd.dll' module='engine.assets.formats.models.uv.ytyd' version='0.2.0' family='models.uv' ext='.ytyd' kind='uv_layout_dictionary' gateway='engine.model' handler='asset.codec.listfile' registry='engine.assets.types' registry_owner='host'
[09:17:56.139] [[1;32mINFO [0m] assets: format loaded file='ytyp.dll' module='engine.assets.formats.definitions.ytyp' version='0.2.0' family='definitions' ext='.ytyp' kind='archetype_metadata_dictionary' gateway='engine.assets.definitions' handler='asset.codec.listfile' registry='engine.assets.types' registry_owner='host'
[09:17:56.140] [[1;32mINFO [0m] assets: format loaded file='yvr.dll' module='engine.assets.formats.models.yvr' version='0.2.0' family='models' ext='.yvr' kind='vehicle_record_list' gateway='engine.assets.models' handler='asset.codec.listfile' registry='engine.assets.types' registry_owner='host'
[09:17:56.140] [[1;32mINFO [0m] assets: format loaded file='ywr.dll' module='engine.assets.formats.maps.ywr' version='0.2.0' family='maps' ext='.ywr' kind='waypoint_record_list' gateway='engine.assets.maps' handler='asset.codec.listfile' registry='engine.assets.types' registry_owner='host'
[09:17:56.140] [[1;32mINFO [0m] assets: format summary dir='C:/Users/Calista Verner/Documents/NorthStar/pluginsRuntime/formats' registered=27 failed=0 registry_owner='host' modules=[.fxd=engine.assets.formats.vfx.fxd,.neitems=engine.assets.formats.items.neitems,.nemat=engine.assets.formats.materials.nemat,.nepak=engine.assets.formats.packages.nepak,.neui=engine.assets.formats.ui.neui,.xvag=engine.assets.formats.audio.xvag,.ybd=engine.assets.formats.models.collisions.ybd,.ybn=engine.assets.formats.models.collisions.ybn,.ycd=engine.assets.formats.animations.ycd,.ydd=engine.assets.formats.models.ydd,.ydr=engine.assets.formats.models.ydr,.yed=engine.assets.formats.animations.yed,.yfd=engine.assets.formats.fonts.yfd,.yft=engine.assets.formats.models.yft,.yld=engine.assets.formats.models.yld,.ymap=engine.assets.formats.maps.ymap,.ymf=engine.assets.formats.graph.ymf,.ymt=engine.assets.formats.definitions.ymt,.ypdb=engine.assets.formats.animations.ypdb,.ysc=engine.assets.formats.scripts.ysc,.ysncd=engine.assets.formats.audio.ysncd,.ytd=engine.assets.formats.textures.ytd,.ytf=engine.assets.formats.definitions.ytf,.ytyd=engine.assets.formats.models.uv.ytyd,.ytyp=engine.assets.formats.definitions.ytyp,.yvr=engine.assets.formats.models.yvr,.ywr=engine.assets.formats.maps.ywr]
[09:17:56.141] [[1;32mINFO [0m] assets: codec scan dir='C:/Users/Calista Verner/Documents/NorthStar/pluginsRuntime/codecs' profile='release' entries=5 dynlibs=4 selected=2 skipped_profile_mismatch=2 mixed_allowed=false profile_fallback=false
[09:17:56.141] [[1;32mINFO [0m] codec module 'newengine.codec.listfile' registered services=1
[09:17:56.142] [[1;32mINFO [0m] assets: codec routed id='asset.codec.listfile' type='newengine.asset.listfile' priority=200 format='newengine.asset.listfile.nef8' method='asset.decode_v1' descriptors=["fxd", "neitems", "nemat", "neui", "ybd", "ybn", "ycd", "ydd", "ydr", "yed", "yfd", "yft", "yld", "ymap", "ymf", "ymt", "ypdb", "ysc", "ysncd", "ytd", "ytf", "ytyd", "ytyp", "yvr", "ywr"]
[09:17:56.142] [[1;32mINFO [0m] assets: codec loaded file='newengine-codec-listfile-0.1.0-release.dll'
[09:17:56.143] [[1;32mINFO [0m] codec module 'newengine.codec.nepak' registered services=1
[09:17:56.143] [[1;32mINFO [0m] assets: codec routed id='asset.codec.nepak' type='newengine.asset.package' priority=110 format='newengine.asset_package.v1' method='asset.decode_v1' descriptors=["nepak"]
[09:17:56.143] [[1;32mINFO [0m] assets: codec loaded file='newengine-codec-nepak-0.1.0-release.dll'
[09:17:56.143] [[1;32mINFO [0m] assets: codec summary dir='C:/Users/Calista Verner/Documents/NorthStar/pluginsRuntime/codecs' loaded=2 skipped=0 failed=0
[09:17:56.143] [[1;32mINFO [0m] assets: mount[0] dir prio=230 path='C:/Users/Calista Verner/Documents/NorthStar/Shared/Content'
[09:17:56.152] [[1;32mINFO [0m] assets: mount[1] container_glob prio=210 dir='C:/Users/Calista Verner/Documents/NorthStar/Shared/Content' pattern='*' mounted=1 skipped=0 failed=0
[09:17:56.153] [[1;32mINFO [0m] assets: mount[2] dir prio=240 path='C:/Users/Calista Verner/Documents/NorthStar/Shared/Content'
[09:17:56.162] [[1;32mINFO [0m] assets: mount[3] container_glob prio=220 dir='C:/Users/Calista Verner/Documents/NorthStar/Shared/Content' pattern='*' mounted=2 skipped=0 failed=0
[09:17:56.162] [[1;32mINFO [0m] assets: mount[4] dir prio=100 path='assets'
[09:17:56.162] [[1;32mINFO [0m] assets: mount[5] container_glob prio=80 dir='assets' pattern='*' mounted=3 skipped=0 failed=0
[09:17:56.162] [[1;32mINFO [0m] assets: mount[6] container_glob prio=60 dir='content' pattern='*' mounted=3 skipped=0 failed=0
[09:17:56.163] [[1;32mINFO [0m] assets: mount summary mounted=3 skipped=0 failed=0 layers=7
[09:17:56.163] [[1;36mDEBUG[0m] services: staged id='asset_manager.api' owner='engine.assets.starvault' describe_len=18257
[09:17:56.163] [[1;36mDEBUG[0m] services: staged id='maps.api' owner='engine.assets.starvault' describe_len=871
[09:17:56.163] [[1;32mINFO [0m] assets: maps service 'maps.api' registered for gateway 'engine.assets.maps' route='engine.assets.maps.discrete' owner='engine.assets.starvault'
[09:17:56.163] [[1;31mERROR[0m] engine.threading service-call route resolution failed gateway='engine.assets' method='asset.pump_v1' err='engine gateway 'engine.assets' has no active provider route in the current composition'
[09:17:56.164] [[1;32mINFO [0m] +-----------------------------------------------
[09:17:56.164] [[1;32mINFO [0m] | AssetManager :: Effective Config [runtime ready]
[09:17:56.164] [[1;32mINFO [0m] | - codecs
[09:17:56.165] [[1;32mINFO [0m] |   codecs_dir         : codecs
[09:17:56.165] [[1;32mINFO [0m] |   codecs_root        : C:/Users/Calista Verner/Documents/NorthStar/pluginsRuntime/codecs
[09:17:56.165] [[1;32mINFO [0m] |   formats_dir        : formats
[09:17:56.165] [[1;32mINFO [0m] |   formats_root       : C:/Users/Calista Verner/Documents/NorthStar/pluginsRuntime/formats
[09:17:56.165] [[1;32mINFO [0m] |
[09:17:56.165] [[1;32mINFO [0m] | - runtime
[09:17:56.166] [[1;32mINFO [0m] |   pump_steps         : 16
[09:17:56.166] [[1;32mINFO [0m] |   mounted_containers : 0
[09:17:56.166] [[1;32mINFO [0m] |
[09:17:56.166] [[1;32mINFO [0m] | - container_scan
[09:17:56.166] [[1;32mINFO [0m] |   recursive          : true
[09:17:56.167] [[1;32mINFO [0m] |   rescan_interval_ms : 0
[09:17:56.167] [[1;32mINFO [0m] |   follow_symlinks    : false
[09:17:56.167] [[1;32mINFO [0m] |   max_depth          : 64
[09:17:56.167] [[1;32mINFO [0m] |   extensions         : ["nepak"]
[09:17:56.167] [[1;32mINFO [0m] |
[09:17:56.167] [[1;32mINFO [0m] | - vfs_layers
[09:17:56.168] [[1;32mINFO [0m] |   layers             : 7
[09:17:56.168] [[1;32mINFO [0m] |   [0] dir prio=230 mount='shared' path='C:/Users/Calista Verner/Documents/NorthStar/Shared/Content' dir='' pattern=''
[09:17:56.168] [[1;32mINFO [0m] |   [1] container_glob prio=210 mount='shared' path='' dir='C:/Users/Calista Verner/Documents/NorthStar/Shared/Content' pattern='*'
[09:17:56.168] [[1;32mINFO [0m] |   [2] dir prio=240 mount='' path='C:/Users/Calista Verner/Documents/NorthStar/Shared/Content' dir='' pattern=''
[09:17:56.168] [[1;32mINFO [0m] |   [3] container_glob prio=220 mount='' path='' dir='C:/Users/Calista Verner/Documents/NorthStar/Shared/Content' pattern='*'
[09:17:56.168] [[1;32mINFO [0m] |   [4] dir prio=100 mount='' path='assets/' dir='' pattern=''
[09:17:56.169] [[1;32mINFO [0m] |   [5] container_glob prio=80 mount='' path='' dir='assets/' pattern='*'
[09:17:56.169] [[1;32mINFO [0m] |   [6] container_glob prio=60 mount='' path='' dir='content/' pattern='*'
[09:17:56.169] [[1;32mINFO [0m] +-----------------------------------------------
[09:17:56.169] [[1;32mINFO [0m] assets: initialized
[09:17:56.170] [[1;36mDEBUG[0m] plugins: provider transaction committed id='engine.assets.starvault' services=2
[09:17:56.170] [[1;32mINFO [0m] plugins: loaded id='engine.assets.starvault' ver='3.8.0' origin='first-party-plugin' from 'C:/Users/Calista Verner/Documents/NorthStar/pluginsRuntime/starVault-assetManager-3.8.0-release.dll'
[09:17:56.170] [[1;36mDEBUG[0m] plugins: load timing id='engine.assets.starvault' total_ms=50 dlopen_ms=0 sym_ms=0 root_ms=0 module_create_ms=0 override_ms=0 init_ms=47 (cfg_defaults_ms=0 cfg_apply_ms=0 init_call_ms=46)
[09:17:56.171] [[1;32mINFO [0m] platform runtime bootstrap: overlay status='Loading engine plugins... (11/12)' detail='Loading plugin DLL 'starVault-assetManager-3.8.0-release.dll'.' progress=53%
[09:17:56.187] [[1;36mDEBUG[0m] plugins: optional discovery root skipped owner='project:physics_playground:plugins' origin='game-plugin' dir='C:\Users\Calista Verner\Documents\NorthStar\NewEngine\neocore2\..\..\Projects\PhysicsPlayground\plugins'
[09:17:56.187] [[1;32mINFO [0m] plugins: loading 'C:/Users/Calista Verner/Documents/NorthStar/pluginsRuntime/vulkan-renderer-0.33.7-release.dll'
[09:17:56.187] [[1;32mINFO [0m] plugins: load stage='dlopen-begin' path='C:/Users/Calista Verner/Documents/NorthStar/pluginsRuntime/vulkan-renderer-0.33.7-release.dll'
[09:17:56.188] [[1;32mINFO [0m] plugins: load stage='dlopen-done' path='C:/Users/Calista Verner/Documents/NorthStar/pluginsRuntime/vulkan-renderer-0.33.7-release.dll'
[09:17:56.188] [[1;32mINFO [0m] plugins: load stage='root-symbol-begin' path='C:/Users/Calista Verner/Documents/NorthStar/pluginsRuntime/vulkan-renderer-0.33.7-release.dll'
[09:17:56.189] [[1;32mINFO [0m] plugins: load stage='root-symbol-done' path='C:/Users/Calista Verner/Documents/NorthStar/pluginsRuntime/vulkan-renderer-0.33.7-release.dll'
[09:17:56.189] [[1;32mINFO [0m] plugins: load stage='root-call-begin' path='C:/Users/Calista Verner/Documents/NorthStar/pluginsRuntime/vulkan-renderer-0.33.7-release.dll'
[09:17:56.189] [[1;32mINFO [0m] plugins: load stage='root-call-done' path='C:/Users/Calista Verner/Documents/NorthStar/pluginsRuntime/vulkan-renderer-0.33.7-release.dll'
[09:17:56.190] [[1;32mINFO [0m] plugins: load stage='ui-assets-done' path='C:/Users/Calista Verner/Documents/NorthStar/pluginsRuntime/vulkan-renderer-0.33.7-release.dll'
[09:17:56.190] [[1;32mINFO [0m] plugins: load stage='module-create-begin' path='C:/Users/Calista Verner/Documents/NorthStar/pluginsRuntime/vulkan-renderer-0.33.7-release.dll'
[09:17:56.190] [[1;36mDEBUG[0m] plugins: canonical ABI selected id='engine.render.vulkan'
[09:17:56.190] [[1;32mINFO [0m] plugins: load stage='module-create-done' id='engine.render.vulkan' path='C:/Users/Calista Verner/Documents/NorthStar/pluginsRuntime/vulkan-renderer-0.33.7-release.dll'
[09:17:56.190] [[1;36mDEBUG[0m] plugins: config defaults id='engine.render.vulkan' content_type='application/json' len=150 fmt_v=1 
[09:17:56.190] [[1;36mDEBUG[0m] plugins: config effective id='engine.render.vulkan' content_type='application/json' len=847 changed=true changed_keys=[enabled, host, selection, vulkan] preview='{"clear_color":[0.02,0.025,0.035,1.0],"enabled":true,"host":{"enabled":true},"present":{"mode":"auto"},"selection":{"backend":"auto","backend_label":"Auto","debug_renderer_tools":{"enabled":false,"gbu...'
NSDIAG VULKAN_VALIDATION severity=WARNING type=GENERAL vuid='<none>' message_id='Loader Message' id_number=0 objects=[INSTANCE@0x764a820] cmd_labels=[none] queue_labels=[none] hint='use the VUID plus named Vulkan objects and command labels to inspect the originating RenderApi operation and render pass' message='windows_read_data_files_in_registry: Registry lookup failed to get layer manifest files.'
NSDIAG vkCreateSwapchainKHR format=B8G8R8A8_SRGB usage=TRANSFER_SRC | TRANSFER_DST | COLOR_ATTACHMENT bits=0x13 supported=TRANSFER_SRC | TRANSFER_DST | SAMPLED | STORAGE | COLOR_ATTACHMENT | INPUT_ATTACHMENT
NSDIAG reliability policy validation=false device_loss=true gpu_markers=true backends=3 cpu_history=always
[09:17:56.387] [[1;36mDEBUG[0m] services: staged id='render.api' owner='engine.render.vulkan' describe_len=2242
[09:17:56.387] [[1;36mDEBUG[0m] services: staged id='visibility.api' owner='engine.render.vulkan' describe_len=789
[09:17:56.388] [[1;36mDEBUG[0m] plugins: provider transaction committed id='engine.render.vulkan' services=2
[09:17:56.388] [[1;32mINFO [0m] plugins: loaded id='engine.render.vulkan' ver='0.33.7' origin='first-party-plugin' from 'C:/Users/Calista Verner/Documents/NorthStar/pluginsRuntime/vulkan-renderer-0.33.7-release.dll'
[09:17:56.388] [[1;36mDEBUG[0m] plugins: load timing id='engine.render.vulkan' total_ms=200 dlopen_ms=0 sym_ms=0 root_ms=0 module_create_ms=0 override_ms=0 init_ms=197 (cfg_defaults_ms=0 cfg_apply_ms=0 init_call_ms=196)
[09:17:56.389] [[1;36mDEBUG[0m] +-----------------------------------------------------
[09:17:56.389] [[1;36mDEBUG[0m] | PluginDiscovery :: ExecutionPlan [bootstrap+engine]
[09:17:56.389] [[1;36mDEBUG[0m] | selected_yes        : 12                           
[09:17:56.389] [[1;36mDEBUG[0m] | selected_runtime    : 1                            
[09:17:56.389] [[1;36mDEBUG[0m] | selected_duplicates : 0                            
[09:17:56.389] [[1;36mDEBUG[0m] | selected_no         : 4                            
[09:17:56.389] [[1;36mDEBUG[0m] [bootstrap] PluginDiscovery :: ExecutionPlan [bootstrap+engine]
[09:17:56.389] [[1;36mDEBUG[0m] [bootstrap] +------------------------------------+-----------+----------------------------+----------+----------------------------------------------+
[09:17:56.390] [[1;36mDEBUG[0m] [bootstrap] | file                               | phase     | id                         | selected | reason                                       |
[09:17:56.390] [[1;36mDEBUG[0m] [bootstrap] +------------------------------------+-----------+----------------------------+----------+----------------------------------------------+
[09:17:56.390] [[1;36mDEBUG[0m] [bootstrap] | bullet-physics-0.1.0-release.dll   | engine    | engine.physics.bullet      | no       | filtered by composition-plan                 |
[09:17:56.390] [[1;36mDEBUG[0m] [bootstrap] | chronicle-logging-0.8.3-release... | bootstrap | engine.logging.chronicle   | yes      | phase match                                  |
[09:17:56.390] [[1;36mDEBUG[0m] [bootstrap] | compass-input-0.5.0-release.dll    | bootstrap | engine.input.compass       | yes      | phase match                                  |
[09:17:56.390] [[1;36mDEBUG[0m] [bootstrap] | constellation-ecs-0.1.5-release... | engine    | engine.ecs.constellation   | yes      | phase match                                  |
[09:17:56.390] [[1;36mDEBUG[0m] [bootstrap] | editing-tools-0.3.0-release.dll    | engine    | newengine.editing.tools    | yes      | phase match                                  |
[09:17:56.390] [[1;36mDEBUG[0m] [bootstrap] | egui-ui-0.3.0-release.dll          | engine    | engine.ui.egui             | yes      | phase match                                  |
[09:17:56.390] [[1;36mDEBUG[0m] [bootstrap] | fps-game-0.1.1-release.dll         | engine    | newengine.game-module.f... | yes      | phase match                                  |
[09:17:56.390] [[1;36mDEBUG[0m] [bootstrap] | gameReady-runtime-0.1.6-release... | engine    | newengine.runtime-profi... | no       | plugin id excluded by host composition po... |
[09:17:56.390] [[1;36mDEBUG[0m] [bootstrap] | gravitas-physics-0.3.2-release.... | engine    | engine.physics.gravitas    | yes      | phase match                                  |
[09:17:56.390] [[1;36mDEBUG[0m] [bootstrap] | luaScriptEngine-0.3.0-release.d... | bootstrap | engine.scripting.lua       | no       | filtered by composition-plan                 |
[09:17:56.391] [[1;36mDEBUG[0m] [bootstrap] | native-audio-0.9.1-release.dll     | engine    | engine.audio.native        | yes      | phase match                                  |
[09:17:56.391] [[1;36mDEBUG[0m] [bootstrap] | projectBrowser-egui-0.1.12-rele... | engine    | newengine.project-brows... | no       | plugin id excluded by host composition po... |
[09:17:56.391] [[1;36mDEBUG[0m] [bootstrap] | starProfiler-profiler-0.2.1-rel... | bootstrap | engine.profiler.starpro... | yes      | phase match                                  |
[09:17:56.391] [[1;36mDEBUG[0m] [bootstrap] | starVault-assetManager-3.8.0-re... | engine    | engine.assets.starvault    | yes      | phase match                                  |
[09:17:56.391] [[1;36mDEBUG[0m] [bootstrap] | typeScriptScriptEngine-0.4.1-re... | bootstrap | engine.scripting.typesc... | yes      | phase match                                  |
[09:17:56.391] [[1;36mDEBUG[0m] [bootstrap] | vulkan-renderer-0.33.7-release.... | engine    | engine.render.vulkan       | yes      | phase match                                  |
[09:17:56.391] [[1;36mDEBUG[0m] [bootstrap] | winit-platform-0.5.11-release.d... | platform  | engine.platform.winit      | runtime  | platform runtime                             |
[09:17:56.391] [[1;36mDEBUG[0m] [bootstrap] +------------------------------------+-----------+----------------------------+----------+----------------------------------------------+
[09:17:56.391] [[1;36mDEBUG[0m] +---------------------------------------------------------------
[09:17:56.391] [[1;36mDEBUG[0m] | PluginDiscovery :: Incremental Load Result [bootstrap+engine]
[09:17:56.391] [[1;36mDEBUG[0m] | loaded_total      : 12                                       
[09:17:56.392] [[1;36mDEBUG[0m] | loaded_this_phase : 12                                       
[09:17:56.392] [[1;36mDEBUG[0m] | load_errors       : 0                                        
[09:17:56.392] [[1;36mDEBUG[0m] | scan_errors       : 0                                        
[09:17:56.392] [[1;36mDEBUG[0m] +---------------------------------------------------------------
[09:17:56.392] [[1;36mDEBUG[0m] plugins: caps validate iter=1 providers=159 plugins=12 disabled=0 described=12 
[09:17:56.393] [[1;36mDEBUG[0m] plugins: caps ok id='engine.logging.chronicle' provides=9 requires=0 
[09:17:56.393] [[1;36mDEBUG[0m] plugins: caps ok id='engine.input.compass' provides=2 requires=1 
[09:17:56.393] [[1;36mDEBUG[0m] plugins: caps ok id='engine.profiler.starprofiler' provides=2 requires=2 
[09:17:56.393] [[1;36mDEBUG[0m] plugins: caps ok id='engine.scripting.typescript' provides=2 requires=0 
[09:17:56.393] [[1;36mDEBUG[0m] plugins: caps ok id='engine.ecs.constellation' provides=6 requires=0 
[09:17:56.394] [[1;36mDEBUG[0m] plugins: caps ok id='newengine.editing.tools' provides=1 requires=0 
[09:17:56.394] [[1;36mDEBUG[0m] plugins: caps ok id='engine.ui.egui' provides=2 requires=0 
[09:17:56.394] [[1;36mDEBUG[0m] plugins: caps ok id='newengine.game-module.fps' provides=1 requires=0 
[09:17:56.394] [[1;36mDEBUG[0m] plugins: caps ok id='engine.physics.gravitas' provides=2 requires=0 
[09:17:56.394] [[1;36mDEBUG[0m] plugins: caps ok id='engine.audio.native' provides=2 requires=1 
[09:17:56.394] [[1;36mDEBUG[0m] plugins: caps ok id='engine.assets.starvault' provides=9 requires=0 
[09:17:56.394] [[1;36mDEBUG[0m] plugins: caps ok id='engine.render.vulkan' provides=4 requires=2 
[09:17:56.395] [[1;36mDEBUG[0m] plugins: loaded 'engine.logging.chronicle' ver='0.8.3' path='C:/Users/Calista Verner/Documents/NorthStar/pluginsRuntime/chronicle-logging-0.8.3-release.dll'
[09:17:56.395] [[1;36mDEBUG[0m] plugins: loaded 'engine.input.compass' ver='0.5.0' path='C:/Users/Calista Verner/Documents/NorthStar/pluginsRuntime/compass-input-0.5.0-release.dll'
[09:17:56.395] [[1;36mDEBUG[0m] plugins: loaded 'engine.profiler.starprofiler' ver='0.2.1' path='C:/Users/Calista Verner/Documents/NorthStar/pluginsRuntime/starProfiler-profiler-0.2.1-release.dll'
[09:17:56.395] [[1;36mDEBUG[0m] plugins: loaded 'engine.scripting.typescript' ver='0.4.1' path='C:/Users/Calista Verner/Documents/NorthStar/pluginsRuntime/typeScriptScriptEngine-0.4.1-release.dll'
[09:17:56.395] [[1;36mDEBUG[0m] plugins: loaded 'engine.ecs.constellation' ver='0.1.5' path='C:/Users/Calista Verner/Documents/NorthStar/pluginsRuntime/constellation-ecs-0.1.5-release.dll'
[09:17:56.395] [[1;36mDEBUG[0m] plugins: loaded 'newengine.editing.tools' ver='0.3.0' path='C:/Users/Calista Verner/Documents/NorthStar/pluginsRuntime/editing-tools-0.3.0-release.dll'
[09:17:56.395] [[1;36mDEBUG[0m] plugins: loaded 'engine.ui.egui' ver='0.3.0' path='C:/Users/Calista Verner/Documents/NorthStar/pluginsRuntime/egui-ui-0.3.0-release.dll'
[09:17:56.395] [[1;36mDEBUG[0m] plugins: loaded 'newengine.game-module.fps' ver='0.1.1' path='C:/Users/Calista Verner/Documents/NorthStar/pluginsRuntime/fps-game-0.1.1-release.dll'
[09:17:56.395] [[1;36mDEBUG[0m] plugins: loaded 'engine.physics.gravitas' ver='0.3.2' path='C:/Users/Calista Verner/Documents/NorthStar/pluginsRuntime/gravitas-physics-0.3.2-release.dll'
[09:17:56.395] [[1;36mDEBUG[0m] plugins: loaded 'engine.audio.native' ver='0.9.1' path='C:/Users/Calista Verner/Documents/NorthStar/pluginsRuntime/native-audio-0.9.1-release.dll'
[09:17:56.396] [[1;36mDEBUG[0m] plugins: loaded 'engine.assets.starvault' ver='3.8.0' path='C:/Users/Calista Verner/Documents/NorthStar/pluginsRuntime/starVault-assetManager-3.8.0-release.dll'
[09:17:56.396] [[1;36mDEBUG[0m] plugins: loaded 'engine.render.vulkan' ver='0.33.7' path='C:/Users/Calista Verner/Documents/NorthStar/pluginsRuntime/vulkan-renderer-0.33.7-release.dll'
[09:17:56.396] [[1;32mINFO [0m] startup graph: readiness satisfied key='EnginePluginsReady' origin='load_engine_plugins_incremental_step' satisfied='EnginePluginsReady'
[09:17:56.396] [[1;32mINFO [0m] plugins: done (phase=engine-load-incremental roots=1 count=13)
[09:17:56.396] [[1;36mDEBUG[0m] +----------------------------------------------------------------
[09:17:56.396] [[1;36mDEBUG[0m] | Plugins :: Diagnostics [after incremental engine plugins init]
[09:17:56.396] [[1;36mDEBUG[0m] | loaded : 13                                                   
[09:17:56.397] [[1;36mDEBUG[0m] +----------------------------------------------------------------
[09:17:56.397] [[1;36mDEBUG[0m] Plugins :: Registered [after incremental engine plugins init]
[09:17:56.397] [[1;36mDEBUG[0m] +------------------------------+--------+------------+---------+------+
[09:17:56.397] [[1;36mDEBUG[0m] | id                           | ver    | state      | kind    | caps |
[09:17:56.397] [[1;36mDEBUG[0m] | engine.assets.starvault      | 3.8.0  | registered | runtime | 9    |
[09:17:56.397] [[1;36mDEBUG[0m] | engine.audio.native          | 0.9.1  | registered | runtime | 3    |
[09:17:56.397] [[1;36mDEBUG[0m] | engine.ecs.constellation     | 0.1.5  | registered | runtime | 6    |
[09:17:56.397] [[1;36mDEBUG[0m] | engine.input.compass         | 0.5.0  | registered | runtime | 3    |
[09:17:56.397] [[1;36mDEBUG[0m] | engine.logging.chronicle     | 0.8.3  | registered | runtime | 9    |
[09:17:56.397] [[1;36mDEBUG[0m] | engine.physics.gravitas      | 0.3.2  | registered | runtime | 2    |
[09:17:56.397] [[1;36mDEBUG[0m] | engine.platform.winit        | 0.5.11 | running    | runtime | 3    |
[09:17:56.397] [[1;36mDEBUG[0m] | engine.profiler.starprofiler | 0.2.1  | registered | runtime | 4    |
[09:17:56.398] [[1;36mDEBUG[0m] | engine.render.vulkan         | 0.33.7 | registered | runtime | 6    |
[09:17:56.398] [[1;36mDEBUG[0m] | engine.scripting.typescript  | 0.4.1  | registered | runtime | 2    |
[09:17:56.398] [[1;36mDEBUG[0m] | engine.ui.egui               | 0.3.0  | registered | runtime | 2    |
[09:17:56.398] [[1;36mDEBUG[0m] | newengine.editing.tools      | 0.3.0  | registered | editor  | 1    |
[09:17:56.398] [[1;36mDEBUG[0m] | newengine.game-module.fps    | 0.1.1  | registered | runtime | 1    |
[09:17:56.398] [[1;36mDEBUG[0m] +------------------------------+--------+------------+---------+------+
[09:17:56.399] [[1;36mDEBUG[0m] Plugins :: Gateway Hierarchy [after incremental engine plugins init]
[09:17:56.399] [[1;36mDEBUG[0m] +-------------------+---------------+------------------------------+--------+----------+-----------------------+------------------------------------+--------------------------------+
[09:17:56.399] [[1;36mDEBUG[0m] | root              | parent        | gateway                      | attach | state    | kind                  | provider_route                     | provider_service               |
[09:17:56.399] [[1;36mDEBUG[0m] | engine.ai         | <root>        | engine.ai                    | root   | active   | ai                    | engine.ai.foundation               | ai.api                         |
[09:17:56.399] [[1;36mDEBUG[0m] | engine.animation  | <root>        | engine.animation             | root   | active   | animation             | engine.animation.foundation        | animation.api                  |
[09:17:56.399] [[1;36mDEBUG[0m] | engine.assets     | <root>        | engine.assets                | root   | active   | assets                | engine.assets.starvault            | asset_manager.api              |
[09:17:56.399] [[1;36mDEBUG[0m] | engine.assets     | engine.assets | engine.assets.definitions    | child  | active   | assets.definitions    | engine.assets.starvault.definit... | definitions.api                |
[09:17:56.399] [[1;36mDEBUG[0m] | engine.assets     | engine.assets | engine.assets.dependencies   | child  | active   | assets.dependencies   | engine.assets.starvault.depende... | asset_manager.api              |
[09:17:56.400] [[1;36mDEBUG[0m] | engine.assets     | engine.assets | engine.assets.edit           | child  | active   | assets.edit           | engine.assets.starvault.edit       | assets.edit.api                |
[09:17:56.400] [[1;36mDEBUG[0m] | engine.assets     | engine.assets | engine.assets.graph          | child  | active   | assets.graph          | engine.assets.starvault.graph      | asset_graph.api                |
[09:17:56.400] [[1;36mDEBUG[0m] | engine.assets     | engine.assets | engine.assets.import_queue   | child  | active   | assets.import_queue   | engine.assets.starvault.import_... | asset_manager.api              |
[09:17:56.400] [[1;36mDEBUG[0m] | engine.assets     | engine.assets | engine.assets.inspect        | child  | active   | assets.inspect        | engine.assets.starvault.inspect    | assets.inspect.api             |
[09:17:56.400] [[1;36mDEBUG[0m] | engine.assets     | engine.assets | engine.assets.maps           | child  | active   | assets.maps           | engine.assets.maps.discrete        | maps.api                       |
[09:17:56.400] [[1;36mDEBUG[0m] | engine.assets     | engine.assets | engine.assets.materials      | child  | active   | assets.materials      | engine.assets.starvault.materia... | materials.api                  |
[09:17:56.400] [[1;36mDEBUG[0m] | engine.assets     | engine.assets | engine.assets.models         | child  | active   | assets.models         | engine.assets.starvault.models     | model.api                      |
[09:17:56.400] [[1;36mDEBUG[0m] | engine.assets     | engine.assets | engine.assets.package_writer | child  | active   | assets.package_writer | engine.assets.starvault.package... | asset_manager.api              |
[09:17:56.400] [[1;36mDEBUG[0m] | engine.assets     | engine.assets | engine.assets.streaming      | child  | active   | assets.streaming      | engine.assets.starvault.streami... | asset_manager.api              |
[09:17:56.400] [[1;36mDEBUG[0m] | engine.assets     | engine.assets | engine.assets.types          | child  | active   | assets.types          | engine.assets.host.types           | asset.types.api                |
[09:17:56.401] [[1;36mDEBUG[0m] | engine.assets     | engine.assets | engine.assets.ui             | child  | active   | assets.ui             | engine.assets.starvault.ui         | assets.ui.api                  |
[09:17:56.401] [[1;36mDEBUG[0m] | engine.assets     | engine.assets | engine.assets.uid            | child  | active   | assets.uid            | engine.assets.starvault.uid        | asset_manager.api              |
[09:17:56.401] [[1;36mDEBUG[0m] | engine.audio      | <root>        | engine.audio                 | root   | active   | audio                 | engine.audio.native                | audio.api                      |
[09:17:56.401] [[1;36mDEBUG[0m] | engine.audio      | <root>        | engine.audio                 | root   | shadowed | audio                 | engine.audio.echo                  | engine.audio                   |
[09:17:56.401] [[1;36mDEBUG[0m] | engine.camera     | <root>        | engine.camera                | root   | active   | camera                | engine.camera.stargazer            | engine.camera                  |
[09:17:56.401] [[1;36mDEBUG[0m] | engine.command    | <root>        | engine.command               | root   | active   | command               | engine.command.console             | newengine.console.command      |
[09:17:56.401] [[1;36mDEBUG[0m] | engine.ecs        | <root>        | engine.ecs                   | root   | active   | ecs                   | engine.ecs.constellation           | ecs.api                        |
[09:17:56.401] [[1;36mDEBUG[0m] | engine.ecs        | <root>        | engine.ecs                   | root   | shadowed | ecs                   | engine.ecs.foundation              | engine.ecs                     |
[09:17:56.401] [[1;36mDEBUG[0m] | engine.entity     | <root>        | engine.entity                | root   | active   | entity                | engine.entity.constellation        | entity.api                     |
[09:17:56.401] [[1;36mDEBUG[0m] | engine.entity     | <root>        | engine.entity                | root   | shadowed | entity                | engine.entity.foundation           | engine.entity                  |
[09:17:56.401] [[1;36mDEBUG[0m] | engine.input      | <root>        | engine.input                 | root   | active   | input                 | engine.input.compass               | newengine.input.v1             |
[09:17:56.402] [[1;36mDEBUG[0m] | engine.input      | engine.input  | engine.input.bindings        | child  | active   | input.bindings        | engine.input.compass.bindings      | engine.input.bindings          |
[09:17:56.402] [[1;36mDEBUG[0m] | engine.jobs       | <root>        | engine.jobs                  | root   | active   | jobs                  | engine.jobs.core                   | threading.api                  |
[09:17:56.402] [[1;36mDEBUG[0m] | engine.logging    | <root>        | engine.logging               | root   | active   | logging               | engine.logging.chronicle           | logging.api                    |
[09:17:56.402] [[1;36mDEBUG[0m] | engine.navigation | <root>        | engine.navigation            | root   | active   | navigation            | engine.navigation.foundation       | navigation.api                 |
[09:17:56.402] [[1;36mDEBUG[0m] | engine.physics    | <root>        | engine.physics               | root   | active   | physics               | engine.physics.gravitas            | physics.api                    |
[09:17:56.402] [[1;36mDEBUG[0m] | engine.platform   | <root>        | engine.platform              | root   | active   | platform              | engine.platform.winit              | engine.platform                |
[09:17:56.402] [[1;36mDEBUG[0m] | engine.profiler   | <root>        | engine.profiler              | root   | active   | profiler              | engine.profiler.starprofiler       | profiler.api                   |
[09:17:56.402] [[1;36mDEBUG[0m] | engine.render     | <root>        | engine.render                | root   | active   | render                | engine.render.vulkan               | render.api                     |
[09:17:56.402] [[1;36mDEBUG[0m] | engine.scene      | <root>        | engine.scene                 | root   | active   | scene                 | engine.scene.constellation         | scene.api                      |
[09:17:56.402] [[1;36mDEBUG[0m] | engine.scene      | <root>        | engine.scene                 | root   | shadowed | scene                 | engine.scene.foundation            | engine.scene                   |
[09:17:56.402] [[1;36mDEBUG[0m] | engine.schema     | <root>        | engine.schema                | root   | active   | schema                | engine.schema.registry             | schema.api                     |
[09:17:56.403] [[1;36mDEBUG[0m] | engine.scripting  | <root>        | engine.scripting             | root   | active   | scripting             | engine.scripting.typescript        | scripting.typescript.api       |
[09:17:56.403] [[1;36mDEBUG[0m] | engine.scripting  | <root>        | engine.scripting             | root   | shadowed | scripting             | engine.scripting.nullstar          | scripting.api                  |
[09:17:56.403] [[1;36mDEBUG[0m] | engine.tags       | <root>        | engine.tags                  | root   | active   | tags                  | engine.tags.foundation             | tags.api                       |
[09:17:56.403] [[1;36mDEBUG[0m] | engine.tasks      | <root>        | engine.tasks                 | root   | active   | tasks                 | engine.tasks.foundation            | tasks.api                      |
[09:17:56.403] [[1;36mDEBUG[0m] | engine.threading  | <root>        | engine.threading             | root   | active   | threading             | engine.threading.core              | threading.api                  |
[09:17:56.403] [[1;36mDEBUG[0m] | engine.time       | <root>        | engine.time                  | root   | active   | time                  | engine.time.astrolabe              | time.api                       |
[09:17:56.403] [[1;36mDEBUG[0m] | engine.ui         | <root>        | engine.ui                    | root   | active   | ui                    | engine.ui.egui                     | egui.ui.api                    |
[09:17:56.403] [[1;36mDEBUG[0m] | engine.ui         | engine.ui     | engine.ui.notify             | child  | active   | ui.notify             | engine.ui.notify.runtime           | ui.notify.runtime              |
[09:17:56.403] [[1;36mDEBUG[0m] | engine.visibility | <root>        | engine.visibility            | root   | active   | visibility            | engine.visibility.vulkan           | visibility.api                 |
[09:17:56.403] [[1;36mDEBUG[0m] | engine.world      | <root>        | engine.world                 | root   | active   | world                 | engine.world.foundation            | world.api                      |
[09:17:56.403] [[1;36mDEBUG[0m] | engine.world      | engine.world  | engine.world.environment     | child  | active   | world.environment     | engine.world.default.environment   | world.environment.default.a... |
[09:17:56.404] [[1;36mDEBUG[0m] | engine.world      | engine.world  | engine.world.environment     | child  | shadowed | world.environment     | engine.world.null.environment      | world.environment.null.api     |
[09:17:56.404] [[1;36mDEBUG[0m] +-------------------+---------------+------------------------------+--------+----------+-----------------------+------------------------------------+--------------------------------+
[09:17:56.404] [[1;36mDEBUG[0m] Plugins :: Gateway Routes [after incremental engine plugins init]
[09:17:56.404] [[1;36mDEBUG[0m] +------------------------------+----------+--------------------+--------------------------------+--------------------------------+------------------------------------+-----------------------+------------------------------+------+--------+--------+----------------------------------------------------+
[09:17:56.404] [[1;36mDEBUG[0m] | gateway                      | state    | source             | provider_route                 | provider_service               | owner                              | kind                  | capability                   | mode | prio   | score  | selection_reason                                   |
[09:17:56.404] [[1;36mDEBUG[0m] | engine.ai                    | active   | engine-runtime     | engine.ai.foundation           | ai.api                         | newengine-ai-runtime.foundation... | ai                    | ai.backend                   | open | 0      | 10000  | selected_by_composition_solver score=10000 orig... |
[09:17:56.404] [[1;36mDEBUG[0m] | engine.animation             | active   | engine-runtime     | engine.animation.foundation    | animation.api                  | newengine-animation-foundation-... | animation             | animation.backend            | open | 0      | 10000  | selected_by_composition_solver score=10000 orig... |
[09:17:56.404] [[1;36mDEBUG[0m] | engine.assets                | active   | first-party-plugin | engine.assets.starvault        | asset_manager.api              | engine.assets.starvault            | assets                | asset_manager.backend        | open | 100    | 20100  | selected_by_composition_solver score=20100 orig... |
[09:17:56.404] [[1;36mDEBUG[0m] | engine.assets.definitions    | active   | engine-runtime     | engine.assets.starvault.def... | definitions.api                | newengine-definitions-runtime.e... | assets.definitions    | assets.definitions.backend   | open | 0      | 10000  | selected_by_composition_solver score=10000 orig... |
[09:17:56.405] [[1;36mDEBUG[0m] | engine.assets.dependencies   | active   | first-party-plugin | engine.assets.starvault.dep... | asset_manager.api              | engine.assets.starvault            | assets.dependencies   | assets.dependencies.backend  | open | 100    | 20100  | selected_by_composition_solver score=20100 orig... |
[09:17:56.405] [[1;36mDEBUG[0m] | engine.assets.edit           | active   | engine-runtime     | engine.assets.starvault.edit   | assets.edit.api                | newengine-assets.document-edit     | assets.edit           | assets.edit.backend          | open | 0      | 10000  | selected_by_composition_solver score=10000 orig... |
[09:17:56.405] [[1;36mDEBUG[0m] | engine.assets.graph          | active   | engine-runtime     | engine.assets.starvault.gra... | asset_graph.api                | newengine-asset-graph-runtime.h... | assets.graph          | assets.graph.backend         | open | 0      | 10000  | selected_by_composition_solver score=10000 orig... |
[09:17:56.405] [[1;36mDEBUG[0m] | engine.assets.import_queue   | active   | first-party-plugin | engine.assets.starvault.imp... | asset_manager.api              | engine.assets.starvault            | assets.import_queue   | assets.import_queue.backend  | open | 100    | 20100  | selected_by_composition_solver score=20100 orig... |
[09:17:56.405] [[1;36mDEBUG[0m] | engine.assets.inspect        | active   | engine-runtime     | engine.assets.starvault.ins... | assets.inspect.api             | newengine-assets.document-inspe... | assets.inspect        | assets.inspect.backend       | open | 0      | 10000  | selected_by_composition_solver score=10000 orig... |
[09:17:56.405] [[1;36mDEBUG[0m] | engine.assets.maps           | active   | first-party-plugin | engine.assets.maps.discrete    | maps.api                       | engine.assets.starvault            | assets.maps           | assets.maps.backend          | open | 200    | 20200  | selected_by_composition_solver score=20200 orig... |
[09:17:56.405] [[1;36mDEBUG[0m] | engine.assets.materials      | active   | engine-runtime     | engine.assets.starvault.mat... | materials.api                  | newengine-material-runtime.mate... | assets.materials      | assets.materials.backend     | open | 0      | 10000  | selected_by_composition_solver score=10000 orig... |
[09:17:56.405] [[1;36mDEBUG[0m] | engine.assets.models         | active   | engine-runtime     | engine.assets.starvault.mod... | model.api                      | newengine-model-runtime.model-g... | assets.models         | assets.models.backend        | open | 0      | 10000  | selected_by_composition_solver score=10000 orig... |
[09:17:56.405] [[1;36mDEBUG[0m] | engine.assets.package_writer | active   | first-party-plugin | engine.assets.starvault.pac... | asset_manager.api              | engine.assets.starvault            | assets.package_writer | assets.package_writer        | open | 100    | 20100  | selected_by_composition_solver score=20100 orig... |
[09:17:56.405] [[1;36mDEBUG[0m] | engine.assets.streaming      | active   | first-party-plugin | engine.assets.starvault.str... | asset_manager.api              | engine.assets.starvault            | assets.streaming      | assets.streaming.backend     | open | 100    | 20100  | selected_by_composition_solver score=20100 orig... |
[09:17:56.405] [[1;36mDEBUG[0m] | engine.assets.types          | active   | engine-runtime     | engine.assets.host.types       | asset.types.api                | newengine-assets.file-type-regi... | assets.types          | assets.types.backend         | open | 0      | 10000  | selected_by_composition_solver score=10000 orig... |
[09:17:56.406] [[1;36mDEBUG[0m] | engine.assets.ui             | active   | engine-runtime     | engine.assets.starvault.ui     | assets.ui.api                  | newengine-assets-ui-runtime.eng... | assets.ui             | assets.ui.backend            | open | 0      | 10000  | selected_by_composition_solver score=10000 orig... |
[09:17:56.406] [[1;36mDEBUG[0m] | engine.assets.uid            | active   | first-party-plugin | engine.assets.starvault.uid    | asset_manager.api              | engine.assets.starvault            | assets.uid            | assets.uid.backend           | open | 100    | 20100  | selected_by_composition_solver score=20100 orig... |
[09:17:56.406] [[1;36mDEBUG[0m] | engine.audio                 | active   | first-party-plugin | engine.audio.native            | audio.api                      | engine.audio.native                | audio                 | audio.backend                | open | 250    | 20250  | selected_by_composition_solver score=20250 orig... |
[09:17:56.406] [[1;36mDEBUG[0m] | engine.audio                 | shadowed | engine-runtime     | engine.audio.echo              | engine.audio                   | newengine-audio-world-runtime.a... | audio                 | audio.backend                | open | 0      | 10000  | shadowed_by service='audio.api' provider_route=... |
[09:17:56.406] [[1;36mDEBUG[0m] | engine.camera                | active   | engine-runtime     | engine.camera.stargazer        | engine.camera                  | newengine-engine-runtime.camera... | camera                | camera.backend               | open | 0      | 10000  | selected_by_composition_solver score=10000 orig... |
[09:17:56.406] [[1;36mDEBUG[0m] | engine.command               | active   | engine-runtime     | engine.command.console         | newengine.console.command      | newengine-console-runtime          | command               | newengine.console.command.v1 | open | 0      | 10000  | selected_by_composition_solver score=10000 orig... |
[09:17:56.406] [[1;36mDEBUG[0m] | engine.ecs                   | active   | first-party-plugin | engine.ecs.constellation       | ecs.api                        | engine.ecs.constellation           | ecs                   | ecs.backend                  | open | 500    | 20500  | selected_by_composition_solver score=20500 orig... |
[09:17:56.406] [[1;36mDEBUG[0m] | engine.ecs                   | shadowed | engine-runtime     | engine.ecs.foundation          | engine.ecs                     | newengine-ecs-runtime.ecs-gatew... | ecs                   | ecs.backend                  | open | 0      | 10000  | shadowed_by service='ecs.api' provider_route='e... |
[09:17:56.406] [[1;36mDEBUG[0m] | engine.entity                | active   | first-party-plugin | engine.entity.constellation    | entity.api                     | engine.ecs.constellation           | entity                | entity.backend               | open | 500    | 20500  | selected_by_composition_solver score=20500 orig... |
[09:17:56.406] [[1;36mDEBUG[0m] | engine.entity                | shadowed | engine-runtime     | engine.entity.foundation       | engine.entity                  | newengine-entity-runtime.entity... | entity                | entity.backend               | open | 0      | 10000  | shadowed_by service='entity.api' provider_route... |
[09:17:56.406] [[1;36mDEBUG[0m] | engine.input                 | active   | first-party-plugin | engine.input.compass           | newengine.input.v1             | engine.input.compass               | input                 | input.backend                | open | 100    | 20100  | selected_by_composition_solver score=20100 orig... |
[09:17:56.407] [[1;36mDEBUG[0m] | engine.input.bindings        | active   | engine-runtime     | engine.input.compass.bindin... | engine.input.bindings          | newengine-input-bindings-runtim... | input.bindings        | input.bindings.backend       | open | 0      | 10000  | selected_by_composition_solver score=10000 orig... |
[09:17:56.407] [[1;36mDEBUG[0m] | engine.jobs                  | active   | engine-runtime     | engine.jobs.core               | threading.api                  | newengine-runtime-host.threadin... | jobs                  | threading.backend            | open | 0      | 10000  | selected_by_composition_solver score=10000 orig... |
[09:17:56.407] [[1;36mDEBUG[0m] | engine.logging               | active   | first-party-plugin | engine.logging.chronicle       | logging.api                    | engine.logging.chronicle           | logging               | log.backend                  | open | 100    | 20100  | selected_by_composition_solver score=20100 orig... |
[09:17:56.407] [[1;36mDEBUG[0m] | engine.navigation            | active   | engine-runtime     | engine.navigation.foundation   | navigation.api                 | newengine-navigation-runtime.fo... | navigation            | navigation.backend           | open | 0      | 10000  | selected_by_composition_solver score=10000 orig... |
[09:17:56.407] [[1;36mDEBUG[0m] | engine.physics               | active   | first-party-plugin | engine.physics.gravitas        | physics.api                    | engine.physics.gravitas            | physics               | physics.backend              | open | 200    | 20200  | selected_by_composition_solver score=20200 orig... |
[09:17:56.407] [[1;36mDEBUG[0m] | engine.platform              | active   | engine-runtime     | engine.platform.winit          | engine.platform                | newengine-runtime-host.platform... | platform              | platform.backend             | open | 0      | 10000  | selected_by_composition_solver score=10000 orig... |
[09:17:56.407] [[1;36mDEBUG[0m] | engine.profiler              | active   | first-party-plugin | engine.profiler.starprofiler   | profiler.api                   | engine.profiler.starprofiler       | profiler              | profiler.backend             | open | 100    | 20100  | selected_by_composition_solver score=20100 orig... |
[09:17:56.407] [[1;36mDEBUG[0m] | engine.render                | active   | first-party-plugin | engine.render.vulkan           | render.api                     | engine.render.vulkan               | render                | render.backend               | open | 100    | 20100  | selected_by_composition_solver score=20100 orig... |
[09:17:56.407] [[1;36mDEBUG[0m] | engine.scene                 | active   | first-party-plugin | engine.scene.constellation     | scene.api                      | engine.ecs.constellation           | scene                 | scene.backend                | open | 500    | 20500  | selected_by_composition_solver score=20500 orig... |
[09:17:56.407] [[1;36mDEBUG[0m] | engine.scene                 | shadowed | engine-runtime     | engine.scene.foundation        | engine.scene                   | newengine-scene-runtime.scene-g... | scene                 | scene.backend                | open | 0      | 10000  | shadowed_by service='scene.api' provider_route=... |
[09:17:56.408] [[1;36mDEBUG[0m] | engine.schema                | active   | engine-runtime     | engine.schema.registry         | schema.api                     | newengine-schema-runtime.engine... | schema                | schema.registry              | open | 0      | 10000  | selected_by_composition_solver score=10000 orig... |
[09:17:56.408] [[1;36mDEBUG[0m] | engine.scripting             | active   | first-party-plugin | engine.scripting.typescript    | scripting.typescript.api       | engine.scripting.typescript        | scripting             | scripting.backend            | open | 190    | 30190  | selected_by_composition_solver score=30190 orig... |
[09:17:56.408] [[1;36mDEBUG[0m] | engine.scripting             | shadowed | engine-runtime     | engine.scripting.nullstar      | scripting.api                  | newengine-scripting-runtime.nul... | scripting             | scripting.backend            | open | -100   | 9900   | shadowed_by service='scripting.typescript.api' ... |
[09:17:56.408] [[1;36mDEBUG[0m] | engine.tags                  | active   | engine-runtime     | engine.tags.foundation         | tags.api                       | newengine-tags-runtime.foundati... | tags                  | tags.registry                | open | 0      | 10000  | selected_by_composition_solver score=10000 orig... |
[09:17:56.408] [[1;36mDEBUG[0m] | engine.tasks                 | active   | engine-runtime     | engine.tasks.foundation        | tasks.api                      | newengine-tasks-runtime.foundat... | tasks                 | tasks.backend                | open | 0      | 10000  | selected_by_composition_solver score=10000 orig... |
[09:17:56.408] [[1;36mDEBUG[0m] | engine.threading             | active   | engine-runtime     | engine.threading.core          | threading.api                  | newengine-runtime-host.threadin... | threading             | threading.backend            | open | 0      | 10000  | selected_by_composition_solver score=10000 orig... |
[09:17:56.408] [[1;36mDEBUG[0m] | engine.time                  | active   | engine-runtime     | engine.time.astrolabe          | time.api                       | newengine-time-runtime.engine-r... | time                  | time.backend                 | open | 0      | 10000  | selected_by_composition_solver score=10000 orig... |
[09:17:56.408] [[1;36mDEBUG[0m] | engine.ui                    | active   | first-party-plugin | engine.ui.egui                 | egui.ui.api                    | engine.ui.egui                     | ui                    | ui.backend                   | open | 400    | 20400  | selected_by_composition_solver score=20400 orig... |
[09:17:56.408] [[1;36mDEBUG[0m] | engine.ui.notify             | active   | engine-runtime     | engine.ui.notify.runtime       | ui.notify.runtime              | newengine-ui-notify-runtime.eng... | ui.notify             | ui.notify.backend            | open | 0      | 10000  | selected_by_composition_solver score=10000 orig... |
[09:17:56.408] [[1;36mDEBUG[0m] | engine.visibility            | active   | first-party-plugin | engine.visibility.vulkan       | visibility.api                 | engine.render.vulkan               | visibility            | visibility.backend           | open | 100    | 20100  | selected_by_composition_solver score=20100 orig... |
[09:17:56.408] [[1;36mDEBUG[0m] | engine.world                 | active   | engine-runtime     | engine.world.foundation        | world.api                      | newengine-world-runtime.world-g... | world                 | world.backend                | open | 0      | 10000  | selected_by_composition_solver score=10000 orig... |
[09:17:56.408] [[1;36mDEBUG[0m] | engine.world.environment     | active   | engine-runtime     | engine.world.default.enviro... | world.environment.default.a... | newengine-world-environment-run... | world.environment     | world.environment.backend    | open | 0      | 10000  | selected_by_composition_solver score=10000 orig... |
[09:17:56.409] [[1;36mDEBUG[0m] | engine.world.environment     | shadowed | null-provider      | engine.world.null.environme... | world.environment.null.api     | newengine-world-environment-run... | world.environment     | world.environment.backend    | open | -10000 | -10000 | shadowed_by service='world.environment.default.... |
[09:17:56.409] [[1;36mDEBUG[0m] +------------------------------+----------+--------------------+--------------------------------+--------------------------------+------------------------------------+-----------------------+------------------------------+------+--------+--------+----------------------------------------------------+
[09:17:56.409] [[1;36mDEBUG[0m] plugins: path id='engine.assets.starvault' caps=9 path='C:/Users/Calista Verner/Documents/NorthStar/pluginsRuntime/starVault-assetManager-3.8.0-release.dll'
[09:17:56.409] [[1;36mDEBUG[0m] plugins: path id='engine.audio.native' caps=3 path='C:/Users/Calista Verner/Documents/NorthStar/pluginsRuntime/native-audio-0.9.1-release.dll'
[09:17:56.409] [[1;36mDEBUG[0m] plugins: path id='engine.ecs.constellation' caps=6 path='C:/Users/Calista Verner/Documents/NorthStar/pluginsRuntime/constellation-ecs-0.1.5-release.dll'
[09:17:56.409] [[1;36mDEBUG[0m] plugins: path id='engine.input.compass' caps=3 path='C:/Users/Calista Verner/Documents/NorthStar/pluginsRuntime/compass-input-0.5.0-release.dll'
[09:17:56.409] [[1;36mDEBUG[0m] plugins: path id='engine.logging.chronicle' caps=9 path='C:/Users/Calista Verner/Documents/NorthStar/pluginsRuntime/chronicle-logging-0.8.3-release.dll'
[09:17:56.409] [[1;36mDEBUG[0m] plugins: path id='engine.physics.gravitas' caps=2 path='C:/Users/Calista Verner/Documents/NorthStar/pluginsRuntime/gravitas-physics-0.3.2-release.dll'
[09:17:56.409] [[1;36mDEBUG[0m] plugins: path id='engine.platform.winit' caps=3 path='C:/Users/Calista Verner/Documents/NorthStar/pluginsRuntime/winit-platform-0.5.11-release.dll'
[09:17:56.409] [[1;36mDEBUG[0m] plugins: path id='engine.profiler.starprofiler' caps=4 path='C:/Users/Calista Verner/Documents/NorthStar/pluginsRuntime/starProfiler-profiler-0.2.1-release.dll'
[09:17:56.410] [[1;36mDEBUG[0m] plugins: path id='engine.render.vulkan' caps=6 path='C:/Users/Calista Verner/Documents/NorthStar/pluginsRuntime/vulkan-renderer-0.33.7-release.dll'
[09:17:56.410] [[1;36mDEBUG[0m] plugins: path id='engine.scripting.typescript' caps=2 path='C:/Users/Calista Verner/Documents/NorthStar/pluginsRuntime/typeScriptScriptEngine-0.4.1-release.dll'
[09:17:56.410] [[1;36mDEBUG[0m] plugins: path id='engine.ui.egui' caps=2 path='C:/Users/Calista Verner/Documents/NorthStar/pluginsRuntime/egui-ui-0.3.0-release.dll'
[09:17:56.410] [[1;36mDEBUG[0m] plugins: path id='newengine.editing.tools' caps=1 path='C:/Users/Calista Verner/Documents/NorthStar/pluginsRuntime/editing-tools-0.3.0-release.dll'
[09:17:56.410] [[1;36mDEBUG[0m] plugins: path id='newengine.game-module.fps' caps=1 path='C:/Users/Calista Verner/Documents/NorthStar/pluginsRuntime/fps-game-0.1.1-release.dll'
[09:17:56.410] [[1;32mINFO [0m] platform runtime bootstrap: overlay status='Loading engine plugins... (12/12)' detail='Discovering runtime providers, services and renderer bridge.' progress=56%
[09:17:56.410] [[1;32mINFO [0m] platform runtime: engine plugins init completed loaded_count=12
[09:17:56.410] [[1;32mINFO [0m] ui provider: origin='engine-plugins-loaded' discovered gateway='engine.ui' active gateway-backed
[09:17:56.411] [[1;32mINFO [0m] platform runtime bootstrap: overlay status='Engine plugins loaded (12).' detail='Runtime services are registered. Preparing startup graph.' progress=56%
[09:17:56.427] [[1;32mINFO [0m] platform runtime bootstrap: overlay status='Starting engine modules...' detail='Dispatching startup graph, readiness gates and scene bootstrap.' progress=74%
[09:17:56.443] [[1;32mINFO [0m] platform runtime bootstrap: overlay status='Initializing core systems...' detail='Core FSM is entering init-system and preparing startup services.' progress=74%
[09:17:56.459] [[1;32mINFO [0m] engine state: created -> init-system
[09:17:56.460] [[1;36mDEBUG[0m] startup fsm: phase enter-system-init -> validate-api-contracts run_state='init-system' modules=0/11 plugins=13
[09:17:56.460] [[1;32mINFO [0m] platform runtime bootstrap: overlay status='Core FSM entered init-system.' detail='Shutdown token, scheduler, resources and service registries are ready for module bootstrap.' progress=75%
[09:17:56.476] [[1;36mDEBUG[0m] startup fsm: phase validate-api-contracts -> enter-game-init run_state='init-system' modules=0/11 plugins=13
[09:17:56.476] [[1;32mINFO [0m] platform runtime bootstrap: overlay status='API contracts validated.' detail='Strict API/service requirements passed before module initialization.' progress=77%
[09:17:56.493] [[1;32mINFO [0m] engine state: init-system -> init-game
[09:17:56.493] [[1;36mDEBUG[0m] startup fsm: phase enter-game-init -> prepare-module-order run_state='init-game' modules=0/11 plugins=13
[09:17:56.493] [[1;32mINFO [0m] platform runtime bootstrap: overlay status='Core FSM entered init-game.' detail='Runtime modules can now be ordered and initialized through the startup graph.' progress=78%
[09:17:56.509] [[1;32mINFO [0m] platform runtime bootstrap: overlay status='Startup module order resolved.' detail='11 module(s) scheduled with Strict fault tolerance.' progress=79%
[09:17:56.526] [[1;32mINFO [0m] startup fsm: module init complete module='engine.project.content_mounts' index=1 total=11 elapsed_ms=0
[09:17:56.526] [[1;32mINFO [0m] platform runtime bootstrap: overlay status='Module initialized (1/11).' detail='Module 'engine.project.content_mounts' completed init().' progress=80%
[09:17:56.542] [[1;32mINFO [0m] startup fsm: module init complete module='engine.game.module-contract' index=2 total=11 elapsed_ms=0
[09:17:56.543] [[1;32mINFO [0m] platform runtime bootstrap: overlay status='Module initialized (2/11).' detail='Module 'engine.game.module-contract' completed init().' progress=81%
[09:17:56.559] [[1;32mINFO [0m] physics backend: service bridge bound id='engine.physics.gravitas' name='Gravitas Physics' version='0.3.2' provider='engine.physics.gravitas' provider_state='registered' matched_by='active-gateway-route:engine.physics->physics.api owner:engine.physics.gravitas capability:physics.backend score:20200' debug_text='North Star | Gravitas Physics' protocol=v1.0.0 features=8
[09:17:56.559] [[1;32mINFO [0m] startup fsm: module init complete module='physics.runtime.loader' index=3 total=11 elapsed_ms=0
[09:17:56.560] [[1;32mINFO [0m] platform runtime bootstrap: overlay status='Module initialized (3/11).' detail='Module 'physics.runtime.loader' completed init().' progress=81%
[09:17:56.576] [[1;32mINFO [0m] render backend: service bridge bound id='engine.render.vulkan' name='Vulkan Renderer' version='0.33.7' provider='engine.render.vulkan' provider_state='registered' matched_by='active-gateway-route:engine.render->render.api owner:engine.render.vulkan capability:render.backend score:20100' debug_text='' protocol=v2.0.0 features=68 hardware_tier=Rtx frames_in_flight=3 completion_events=true device_loss=Fatal device_recreate=false resource_replay=false upload_budget=8MB/frame
[09:17:56.576] [[1;32mINFO [0m] startup fsm: module init complete module='render.runtime.loader' index=4 total=11 elapsed_ms=0
[09:17:56.577] [[1;32mINFO [0m] platform runtime bootstrap: overlay status='Module initialized (4/11).' detail='Module 'render.runtime.loader' completed init().' progress=82%
[09:17:56.593] [[1;32mINFO [0m] startup fsm: module init complete module='engine.runtime.audio-native' index=5 total=11 elapsed_ms=0
[09:17:56.593] [[1;32mINFO [0m] platform runtime bootstrap: overlay status='Module initialized (5/11).' detail='Module 'engine.runtime.audio-native' completed init().' progress=83%
[09:17:56.610] [[1;32mINFO [0m] startup fsm: module init complete module='engine.audio.orchestration.runtime' index=6 total=11 elapsed_ms=0
[09:17:56.610] [[1;32mINFO [0m] platform runtime bootstrap: overlay status='Module initialized (6/11).' detail='Module 'engine.audio.orchestration.runtime' completed init().' progress=83%
[09:17:56.626] [[1;32mINFO [0m] startup fsm: module init complete module='engine.audio.ambience-runtime' index=7 total=11 elapsed_ms=0
[09:17:56.627] [[1;32mINFO [0m] platform runtime bootstrap: overlay status='Module initialized (7/11).' detail='Module 'engine.audio.ambience-runtime' completed init().' progress=84%
[09:17:56.643] [[1;32mINFO [0m] startup fsm: module init complete module='engine.audio.scene-runtime' index=8 total=11 elapsed_ms=0
[09:17:56.643] [[1;32mINFO [0m] platform runtime bootstrap: overlay status='Module initialized (8/11).' detail='Module 'engine.audio.scene-runtime' completed init().' progress=84%
[09:17:56.660] [[1;32mINFO [0m] startup fsm: module init complete module='engine.authored_world.bootstrap' index=9 total=11 elapsed_ms=0
[09:17:56.660] [[1;32mINFO [0m] platform runtime bootstrap: overlay status='Module initialized (9/11).' detail='Module 'engine.authored_world.bootstrap' completed init().' progress=85%
[09:17:56.676] [[1;32mINFO [0m] startup fsm: module init complete module='engine.render_controller' index=10 total=11 elapsed_ms=0
[09:17:56.677] [[1;32mINFO [0m] platform runtime bootstrap: overlay status='Module initialized (10/11).' detail='Module 'engine.render_controller' completed init().' progress=85%
[09:17:56.693] [[1;32mINFO [0m] ui notify: message pipeline subscribed gateway='engine.ui.notify' message_ids=5 capacity=64 visible_limit=4
[09:17:56.693] [[1;32mINFO [0m] startup fsm: module init complete module='engine.ui.notify.runtime.module' index=11 total=11 elapsed_ms=0
[09:17:56.694] [[1;36mDEBUG[0m] startup fsm: phase init-modules -> startup-graph-initial run_state='init-game' modules=11/11 plugins=13
[09:17:56.694] [[1;32mINFO [0m] platform runtime bootstrap: overlay status='Module initialized (11/11).' detail='Module 'engine.ui.notify.runtime.module' completed init().' progress=86%
[09:17:56.710] [[1;32mINFO [0m] startup graph: phase='after-init' satisfied='EnginePluginsReady' modules=11
[09:17:56.711] [[1;36mDEBUG[0m] [startup] StartupGraph :: Modules [after-init]
[09:17:56.711] [[1;36mDEBUG[0m] [startup] +------------------------------------+---------+--------------------+---------+
[09:17:56.711] [[1;36mDEBUG[0m] [startup] | module                             | state   | requires           | missing |
[09:17:56.711] [[1;36mDEBUG[0m] [startup] | engine.project.content_mounts      | Pending | EnginePluginsReady | -       |
[09:17:56.711] [[1;36mDEBUG[0m] [startup] | engine.game.module-contract        | Pending | EnginePluginsReady | -       |
[09:17:56.711] [[1;36mDEBUG[0m] [startup] | physics.runtime.loader             | Pending | -                  | -       |
[09:17:56.711] [[1;36mDEBUG[0m] [startup] | render.runtime.loader              | Pending | -                  | -       |
[09:17:56.711] [[1;36mDEBUG[0m] [startup] | engine.runtime.audio-native        | Pending | -                  | -       |
[09:17:56.711] [[1;36mDEBUG[0m] [startup] | engine.audio.orchestration.runtime | Pending | -                  | -       |
[09:17:56.712] [[1;36mDEBUG[0m] [startup] | engine.audio.ambience-runtime      | Pending | -                  | -       |
[09:17:56.712] [[1;36mDEBUG[0m] [startup] | engine.audio.scene-runtime         | Pending | -                  | -       |
[09:17:56.712] [[1;36mDEBUG[0m] [startup] | engine.authored_world.bootstrap    | Pending | EnginePluginsReady | -       |
[09:17:56.712] [[1;36mDEBUG[0m] [startup] | engine.render_controller           | Pending | -                  | -       |
[09:17:56.712] [[1;36mDEBUG[0m] [startup] | engine.ui.notify.runtime.module    | Pending | -                  | -       |
[09:17:56.712] [[1;36mDEBUG[0m] [startup] +------------------------------------+---------+--------------------+---------+
[09:17:56.712] [[1;32mINFO [0m] startup graph: starting module module='engine.project.content_mounts' origin='initial' requires='EnginePluginsReady'
[09:17:56.713] [[1;32mINFO [0m] engine content: deferred VFS roots mounted roots=1
[09:17:56.716] [[1;32mINFO [0m] project content: MOUNT: game:/ <- C:\Users\Calista Verner\Documents\NorthStar\NewEngine\neocore2\..\..\Projects\PhysicsPlayground\Content/definitions priority=305
[09:17:56.716] [[1;32mINFO [0m] project content: MOUNT: game:/ <- C:\Users\Calista Verner\Documents\NorthStar\NewEngine\neocore2\..\..\Projects\PhysicsPlayground\Content/scripts priority=305
[09:17:56.716] [[1;32mINFO [0m] project content: MOUNT: game:/ <- C:\Users\Calista Verner\Documents\NorthStar\NewEngine\neocore2\..\..\Projects\PhysicsPlayground\Content priority=300
[09:17:56.716] [[1;32mINFO [0m] project content: MOUNT: project:/ <- C:\Users\Calista Verner\Documents\NorthStar\NewEngine\neocore2\..\..\Projects\PhysicsPlayground\../../Shared/Content priority=220
[09:17:56.717] [[1;32mINFO [0m] project content: SOURCE: C:\Users\Calista Verner\Documents\NorthStar\NewEngine\neocore2\..\..\Projects\PhysicsPlayground aliases=16 policy=compiled_first_source_fallback.v1
[09:17:56.717] [[1;32mINFO [0m] project content: SOURCE: C:\Users\Calista Verner\Documents\NorthStar\NewEngine\neocore2\..\..\Projects\PhysicsPlayground\../../Shared aliases=587 policy=compiled_first_source_fallback.v1
[09:17:56.717] [[1;32mINFO [0m] project content: mount barrier ready mounts=4
[09:17:56.719] [[1;32mINFO [0m] game scripting: entrypoint loaded ref='scripts/fps_gameplay.ysc' runtime='typescript'
[09:17:56.719] [[1;32mINFO [0m] startup graph: starting module module='engine.game.module-contract' origin='initial' requires='EnginePluginsReady'
[09:17:56.720] [[1;32mINFO [0m] game-module contract ready id='newengine.game-module.fps' version='1.0.0' requirements=4 providers=4 capabilities=6 required_services=0
[09:17:56.720] [[1;32mINFO [0m] startup graph: starting module module='physics.runtime.loader' origin='initial' requires='-'
[09:17:56.720] [[1;32mINFO [0m] startup graph: starting module module='render.runtime.loader' origin='initial' requires='-'
[09:17:56.720] [[1;32mINFO [0m] startup graph: starting module module='engine.runtime.audio-native' origin='initial' requires='-'
[09:17:56.720] [[1;32mINFO [0m] startup graph: starting module module='engine.audio.orchestration.runtime' origin='initial' requires='-'
[09:17:56.720] [[1;32mINFO [0m] startup graph: starting module module='engine.audio.ambience-runtime' origin='initial' requires='-'
[09:17:56.721] [[1;32mINFO [0m] startup graph: starting module module='engine.audio.scene-runtime' origin='initial' requires='-'
[09:17:56.721] [[1;32mINFO [0m] startup graph: starting module module='engine.authored_world.bootstrap' origin='initial' requires='EnginePluginsReady'
[09:17:56.722] [[1;32mINFO [0m] authored-world bootstrap contributor begin contributor='project.game-data' map='maps/physics_playground.ymap@map' cells=1 provider='engine.authored-world.ymap-bootstrap'
[09:17:56.723] [[1;32mINFO [0m] authored-world bootstrap contributor begin contributor='newengine.game-module.fps.authored-world-assembly' map='maps/physics_playground.ymap@map' cells=1 provider='engine.authored-world.ymap-bootstrap'
[09:17:56.724] [[1;32mINFO [0m] authored-world map read: canonical accepted path='maps/physics_playground.ymap' module='engine.assets.formats.maps.ymap' kind='discrete_map_dictionary'
[09:17:56.724] [[1;32mINFO [0m] authored-world ymap read: decode start path='maps/physics_playground.ymap' output='asset.list_file_body' selector=null
[09:17:56.725] [[1;32mINFO [0m] authored-world ymap read: decode complete path='maps/physics_playground.ymap' output='asset.list_file_body' payload_bytes=6454
[09:17:56.725] [[1;32mINFO [0m] authored-world ymap read: XML accepted path='maps/physics_playground.ymap' payload_bytes=6454 root='YmapMapDefinition' schema='newengine.map.definition.v2' child_elements=1
[09:17:56.725] [[1;32mINFO [0m] authored-world ymap read: semantic XML projection path='maps/physics_playground.ymap' section='root' definitions=0 placements=16 definition_refs=0 prefabs=0 terrain_surface_layer_nodes=0 terrain_surface_nodes=0 terrain_heightmap_nodes=0 terrain_streaming_nodes=0 profile_present=false policy='xml metadata projected into AuthoredWorldProfile; runtime semantics stay outside generic AssetManager'
[09:17:56.725] [[1;32mINFO [0m] authored-world ymap read: profile materialized path='maps/physics_playground.ymap' source='authored-world.defaults' title='' terrain_cells=16x16 terrain_size=4x4 base_height=0 height_scale=0.05 generator='' surface_mode='multi_textured_projected_3ch' surface_status='single_material_fallback' surface_layer_count=0 projected_surface=[forest='',sand='',rock=''] surface_layers=[<none>] heightmap_status='disabled_by_profile' heightmap_enabled=false heightmap_source='' heightmap_mode='blend' heightmap_strength=0 heightmap_range=[0,0] heightmap_tile_scale=[0.0001,0.0001] heightmap_tile_offset=[0,0] heightmap_invert=false streaming_enabled=false chunk_radius=0 unload_radius=1 max_chunks_per_frame=1 launch_radius=0 launch_resident_chunks=1 target_resident_chunks=1 definitions=0 prefabs=0 terrain_package_status='degraded'
[09:17:56.726] [[1;32mINFO [0m] authored-world ymap read: terrain surface package path='maps/physics_playground.ymap' status='not_applicable' reason='procedural terrain disabled by authored profile'
[09:17:56.726] [[1;32mINFO [0m] authored-world ymap read: terrain heightmap path='maps/physics_playground.ymap' status='disabled_by_profile' enabled=false source='' mode='blend' strength=0 range=[0,0] tile_scale=[0.0001,0.0001] tile_offset=[0,0] invert=false runtime_loader='engine.assets.textures.entry_rgba8_v1' policy='heightmap source must be a .ytd@entry texture reference'
[09:17:56.726] [[1;32mINFO [0m] authored-world ymap read: terrain streaming path='maps/physics_playground.ymap' enabled=false render_radius=0 unload_radius=1 max_chunks_per_frame=1 launch_radius=0 launch_resident_chunks=1 target_resident_chunks=1 policy='warm small launch ring before gate; full render radius streams after public Play'
[09:17:56.726] [[1;32mINFO [0m] authored-world ymap read: terrain package readiness path='maps/physics_playground.ymap' status='degraded' surface_status='single_material_fallback' heightmap_status='disabled_by_profile' projected_layers=0 required_layers=3 streaming_enabled=false package_contract='ymap.terrain -> surface layers + heightmap + streaming plan'
[09:17:56.727] [[1;36mDEBUG[0m] authored-world: map definition catalog unavailable map='maps/physics_playground.ymap@map' path='maps/physics_playground.definition_catalog' fallback='engine.assets.definitions per-entry'
[09:17:56.730] [[1;32mINFO [0m] authored-world: authored player camera selected id='player_camera' definition_ref='definitions/camera/player_camera.ytyp@player_camera' position=Vec3 { x: 0.0, y: 2.92, z: 11.0 } rotation_ypr=Vec3 { x: 3.1415927, y: 0.0, z: 0.0 } policy='YMAP declares camera instance; YTYP defines behavior'
[09:17:56.730] [[1;32mINFO [0m] authored-world: authored player spawn selected id='player_start' position=Vec3 { x: 0.0, y: 2.2, z: 11.0 } yaw=3.142 policy='YMAP spawn marker owns map start position'
[09:17:56.731] [[1;32mINFO [0m] authored-world: loaded discrete YMAP v2 map='maps/physics_playground.ymap@map' cells_total=1 cells_initial=1 prefabs_initial=15 resolved_definitions=6 spawn_cell=0,0 launch_render_radius=1 launch_simulation_radius=1 view_distance_meters=Some(1000.0) render_radius=16 simulation_radius=1 render_unload_radius=17 simulation_unload_radius=2 policy='launch ring resident before public Play; steady-state dual-domain cells stream after activation by player position'
[09:17:56.732] [[1;32mINFO [0m] fps-authored game-data player input policy: look_sensitivity=0.002200 character_ref='shared/definitions/fps/player_abby.ytyp@player_abby' policy='GameData selects character/input policy; YMAP owns spawn; YTYP owns model/body/locomotion'
[09:17:56.732] [[1;32mINFO [0m] fps-authored player character selection: definition_ref='shared/definitions/fps/player_abby.ytyp@player_abby' policy='every game has a playable visual character; Shared preset hydrates model and character tuning'
[09:17:56.733] [[1;32mINFO [0m] game-ready camera definition hydrated camera='player_camera' ref='definitions/camera/player_camera.ytyp@player_camera' fields=67 source='engine.assets.definitions/newengine.camera' policy='no engine camera fallback'
[09:17:56.734] [[1;36mDEBUG[0m] game-ready ytyp metadata: definition_ref='definitions/camera/player_camera.ytyp@player_camera' has no newengine.game_ready namespace; graph-only definition
[09:17:56.734] [[1;32mINFO [0m] game-ready ytyp metadata: consumed definition_ref='definitions/camera/player_camera.ytyp@player_camera' applied_constants=0 policy='metadata constants from engine.assets.definitions; no runtime json material source'
[09:17:56.735] [[1;32mINFO [0m] game-ready ytyp render policy: target='sky' definition_ref='shared/definitions/environment/default_sky.ytyp@default_sky' role=SkyBackground shadow_policy=None source='engine.assets.definitions/.ytyp'
[09:17:56.735] [[1;32mINFO [0m] game-ready ytyp sky drawable: definition_ref='shared/definitions/environment/default_sky.ytyp@default_sky' mesh='models/environment/skydome.ydd@skydome_high' source='model_explanation.drawable_ref' policy='YTYP dependency graph owns skydome asset identity'
[09:17:56.736] [[1;36mDEBUG[0m] game-ready ytyp metadata: material key='moon' asset='shared/materials/environment_default.nemat@moon_disk' source='shared/definitions/environment/default_sky.ytyp@default_sky'
[09:17:56.736] [[1;36mDEBUG[0m] game-ready ytyp metadata: material key='sky' asset='shared/materials/environment_default.nemat@sky_cloud_default' source='shared/definitions/environment/default_sky.ytyp@default_sky'
[09:17:56.736] [[1;36mDEBUG[0m] game-ready ytyp metadata: material key='sun' asset='shared/materials/environment_default.nemat@sun_disk' source='shared/definitions/environment/default_sky.ytyp@default_sky'
[09:17:56.736] [[1;32mINFO [0m] game-ready ytyp metadata: consumed definition_ref='shared/definitions/environment/default_sky.ytyp@default_sky' applied_constants=12 policy='metadata constants from engine.assets.definitions; no runtime json material source'
[09:17:56.737] [[1;32mINFO [0m] game-ready ytyp render policy: target='player' definition_ref='shared/definitions/fps/player_abby.ytyp@player_abby' role=CharacterBody shadow_policy=CastAndReceive source='engine.assets.definitions/.ytyp'
[09:17:56.738] [[1;32mINFO [0m] fps-content ytyp metadata: player model descriptor source='models/characters/abby/abby.ydd@abby' properties_ref=Some("shared/definitions/fps/player_abby.ytyp@player_abby") policy='.ytyp connects model source to material bindings'
[09:17:56.738] [[1;32mINFO [0m] game-ready ytyp player motion_response: velocity_k=7.000 decel_k=10.000 dampen=1.000 speed_k=4.600 max_accel=-1.000 trans_clamp_dist=0.0100 policy='authored spring/K payload; max_accel sentinel semantics unresolved'
[09:17:56.738] [[1;32mINFO [0m] game-ready ytyp metadata: consumed definition_ref='shared/definitions/fps/player_abby.ytyp@player_abby' applied_constants=126 policy='metadata constants from engine.assets.definitions; no runtime json material source'
[09:17:56.739] [[1;32mINFO [0m] game-ready ytyp metadata: completed definitions=3 applied_constants=138 chain='.ytyp -> .ytyd -> .ydd -> .nemat -> .ytd'
[09:17:56.739] [[1;33mWARN [0m] authored material: unresolved name='Environment/ProceduralTerrain' asset=None action='register_diagnostic_material'
[09:17:56.739] [[1;36mDEBUG[0m] assets.materials.load_descriptor_v1: physical library load source='shared/materials/environment_default.nemat' selector='sky_cloud_default' output_kind='asset.list_file_body' policy='one NEMAT read+XML parse -> many selector projections'
[09:17:56.740] [[1;32mINFO [0m] assets.materials: physical NEMAT library cached source='shared/materials/environment_default.nemat' entries=3 body_bytes=2062 policy='single physical read+parse; selector projection from decoded library'
[09:17:56.740] [[1;36mDEBUG[0m] assets.materials.load_descriptor_v1: decoded source='shared/materials/environment_default.nemat' selector='sky_cloud_default' texture_slots=4 params=5
[09:17:56.740] [[1;33mWARN [0m] authored material: unresolved name='Environment/Tree/Bark' asset=None action='register_diagnostic_material'
[09:17:56.740] [[1;33mWARN [0m] authored material: unresolved name='Environment/Tree/Leaf' asset=None action='register_diagnostic_material'
[09:17:56.741] [[1;33mWARN [0m] authored material: unresolved name='Environment/Tree/Branch' asset=None action='register_diagnostic_material'
[09:17:56.741] [[1;32mINFO [0m] fps-authored game-data snapshot installed source='newengine.game_data.script:scripts/game_data.ysc#game_data+character:shared/definitions/fps/player_abby.ytyp@player_abby' schema='newengine.game_data.v2' version=2
[09:17:56.741] [[1;32mINFO [0m] fps-authored acoustic material library installed rules=0 source='Shared/project YTYP metadata' fallback='transparent'
[09:17:56.741] [[1;32mINFO [0m] fps-authored scene layout: all authored scene elements are ordinary ECS entities environment=EntityId(3v1) terrain=EntityId(4v1) foliage=EntityId(5v1) definitions=EntityId(6v1) actors=EntityId(7v1) cameras=EntityId(8v1) policy='no special scene side-channel elements'
[09:17:56.741] [[1;32mINFO [0m] fps-authored: instantiated authored player camera entity=EntityId(9v1) id='player_camera' definition_ref='definitions/camera/player_camera.ytyp@player_camera' target='player'
[09:17:56.742] [[1;32mINFO [0m] game-ready sky cycle: engine.time game clock set source='scene.day_night' tod=11.50h day_of_year=172 day_len=720.0s normalized_day=0.479167 time_scale=1.000
[09:17:56.742] [[1;36mDEBUG[0m] game-ready live sky: experimental spatial cloud shadows disabled
[09:17:56.742] [[1;32mINFO [0m] game-ready atmosphere: profile='atmosphere/default_temperate.yatmos@profile' p=999.0hPa T=15.23C Td=8.64C RH=0.647 q=7.00g/kg rho=1.202kg/m3 LCL=824m PW=24.96mm CWP=0.000kg/m2 condensation=0.000 CAPE=0J/kg CIN=320J/kg cloud_top=824m aerosol=0.100 visibility=32600m
[09:17:56.742] [[1;32mINFO [0m] game-ready live sky: frame=0 profile='environment.default' weather='weather.clear.dry_high_pressure' tod=0.479 sun_y=0.962 sun_lux=103298.6 day=1.000 overcast=0.000 target_clouds=0.000 live_clouds=0.015 absorption=0.000 sky_light=0.520 haze=0.062 -> clear_sun=4.552 world_sun=4.552 ambient=0.362 world_ambient=0.362 sun_cloud_raw=0.000 sun_cloud=0.000 optical_depth=0.000 transmittance=1.000 world_shadow=0.000 map=[1.000,1.000,1.000,1.000,1.000] spread=0.000 history=0.000 erosion=[freq:0.0320,strength:0.140,fade:96.0] deck=[base:824,thickness:320,density:0.000,high:0.000/0.000] air=[humidity:0.647,aerosol:0.100,precip:0.000] wind_offset=[576.3762,282.1557] evolution=0.5057 lifecycle=0.6753 gust=1.004
[09:17:56.743] [[1;36mDEBUG[0m] game-ready environment bridge: visual asset group='environment.visuals.game_ready_skydome.v1' dictionary='textures/environment/skydome.ytd' sky='textures/environment/skydome.ytd@starfield' sun='procedural://engine.world.environment/celestial/sun_disk' moon='textures/environment/skydome.ytd@moon_new' cloud_density='textures/environment/sky_clouds_v2.ytd@cloud_base_shape' weather='weather/clear.yweather@dry_high_pressure'
[09:17:56.743] [[1;32mINFO [0m] game-ready sky cycle: tod=11.50h day_of_year=172 day_len=720.0s ambient=[0.42, 0.47, 0.56]/0.300 sun_dir=[-0.53590363, -0.7989835, -0.27282366] sun=[1.0, 0.955, 0.86]/4.600 shadows=true strength=0.720 cascades=4 resolution=4096 max_distance=180.0m filter=Pcss pcss=[angle=0.266deg blocker_radius=3.00px max_filter=5.00px blocker_samples=10 filter_samples=12 min_filter=0.18px stable_cell=8.00px] sun_entity=EntityId(2v1) sky_cycle_anchor=EntityId(10v1) policy='scene-owned semantic anchors are entities'
[09:17:56.743] [[1;32mINFO [0m] fps-authored terrain: procedural terrain disabled; authored world reference entity=EntityId(11v1) base_height=0 policy='no default terrain mesh, no default terrain collider'
[09:17:56.743] [[1;36mDEBUG[0m] authored map cell root created map='maps/physics_playground.ymap@map' cell=0,0 entity=EntityId(12v1)
[09:17:56.743] [[1;32mINFO [0m] authored map streaming initialized map='maps/physics_playground.ymap@map' cells_total=1 render_resident=1 simulation_resident=1 render_radius=16 simulation_radius=1 render_unload_radius=17 simulation_unload_radius=2 max_cells_per_tick=1 max_pending_jobs=4 policy='generic authored-world controller owns prediction/residency/preparation; authored-world runtime owns ECS/material admission'
[09:17:56.744] [[1;32mINFO [0m] static world bootstrap queued models=15 dictionaries=6 policy='parallel dictionary-aware YDD decode on engine.threading; bounded ECS/GPU admission'
[09:17:56.744] [[1;32mINFO [0m] authored-environment foliage placement deferred: prefab='' policy='authored static world -> collision admission -> ground ray -> instance'
[09:17:56.745] [[1;32mINFO [0m] fps-authored: skydome imported through AssetManager path='models/environment/skydome.ydd@skydome_high' vertices=14592 indices=14592 policy='.ytyp -> .ydd/.ne3d -> engine.assets'
[09:17:56.746] [[1;36mDEBUG[0m] game-ready live sky: experimental spatial cloud shadows disabled
[09:17:56.746] [[1;32mINFO [0m] game-ready atmosphere: profile='atmosphere/default_temperate.yatmos@profile' p=999.0hPa T=15.23C Td=8.64C RH=0.647 q=7.00g/kg rho=1.202kg/m3 LCL=824m PW=24.96mm CWP=0.000kg/m2 condensation=0.000 CAPE=0J/kg CIN=320J/kg cloud_top=824m aerosol=0.100 visibility=32600m
[09:17:56.746] [[1;32mINFO [0m] game-ready live sky: frame=0 profile='environment.default' weather='weather.clear.dry_high_pressure' tod=0.479 sun_y=0.962 sun_lux=103298.6 day=1.000 overcast=0.000 target_clouds=0.000 live_clouds=0.015 absorption=0.000 sky_light=0.520 haze=0.062 -> clear_sun=4.552 world_sun=4.552 ambient=0.362 world_ambient=0.362 sun_cloud_raw=0.000 sun_cloud=0.000 optical_depth=0.000 transmittance=1.000 world_shadow=0.000 map=[1.000,1.000,1.000,1.000,1.000] spread=0.000 history=0.000 erosion=[freq:0.0320,strength:0.140,fade:96.0] deck=[base:824,thickness:320,density:0.000,high:0.000/0.000] air=[humidity:0.647,aerosol:0.100,precip:0.000] wind_offset=[576.3762,282.1557] evolution=0.5057 lifecycle=0.6753 gust=1.004
[09:17:56.746] [[1;32mINFO [0m] fps-authored skydome: follow_camera=true radius=220.0 mesh='models/environment/skydome.ydd@skydome_high' clouds='textures/environment/sky_clouds_v2.ytd' profile='temperate_cumulus_dynamic' celestial_visuals='procedural_in_sky_shader'
[09:17:56.746] [[1;36mDEBUG[0m] definitions.runtime: fps-authored definition batch count=3 policy='.ymap placements declare apply_mode; .ytyp dependencies are graph inputs, not implicit render/spawn commands'
[09:17:56.747] [[1;36mDEBUG[0m] definitions.runtime: metadata-only definition_ref='definitions/camera/player_camera.ytyp@player_camera' graph_resolution='skipped' apply_mode='metadata_only' policy='domain metadata already consumed; no generic ECS/render marker and no recursive graph hydration'
[09:17:56.747] [[1;36mDEBUG[0m] definitions.runtime: metadata-only definition_ref='shared/definitions/environment/default_sky.ytyp@default_sky' graph_resolution='skipped' apply_mode='metadata_only' policy='domain metadata already consumed; no generic ECS/render marker and no recursive graph hydration'
[09:17:56.747] [[1;36mDEBUG[0m] definitions.runtime: metadata-only definition_ref='shared/definitions/fps/player_abby.ytyp@player_abby' graph_resolution='skipped' apply_mode='metadata_only' policy='domain metadata already consumed; no generic ECS/render marker and no recursive graph hydration'
[09:17:56.781] [[1;36mDEBUG[0m] assets.materials.load_descriptor_v1: physical library load source='materials/character_abby.nemat' selector='m00' output_kind='asset.list_file_body' policy='one NEMAT read+XML parse -> many selector projections'
[09:17:56.782] [[1;32mINFO [0m] assets.materials: physical NEMAT library cached source='materials/character_abby.nemat' entries=35 body_bytes=19429 policy='single physical read+parse; selector projection from decoded library'
[09:17:56.782] [[1;36mDEBUG[0m] assets.materials.load_descriptor_v1: decoded source='materials/character_abby.nemat' selector='m00' texture_slots=3 params=3
[09:17:56.782] [[1;36mDEBUG[0m] assets.materials.load_descriptor_v1: cache hit source='materials/character_abby.nemat' selector='m00' policy='decoded .nemat entry cache'
[09:17:56.783] [[1;36mDEBUG[0m] assets.materials.load_descriptor_v1: physical library cache hit source='materials/character_abby.nemat' selector='m02' policy='one NEMAT read+XML parse -> many selector projections'
[09:17:56.783] [[1;36mDEBUG[0m] assets.materials.load_descriptor_v1: decoded source='materials/character_abby.nemat' selector='m02' texture_slots=2 params=3
[09:17:56.783] [[1;36mDEBUG[0m] assets.materials.load_descriptor_v1: physical library cache hit source='materials/character_abby.nemat' selector='m03' policy='one NEMAT read+XML parse -> many selector projections'
[09:17:56.783] [[1;36mDEBUG[0m] assets.materials.load_descriptor_v1: decoded source='materials/character_abby.nemat' selector='m03' texture_slots=2 params=3
[09:17:56.783] [[1;36mDEBUG[0m] assets.materials.load_descriptor_v1: physical library cache hit source='materials/character_abby.nemat' selector='m04' policy='one NEMAT read+XML parse -> many selector projections'
[09:17:56.783] [[1;36mDEBUG[0m] assets.materials.load_descriptor_v1: decoded source='materials/character_abby.nemat' selector='m04' texture_slots=2 params=3
[09:17:56.783] [[1;36mDEBUG[0m] assets.materials.load_descriptor_v1: physical library cache hit source='materials/character_abby.nemat' selector='m05' policy='one NEMAT read+XML parse -> many selector projections'
[09:17:56.784] [[1;36mDEBUG[0m] assets.materials.load_descriptor_v1: decoded source='materials/character_abby.nemat' selector='m05' texture_slots=2 params=3
[09:17:56.784] [[1;36mDEBUG[0m] assets.materials.load_descriptor_v1: physical library cache hit source='materials/character_abby.nemat' selector='m06' policy='one NEMAT read+XML parse -> many selector projections'
[09:17:56.784] [[1;36mDEBUG[0m] assets.materials.load_descriptor_v1: decoded source='materials/character_abby.nemat' selector='m06' texture_slots=2 params=3
[09:17:56.784] [[1;36mDEBUG[0m] assets.materials.load_descriptor_v1: physical library cache hit source='materials/character_abby.nemat' selector='m07' policy='one NEMAT read+XML parse -> many selector projections'
[09:17:56.784] [[1;36mDEBUG[0m] assets.materials.load_descriptor_v1: decoded source='materials/character_abby.nemat' selector='m07' texture_slots=2 params=3
[09:17:56.784] [[1;36mDEBUG[0m] assets.materials.load_descriptor_v1: physical library cache hit source='materials/character_abby.nemat' selector='m08' policy='one NEMAT read+XML parse -> many selector projections'
[09:17:56.784] [[1;36mDEBUG[0m] assets.materials.load_descriptor_v1: decoded source='materials/character_abby.nemat' selector='m08' texture_slots=3 params=3
[09:17:56.784] [[1;36mDEBUG[0m] assets.materials.load_descriptor_v1: physical library cache hit source='materials/character_abby.nemat' selector='m09' policy='one NEMAT read+XML parse -> many selector projections'
[09:17:56.785] [[1;36mDEBUG[0m] assets.materials.load_descriptor_v1: decoded source='materials/character_abby.nemat' selector='m09' texture_slots=2 params=3
[09:17:56.785] [[1;36mDEBUG[0m] assets.materials.load_descriptor_v1: physical library cache hit source='materials/character_abby.nemat' selector='m10' policy='one NEMAT read+XML parse -> many selector projections'
[09:17:56.785] [[1;36mDEBUG[0m] assets.materials.load_descriptor_v1: decoded source='materials/character_abby.nemat' selector='m10' texture_slots=3 params=3
[09:17:56.785] [[1;36mDEBUG[0m] assets.materials.load_descriptor_v1: physical library cache hit source='materials/character_abby.nemat' selector='m11' policy='one NEMAT read+XML parse -> many selector projections'
[09:17:56.785] [[1;36mDEBUG[0m] assets.materials.load_descriptor_v1: decoded source='materials/character_abby.nemat' selector='m11' texture_slots=2 params=3
[09:17:56.785] [[1;36mDEBUG[0m] assets.materials.load_descriptor_v1: physical library cache hit source='materials/character_abby.nemat' selector='m12' policy='one NEMAT read+XML parse -> many selector projections'
[09:17:56.785] [[1;36mDEBUG[0m] assets.materials.load_descriptor_v1: decoded source='materials/character_abby.nemat' selector='m12' texture_slots=3 params=3
[09:17:56.785] [[1;36mDEBUG[0m] assets.materials.load_descriptor_v1: physical library cache hit source='materials/character_abby.nemat' selector='m13' policy='one NEMAT read+XML parse -> many selector projections'
[09:17:56.785] [[1;36mDEBUG[0m] assets.materials.load_descriptor_v1: decoded source='materials/character_abby.nemat' selector='m13' texture_slots=2 params=3
[09:17:56.786] [[1;36mDEBUG[0m] assets.materials.load_descriptor_v1: cache hit source='materials/character_abby.nemat' selector='m13' policy='decoded .nemat entry cache'
[09:17:56.786] [[1;36mDEBUG[0m] assets.materials.load_descriptor_v1: physical library cache hit source='materials/character_abby.nemat' selector='m15' policy='one NEMAT read+XML parse -> many selector projections'
[09:17:56.786] [[1;36mDEBUG[0m] assets.materials.load_descriptor_v1: decoded source='materials/character_abby.nemat' selector='m15' texture_slots=2 params=3
[09:17:56.786] [[1;36mDEBUG[0m] assets.materials.load_descriptor_v1: cache hit source='materials/character_abby.nemat' selector='m15' policy='decoded .nemat entry cache'
[09:17:56.786] [[1;36mDEBUG[0m] assets.materials.load_descriptor_v1: physical library cache hit source='materials/character_abby.nemat' selector='m17' policy='one NEMAT read+XML parse -> many selector projections'
[09:17:56.787] [[1;36mDEBUG[0m] assets.materials.load_descriptor_v1: decoded source='materials/character_abby.nemat' selector='m17' texture_slots=2 params=3
[09:17:56.787] [[1;36mDEBUG[0m] assets.materials.load_descriptor_v1: physical library cache hit source='materials/character_abby.nemat' selector='m18' policy='one NEMAT read+XML parse -> many selector projections'
[09:17:56.787] [[1;36mDEBUG[0m] assets.materials.load_descriptor_v1: decoded source='materials/character_abby.nemat' selector='m18' texture_slots=1 params=3
[09:17:56.787] [[1;36mDEBUG[0m] assets.materials.load_descriptor_v1: physical library cache hit source='materials/character_abby.nemat' selector='m19' policy='one NEMAT read+XML parse -> many selector projections'
[09:17:56.787] [[1;36mDEBUG[0m] assets.materials.load_descriptor_v1: decoded source='materials/character_abby.nemat' selector='m19' texture_slots=2 params=3
[09:17:56.787] [[1;36mDEBUG[0m] assets.materials.load_descriptor_v1: physical library cache hit source='materials/character_abby.nemat' selector='m20' policy='one NEMAT read+XML parse -> many selector projections'
[09:17:56.787] [[1;36mDEBUG[0m] assets.materials.load_descriptor_v1: decoded source='materials/character_abby.nemat' selector='m20' texture_slots=2 params=3
[09:17:56.788] [[1;36mDEBUG[0m] assets.materials.load_descriptor_v1: cache hit source='materials/character_abby.nemat' selector='m20' policy='decoded .nemat entry cache'
[09:17:56.788] [[1;36mDEBUG[0m] assets.materials.load_descriptor_v1: physical library cache hit source='materials/character_abby.nemat' selector='m22' policy='one NEMAT read+XML parse -> many selector projections'
[09:17:56.788] [[1;36mDEBUG[0m] assets.materials.load_descriptor_v1: decoded source='materials/character_abby.nemat' selector='m22' texture_slots=2 params=3
[09:17:56.788] [[1;36mDEBUG[0m] assets.materials.load_descriptor_v1: physical library cache hit source='materials/character_abby.nemat' selector='m23' policy='one NEMAT read+XML parse -> many selector projections'
[09:17:56.788] [[1;36mDEBUG[0m] assets.materials.load_descriptor_v1: decoded source='materials/character_abby.nemat' selector='m23' texture_slots=2 params=3
[09:17:56.789] [[1;36mDEBUG[0m] assets.materials.load_descriptor_v1: cache hit source='materials/character_abby.nemat' selector='m23' policy='decoded .nemat entry cache'
[09:17:56.789] [[1;36mDEBUG[0m] assets.materials.load_descriptor_v1: physical library cache hit source='materials/character_abby.nemat' selector='m25' policy='one NEMAT read+XML parse -> many selector projections'
[09:17:56.789] [[1;36mDEBUG[0m] assets.materials.load_descriptor_v1: decoded source='materials/character_abby.nemat' selector='m25' texture_slots=2 params=3
[09:17:56.789] [[1;36mDEBUG[0m] assets.materials.load_descriptor_v1: physical library cache hit source='materials/character_abby.nemat' selector='m26' policy='one NEMAT read+XML parse -> many selector projections'
[09:17:56.789] [[1;36mDEBUG[0m] assets.materials.load_descriptor_v1: decoded source='materials/character_abby.nemat' selector='m26' texture_slots=2 params=3
[09:17:56.790] [[1;36mDEBUG[0m] assets.materials.load_descriptor_v1: physical library cache hit source='materials/character_abby.nemat' selector='m27' policy='one NEMAT read+XML parse -> many selector projections'
[09:17:56.790] [[1;36mDEBUG[0m] assets.materials.load_descriptor_v1: decoded source='materials/character_abby.nemat' selector='m27' texture_slots=2 params=3
[09:17:56.790] [[1;36mDEBUG[0m] assets.materials.load_descriptor_v1: physical library cache hit source='materials/character_abby.nemat' selector='m28' policy='one NEMAT read+XML parse -> many selector projections'
[09:17:56.790] [[1;36mDEBUG[0m] assets.materials.load_descriptor_v1: decoded source='materials/character_abby.nemat' selector='m28' texture_slots=3 params=3
[09:17:56.790] [[1;36mDEBUG[0m] assets.materials.load_descriptor_v1: cache hit source='materials/character_abby.nemat' selector='m28' policy='decoded .nemat entry cache'
[09:17:56.790] [[1;36mDEBUG[0m] assets.materials.load_descriptor_v1: cache hit source='materials/character_abby.nemat' selector='m12' policy='decoded .nemat entry cache'
[09:17:56.791] [[1;36mDEBUG[0m] assets.materials.load_descriptor_v1: cache hit source='materials/character_abby.nemat' selector='m13' policy='decoded .nemat entry cache'
[09:17:56.791] [[1;36mDEBUG[0m] model.api skeleton metadata: source='models/characters/abby/abby.ymt' format_module='engine.assets.formats.definitions.ymt'
[09:17:56.882] [[1;32mINFO [0m] fps-character: player skeleton metadata bound source='models/characters/abby/abby.ydd@abby' skeleton='models/characters/abby/abby.ymt@abby' format='northstar.pc.joint_hierarchy.v1' bytes=284609 joints=1033 status='decoded authored bind-pose skeleton joints=1033 source_format='northstar.pc.joint_hierarchy.v1''
[09:17:56.887] [[1;36mDEBUG[0m] fps-character: player model part registered source='models/characters/abby/abby.ydd@abby' part=0 slot='m00' vertices=8160 indices=46560 material='materials/character_abby.nemat@m00' policy='ydd->nemat->ytd'
[09:17:56.888] [[1;36mDEBUG[0m] fps-character: player model part registered source='models/characters/abby/abby.ydd@abby' part=1 slot='m00' vertices=2818 indices=15468 material='materials/character_abby.nemat@m00' policy='ydd->nemat->ytd'
[09:17:56.890] [[1;36mDEBUG[0m] fps-character: player model part registered source='models/characters/abby/abby.ydd@abby' part=2 slot='m02' vertices=2788 indices=9468 material='materials/character_abby.nemat@m02' policy='ydd->nemat->ytd'
[09:17:56.890] [[1;36mDEBUG[0m] fps-character: player model part registered source='models/characters/abby/abby.ydd@abby' part=3 slot='m03' vertices=1240 indices=3366 material='materials/character_abby.nemat@m03' policy='ydd->nemat->ytd'
[09:17:56.891] [[1;36mDEBUG[0m] fps-character: player model part registered source='models/characters/abby/abby.ydd@abby' part=4 slot='m04' vertices=1752 indices=9792 material='materials/character_abby.nemat@m04' policy='ydd->nemat->ytd'
[09:17:56.892] [[1;36mDEBUG[0m] fps-character: player model part registered source='models/characters/abby/abby.ydd@abby' part=5 slot='m05' vertices=2463 indices=6984 material='materials/character_abby.nemat@m05' policy='ydd->nemat->ytd'
[09:17:56.892] [[1;36mDEBUG[0m] fps-character: player model part registered source='models/characters/abby/abby.ydd@abby' part=6 slot='m06' vertices=1395 indices=7668 material='materials/character_abby.nemat@m06' policy='ydd->nemat->ytd'
[09:17:56.892] [[1;36mDEBUG[0m] fps-character: player model part registered source='models/characters/abby/abby.ydd@abby' part=7 slot='m07' vertices=198 indices=840 material='materials/character_abby.nemat@m07' policy='ydd->nemat->ytd'
[09:17:56.892] [[1;36mDEBUG[0m] fps-character: player model part registered source='models/characters/abby/abby.ydd@abby' part=8 slot='m08' vertices=138 indices=678 material='materials/character_abby.nemat@m08' policy='ydd->nemat->ytd'
[09:17:56.893] [[1;36mDEBUG[0m] fps-character: player model part registered source='models/characters/abby/abby.ydd@abby' part=9 slot='m09' vertices=2311 indices=9972 material='materials/character_abby.nemat@m09' policy='ydd->nemat->ytd'
[09:17:56.894] [[1;36mDEBUG[0m] fps-character: player model part registered source='models/characters/abby/abby.ydd@abby' part=10 slot='m10' vertices=747 indices=2916 material='materials/character_abby.nemat@m10' policy='ydd->nemat->ytd'
[09:17:56.895] [[1;36mDEBUG[0m] fps-character: player model part registered source='models/characters/abby/abby.ydd@abby' part=11 slot='m11' vertices=2198 indices=8715 material='materials/character_abby.nemat@m11' policy='ydd->nemat->ytd'
[09:17:56.895] [[1;36mDEBUG[0m] fps-character: player model part registered source='models/characters/abby/abby.ydd@abby' part=12 slot='m12' vertices=965 indices=2841 material='materials/character_abby.nemat@m12' policy='ydd->nemat->ytd'
[09:17:56.898] [[1;36mDEBUG[0m] fps-character: player model part registered source='models/characters/abby/abby.ydd@abby' part=13 slot='m13' vertices=8191 indices=30411 material='materials/character_abby.nemat@m13' policy='ydd->nemat->ytd'
[09:17:56.898] [[1;36mDEBUG[0m] fps-character: player model part registered source='models/characters/abby/abby.ydd@abby' part=14 slot='m13' vertices=56 indices=204 material='materials/character_abby.nemat@m13' policy='ydd->nemat->ytd'
[09:17:56.902] [[1;36mDEBUG[0m] fps-character: player model part registered source='models/characters/abby/abby.ydd@abby' part=15 slot='m15' vertices=8192 indices=32520 material='materials/character_abby.nemat@m15' policy='ydd->nemat->ytd'
[09:17:56.902] [[1;36mDEBUG[0m] fps-character: player model part registered source='models/characters/abby/abby.ydd@abby' part=16 slot='m15' vertices=826 indices=3198 material='materials/character_abby.nemat@m15' policy='ydd->nemat->ytd'
[09:17:56.903] [[1;36mDEBUG[0m] fps-character: player model part registered source='models/characters/abby/abby.ydd@abby' part=17 slot='m17' vertices=1238 indices=5574 material='materials/character_abby.nemat@m17' policy='ydd->nemat->ytd'
[09:17:56.903] [[1;36mDEBUG[0m] fps-character: player model part registered source='models/characters/abby/abby.ydd@abby' part=18 slot='m18' vertices=822 indices=4020 material='materials/character_abby.nemat@m18' policy='ydd->nemat->ytd'
[09:17:56.904] [[1;36mDEBUG[0m] fps-character: player model part registered source='models/characters/abby/abby.ydd@abby' part=19 slot='m19' vertices=986 indices=4527 material='materials/character_abby.nemat@m19' policy='ydd->nemat->ytd'
[09:17:56.908] [[1;36mDEBUG[0m] fps-character: player model part registered source='models/characters/abby/abby.ydd@abby' part=20 slot='m20' vertices=8181 indices=30192 material='materials/character_abby.nemat@m20' policy='ydd->nemat->ytd'
[09:17:56.908] [[1;32mINFO [0m] fps-character: first-person owner-body topology derived source='models/characters/abby/abby.ydd@abby' part=20 slot='m20' world_primitive=409932179112895820 fpp_primitive=6101832311216556752 removed_triangles=362 cap_triangles=138 cap_loops=4 fpp_indices=29520 policy='chest-visible neck-shell-removed neckline-sealed same-skin-stream'
[09:17:56.910] [[1;36mDEBUG[0m] fps-character: player model part registered source='models/characters/abby/abby.ydd@abby' part=21 slot='m20' vertices=2522 indices=9954 material='materials/character_abby.nemat@m20' policy='ydd->nemat->ytd'
[09:17:56.910] [[1;36mDEBUG[0m] fps-character: player model part registered source='models/characters/abby/abby.ydd@abby' part=22 slot='m22' vertices=261 indices=1122 material='materials/character_abby.nemat@m22' policy='ydd->nemat->ytd'
[09:17:56.913] [[1;36mDEBUG[0m] fps-character: player model part registered source='models/characters/abby/abby.ydd@abby' part=23 slot='m23' vertices=8190 indices=33765 material='materials/character_abby.nemat@m23' policy='ydd->nemat->ytd'
[09:17:56.914] [[1;36mDEBUG[0m] fps-character: player model part registered source='models/characters/abby/abby.ydd@abby' part=24 slot='m23' vertices=1620 indices=6951 material='materials/character_abby.nemat@m23' policy='ydd->nemat->ytd'
[09:17:56.914] [[1;36mDEBUG[0m] fps-character: player model part registered source='models/characters/abby/abby.ydd@abby' part=25 slot='m25' vertices=902 indices=1818 material='materials/character_abby.nemat@m25' policy='ydd->nemat->ytd'
[09:17:56.915] [[1;36mDEBUG[0m] fps-character: player model part registered source='models/characters/abby/abby.ydd@abby' part=26 slot='m26' vertices=1797 indices=3852 material='materials/character_abby.nemat@m26' policy='ydd->nemat->ytd'
[09:17:56.915] [[1;36mDEBUG[0m] fps-character: player model part registered source='models/characters/abby/abby.ydd@abby' part=27 slot='m27' vertices=3496 indices=13701 material='materials/character_abby.nemat@m27' policy='ydd->nemat->ytd'
[09:17:56.917] [[1;36mDEBUG[0m] fps-character: player model part registered source='models/characters/abby/abby.ydd@abby' part=28 slot='m28' vertices=5623 indices=30156 material='materials/character_abby.nemat@m28' policy='ydd->nemat->ytd'
[09:17:56.920] [[1;36mDEBUG[0m] fps-character: player model part registered source='models/characters/abby/abby.ydd@abby' part=29 slot='m28' vertices=5633 indices=30156 material='materials/character_abby.nemat@m28' policy='ydd->nemat->ytd'
[09:17:56.920] [[1;36mDEBUG[0m] fps-character: player model part registered source='models/characters/abby/abby.ydd@abby' part=30 slot='m12' vertices=1404 indices=3696 material='materials/character_abby.nemat@m12' policy='ydd->nemat->ytd'
[09:17:56.921] [[1;36mDEBUG[0m] fps-character: player model part registered source='models/characters/abby/abby.ydd@abby' part=31 slot='m13' vertices=2495 indices=6540 material='materials/character_abby.nemat@m13' policy='ydd->nemat->ytd'
[09:17:56.921] [[1;36mDEBUG[0m] fps-character: player model part registered source='models/characters/abby/abby.ydd@abby' part=32 slot='m13' vertices=20 indices=30 material='materials/character_abby.nemat@m13' policy='ydd->nemat->ytd'
[09:17:56.921] [[1;32mINFO [0m] fps-character: player model registered source='models/characters/abby/abby.ydd@abby' parts=33 vertices=89628 indices=377655 materials=33
[09:17:56.921] [[1;32mINFO [0m] fps-character: player model texture dictionary bound source='models/characters/abby/abby.ydd@abby' dictionary='textures/characters/abby.ytd' materials=33
[09:17:56.922] [[1;32mINFO [0m] fps-character: player model properties descriptor bound source='models/characters/abby/abby.ydd@abby' properties_ref='shared/definitions/fps/player_abby.ytyp@player_abby' policy='.ydd slots -> .ytyp material bindings -> .nemat/.ytd'
[09:17:56.922] [[1;32mINFO [0m] fps-character: player model collision bindings derived source='models/characters/abby/abby.ydd@abby' collisions=1
[09:17:57.391] [[1;32mINFO [0m] fps-character: authored joint-copy rig channels=51 policy='definition rules -> generic local-pose copy before skin palette'
[09:17:57.392] [[1;32mINFO [0m] fps-character: authored eye-parent contract left=8 right=9 parent=7 policy='locomotion keeps authored eye-local bind; eye palette follows authored parent deformation'
[09:17:57.392] [[1;32mINFO [0m] fps-character: authored look-at pose spaces [relaxed:12samples/5joints/11.34deg-turn-hysteresis, crouch:15samples/5joints/6.47deg-turn-hysteresis, tense:11samples/5joints/12.73deg-turn-hysteresis, eyes:9samples/2joints/15.03deg-turn-hysteresis] policy='native base+range -> sampled 2D pose-space -> residual eyes -> native body turn'
[09:17:57.392] [[1;32mINFO [0m] fps-character: native turn-in-place prepared clips=8 policy=authored-step-bounded-fixed-step-yaw-no-snap-rebase
[09:17:57.392] [[1;32mINFO [0m] fps-character: character equipment presentation prepared generic_ready='animations/characters/abby/gun-rifle.ycd@rifle-vepr-grip-carry-arms' generic_aim='animations/characters/abby/gun-rifle.ycd@abby-mm-rifle-aim-idle' generic_reload='animations/characters/abby/rifle-reload.ycd@fob-car-ride-rifle-vepr-crouch-reload-rear-part' families='knife,pistol,rifle' arm_ik=true ready_weights=17 aim_weights=17 reload_weights=17 policy='equipped weapon class selects isolated authored pose family; generic slots apply only to unclassified legacy items; IK requires weapon presentation contract'
[09:17:57.399] [[1;32mINFO [0m] fps-character: player skeletal animation set bound player=4294967312 clips='animations/characters/abby/mm-explore.ycd@abby-mm-explore-idle,animations/characters/abby/mm-explore.ycd@abby-mm-explore-walk-loop-fw,animations/characters/abby/mm-explore.ycd@abby-mm-explore-run-loop-fw,animations/characters/abby/mm-explore.ycd@abby-mm-explore-sprint-loop-fw,animations/characters/abby/backpack.ycd@abby-crouch-craft-idle,animations/characters/abby/crouch-locomotion.ycd@abby-crouch-walk-loop-fw,animations/characters/abby/traversal.ycd@abby-ground-jump-run,animations/characters/abby/fall-medium.ycd@abby-fall-medium' skeleton_joints=1033 palette_joints=1033 supplemental_joints=0 policy='semantic locomotion -> YCD -> local pose -> global -> inverse-bind -> model-space palette'
[09:17:57.399] [[1;32mINFO [0m] authored mission instantiated: pickups=0 item_pickups=0 targets=0 hazards=0 goals=0 policy='all generic mission presentation materials are project-authored'
[09:17:57.400] [[1;32mINFO [0m] fps-authored bootstrap summary: title='physics_playground' objective='Explore physics_playground' player=EntityId(16v1) terrain=EntityId(11v1) camera=EntityId(9v1) player_model_bound=true definitions=3 prefabs=15 static_world_models=15 static_world_parts=0 static_world_triangles=0 mission_pickups=0 inventory_item_pickups=0 mission_targets=0 mission_hazards=0 mission_goals=0 foliage_enabled=false terrain_streaming_enabled=false terrain_chunk_radius=0 terrain_unload_radius=1 sky_mesh='models/environment/skydome.ydd@skydome_high' sky_definition_ref='shared/definitions/environment/default_sky.ytyp@default_sky' layout_environment=EntityId(3v1) layout_terrain=EntityId(4v1) layout_foliage=EntityId(5v1) layout_definitions=EntityId(6v1) layout_actors=EntityId(7v1) layout_cameras=EntityId(8v1)
[09:17:57.400] [[1;36mDEBUG[0m] scene object invariants: phase='fps-authored.bootstrap' status='stable' checked=44 policy='render/model/terrain/definition/player scene objects are complete entities'
[09:17:57.400] [[1;32mINFO [0m] fps-authored scene object invariants summary: checked=44 repaired=0 missing_transform=0 missing_bounds=0 missing_physics=0 policy='new scene objects cannot remain incomplete'
[09:17:57.400] [[1;32mINFO [0m] fps-authored bootstrap invariants: status='stable' selected_player=EntityId(16v1) meaning='SceneState and unique markers were already consistent'
[09:17:57.401] [[1;32mINFO [0m] world authority: native scene cache declared phase='engine.authored-world.ymap-bootstrap' authority='engine.ecs.constellation via ecs.api/entity.api' native_entities=50 provider_entities=50 selected_provider=Some(EntityHandle { stable_id: 400 })
[09:17:57.401] [[1;32mINFO [0m] world authority: bootstrap phase='engine.authored-world.ymap-bootstrap' mode='plugin-ecs-entity-authority' authority='engine.ecs.constellation via ecs.api/entity.api' notes=''
[09:17:57.401] [[1;32mINFO [0m] project audio mix graph queued routes=4 snapshots=0 voice_budgets=0 authority='project GameData -> AudioOrchestration'
[09:17:57.402] [[1;32mINFO [0m] authored-world bootstrap ready origin='startup-graph-engine-plugins-ready' primary=EntityId(16v1) completion='project.audio-mix'
[09:17:57.402] [[1;32mINFO [0m] startup graph: starting module module='engine.render_controller' origin='initial' requires='-'
[09:17:57.402] [[1;32mINFO [0m] render controller: scene pipeline warmup deferred until a playable viewport or owned preview extent; preview_only=false
[09:17:57.402] [[1;32mINFO [0m] startup graph: starting module module='engine.ui.notify.runtime.module' origin='initial' requires='-'
[09:17:57.402] [[1;32mINFO [0m] startup graph: activated modules origin='initial' count=11 satisfied='EnginePluginsReady'
[09:17:57.403] [[1;32mINFO [0m] startup graph: phase='initial' satisfied='EnginePluginsReady' modules=11
[09:17:57.403] [[1;36mDEBUG[0m] [startup] StartupGraph :: Modules [initial]
[09:17:57.403] [[1;36mDEBUG[0m] [startup] +------------------------------------+---------+--------------------+---------+
[09:17:57.403] [[1;36mDEBUG[0m] [startup] | module                             | state   | requires           | missing |
[09:17:57.403] [[1;36mDEBUG[0m] [startup] | engine.project.content_mounts      | Running | EnginePluginsReady | -       |
[09:17:57.403] [[1;36mDEBUG[0m] [startup] | engine.game.module-contract        | Running | EnginePluginsReady | -       |
[09:17:57.403] [[1;36mDEBUG[0m] [startup] | physics.runtime.loader             | Running | -                  | -       |
[09:17:57.403] [[1;36mDEBUG[0m] [startup] | render.runtime.loader              | Running | -                  | -       |
[09:17:57.403] [[1;36mDEBUG[0m] [startup] | engine.runtime.audio-native        | Running | -                  | -       |
[09:17:57.404] [[1;36mDEBUG[0m] [startup] | engine.audio.orchestration.runtime | Running | -                  | -       |
[09:17:57.404] [[1;36mDEBUG[0m] [startup] | engine.audio.ambience-runtime      | Running | -                  | -       |
[09:17:57.404] [[1;36mDEBUG[0m] [startup] | engine.audio.scene-runtime         | Running | -                  | -       |
[09:17:57.404] [[1;36mDEBUG[0m] [startup] | engine.authored_world.bootstrap    | Running | EnginePluginsReady | -       |
[09:17:57.404] [[1;36mDEBUG[0m] [startup] | engine.render_controller           | Running | -                  | -       |
[09:17:57.404] [[1;36mDEBUG[0m] [startup] | engine.ui.notify.runtime.module    | Running | -                  | -       |
[09:17:57.404] [[1;36mDEBUG[0m] [startup] +------------------------------------+---------+--------------------+---------+
[09:17:57.404] [[1;36mDEBUG[0m] startup fsm: phase startup-graph-initial -> load-runtime-plugins run_state='init-game' modules=11/11 plugins=13
[09:17:57.404] [[1;32mINFO [0m] platform runtime bootstrap: overlay status='Startup graph evaluated.' detail='Modules whose readiness requirements are satisfied have been activated.' progress=87%
[09:17:57.421] [[1;36mDEBUG[0m] startup fsm: phase load-runtime-plugins -> start-plugins run_state='init-game' modules=11/11 plugins=13
[09:17:57.421] [[1;32mINFO [0m] platform runtime bootstrap: overlay status='Runtime plugins loaded.' detail='13 plugin descriptor(s) are visible to the host.' progress=89%
[09:17:57.438] [[1;32mINFO [0m] plugins: start begin id='engine.logging.chronicle'
[09:17:57.438] [[1;32mINFO [0m] plugins: start complete id='engine.logging.chronicle' elapsed_ms=0.294
[09:17:57.438] [[1;32mINFO [0m] plugins: start begin id='engine.input.compass'
[09:17:57.438] [[1;32mINFO [0m] plugins: start complete id='engine.input.compass' elapsed_ms=0.314
[09:17:57.439] [[1;32mINFO [0m] plugins: start begin id='engine.profiler.starprofiler'
[09:17:57.439] [[1;32mINFO [0m] plugins: start complete id='engine.profiler.starprofiler' elapsed_ms=0.179
[09:17:57.439] [[1;32mINFO [0m] plugins: start begin id='engine.scripting.typescript'
[09:17:57.439] [[1;32mINFO [0m] plugins: start complete id='engine.scripting.typescript' elapsed_ms=0.195
[09:17:57.439] [[1;32mINFO [0m] plugins: start begin id='engine.ecs.constellation'
[09:17:57.439] [[1;32mINFO [0m] plugins: start complete id='engine.ecs.constellation' elapsed_ms=0.176
[09:17:57.440] [[1;32mINFO [0m] plugins: start begin id='newengine.editing.tools'
[09:17:57.440] [[1;32mINFO [0m] plugins: start complete id='newengine.editing.tools' elapsed_ms=0.170
[09:17:57.440] [[1;32mINFO [0m] plugins: start begin id='engine.ui.egui'
[09:17:57.440] [[1;32mINFO [0m] plugins: start complete id='engine.ui.egui' elapsed_ms=0.169
[09:17:57.440] [[1;32mINFO [0m] plugins: start begin id='newengine.game-module.fps'
[09:17:57.441] [[1;32mINFO [0m] plugins: start complete id='newengine.game-module.fps' elapsed_ms=0.176
[09:17:57.441] [[1;32mINFO [0m] plugins: start begin id='engine.physics.gravitas'
[09:17:57.441] [[1;32mINFO [0m] plugins: start complete id='engine.physics.gravitas' elapsed_ms=0.171
[09:17:57.441] [[1;32mINFO [0m] plugins: start begin id='engine.audio.native'
[09:17:57.441] [[1;32mINFO [0m] plugins: start complete id='engine.audio.native' elapsed_ms=0.167
[09:17:57.441] [[1;32mINFO [0m] plugins: start begin id='engine.assets.starvault'
[09:17:57.442] [[1;32mINFO [0m] plugins: start complete id='engine.assets.starvault' elapsed_ms=0.171
[09:17:57.442] [[1;32mINFO [0m] plugins: start begin id='engine.render.vulkan'
[09:17:57.442] [[1;32mINFO [0m] plugins: start complete id='engine.render.vulkan' elapsed_ms=0.172
[09:17:57.442] [[1;36mDEBUG[0m] startup fsm: phase start-plugins -> validate-runtime-service-contracts run_state='init-game' modules=11/11 plugins=13
[09:17:57.442] [[1;32mINFO [0m] platform runtime bootstrap: overlay status='Plugin services started.' detail='Plugin-owned services have completed their startup hooks.' progress=90%
[09:17:57.459] [[1;36mDEBUG[0m] runtime contract ok: service='engine.assets' parent='<root>' provider_service='asset_manager.api' source='first-party-plugin' expected='newengine.assets-api >= 0.8.x'
[09:17:57.459] [[1;36mDEBUG[0m] runtime contract ok: service='engine.assets.streaming' parent='engine.assets' provider_service='asset_manager.api' source='first-party-plugin' expected='newengine.assets-api >= 0.8.x'
[09:17:57.459] [[1;36mDEBUG[0m] runtime contract ok: service='engine.assets.types' parent='engine.assets' provider_service='asset.types.api' source='engine-runtime' expected='newengine.assets-types-api >= 0.1.x'
[09:17:57.460] [[1;36mDEBUG[0m] runtime contract ok: service='engine.assets.inspect' parent='engine.assets' provider_service='assets.inspect.api' source='engine-runtime' expected='newengine.assets.inspect.v1'
[09:17:57.460] [[1;36mDEBUG[0m] runtime contract ok: service='engine.assets.edit' parent='engine.assets' provider_service='assets.edit.api' source='engine-runtime' expected='newengine.assets.edit.v1'
[09:17:57.460] [[1;36mDEBUG[0m] runtime contract ok: service='engine.assets.definitions' parent='engine.assets' provider_service='definitions.api' source='engine-runtime' expected='newengine.assets.definitions.runtime.v1'
[09:17:57.460] [[1;36mDEBUG[0m] runtime contract ok: service='engine.assets.graph' parent='engine.assets' provider_service='asset_graph.api' source='engine-runtime' expected='newengine.assets.graph.runtime.v1'
[09:17:57.460] [[1;36mDEBUG[0m] runtime contract ok: service='engine.time' parent='<root>' provider_service='time.api' source='engine-runtime' expected='newengine.time.runtime.v1'
[09:17:57.460] [[1;36mDEBUG[0m] runtime contract ok: service='engine.assets.materials' parent='engine.assets' provider_service='materials.api' source='engine-runtime' expected='newengine.assets.materials-api >= 0.1.x'
[09:17:57.461] [[1;36mDEBUG[0m] runtime contract ok: service='engine.audio' parent='<root>' provider_service='audio.api' source='first-party-plugin' expected='newengine.audio-api >= 0.1.x'
[09:17:57.461] [[1;36mDEBUG[0m] runtime contract ok: service='engine.render' parent='<root>' provider_service='render.api' source='first-party-plugin' expected='newengine.render-api >= 0.3.x'
[09:17:57.461] [[1;36mDEBUG[0m] runtime contract ok: service='engine.camera' parent='<root>' provider_service='engine.camera' source='engine-runtime' expected='newengine.camera-api >= 0.1.x'
[09:17:57.461] [[1;36mDEBUG[0m] runtime contract ok: service='engine.ui' parent='<root>' provider_service='egui.ui.api' source='first-party-plugin' expected='newengine.ui-api >= 0.1.x'
[09:17:57.461] [[1;36mDEBUG[0m] runtime contract ok: service='engine.threading' parent='<root>' provider_service='threading.api' source='engine-runtime' expected='newengine.threading.runtime.v1'
[09:17:57.461] [[1;36mDEBUG[0m] runtime contract ok: service='engine.scene' parent='<root>' provider_service='scene.api' source='first-party-plugin' expected='newengine.scene gateway >= 0.1.x'
[09:17:57.462] [[1;36mDEBUG[0m] runtime contract ok: service='engine.world' parent='<root>' provider_service='world.api' source='engine-runtime' expected='newengine.world-api >= 0.1.x'
[09:17:57.462] [[1;36mDEBUG[0m] runtime contract ok: service='engine.ecs' parent='<root>' provider_service='ecs.api' source='first-party-plugin' expected='newengine.ecs-api >= 0.1.x'
[09:17:57.462] [[1;36mDEBUG[0m] runtime contract ok: service='engine.entity' parent='<root>' provider_service='entity.api' source='first-party-plugin' expected='newengine.entity-api >= 0.1.x'
[09:17:57.462] [[1;36mDEBUG[0m] runtime contract ok: service='engine.input' parent='<root>' provider_service='newengine.input.v1' source='first-party-plugin' expected='newengine.input service >= 0.3.x'
[09:17:57.462] [[1;32mINFO [0m] runtime contract optional: service='engine.input.bindings' provider='engine-runtime:newengine-input-bindings-runtime.bindings-gateway service=engine.input.bindings capability=input.bindings.backend mode=open priority=0 score=10000' source='engine-runtime' expected='newengine.input-bindings-api >= 0.1.x' reason='unsupported service description version 2 for service 'engine.input.bindings'' policy='non-strict capability; demo may continue with feature unavailable'
[09:17:57.462] [[1;36mDEBUG[0m] runtime contract ok: service='engine.physics' parent='<root>' provider_service='physics.api' source='first-party-plugin' expected='newengine.physics-api >= 0.1.x'
[09:17:57.463] [[1;36mDEBUG[0m] runtime contract ok: service='engine.logging' parent='<root>' provider_service='logging.api' source='first-party-plugin' expected='newengine.log-sink/v1'
[09:17:57.463] [[1;36mDEBUG[0m] runtime contract ok: service='engine.platform' parent='<root>' provider_service='engine.platform' source='engine-runtime' expected='newengine.platform-api >= 0.1.x'
[09:17:57.463] [[1;36mDEBUG[0m] runtime api: Engine API gateway/service contracts
[09:17:57.463] [[1;36mDEBUG[0m] runtime api: +------------------+---------------+---------------------------+----------+-----------------------+--------------------+----------------------------+--------+---------------------------------------------------------------------------------------------------+----------------------------------------------------------------------------+--------------------------------------------------------------------+
[09:17:57.463] [[1;36mDEBUG[0m] runtime api: | root             | parent        | api                       | status   | provider_service      | source             | capability                 | strict | used_by                                                                                           | provider                                                                   | methods                                                            |
[09:17:57.463] [[1;36mDEBUG[0m] runtime api: | engine.assets    | <root>        | engine.assets             | ok       | asset_manager.api     | first-party-plugin | asset_manager.backend      | yes    | engine.assets root / VFS bytes / codec dispatch                                                   | first-party-plugin:engine.assets.starvault service=asset_manager.api ca... | info_json=yes invoke_json=yes shutdown_v1=yes raw_bytes_v1=yes ... |
[09:17:57.463] [[1;36mDEBUG[0m] runtime api: | engine.assets    | engine.assets | engine.assets.streaming   | ok       | asset_manager.api     | first-party-plugin | assets.streaming.backend   | no     | engine.assets.streaming request priority / semantic pins / CPU residency GC / metadata compaction | first-party-plugin:engine.assets.starvault service=asset_manager.api ca... | info_json=yes invoke_json=yes shutdown_v1=yes request_v1=yes ad... |
[09:17:57.463] [[1;36mDEBUG[0m] runtime api: | engine.assets    | engine.assets | engine.assets.types       | ok       | asset.types.api       | engine-runtime     | assets.types.backend       | no     | engine.assets.types descriptor registry / VFS navigation                                          | engine-runtime:newengine-assets.file-type-registry service=asset.types.... | info_json=yes invoke_json=yes shutdown_v1=yes manifest_json_v1=... |
[09:17:57.463] [[1;36mDEBUG[0m] runtime api: | engine.assets    | engine.assets | engine.assets.inspect     | ok       | assets.inspect.api    | engine-runtime     | assets.inspect.backend     | no     | engine.assets.inspect schema-driven AssetDocument DTO / preview / diagnostics                     | engine-runtime:newengine-assets.document-inspect service=assets.inspect... | info_json=yes invoke_json=yes shutdown_v1=yes document_json_v1=... |
[09:17:57.463] [[1;36mDEBUG[0m] runtime api: | engine.assets    | engine.assets | engine.assets.edit        | ok       | assets.edit.api       | engine-runtime     | assets.edit.backend        | no     | engine.assets.edit AssetPatch DTO validation / save / repack routing                              | engine-runtime:newengine-assets.document-edit service=assets.edit.api c... | info_json=yes invoke_json=yes shutdown_v1=yes validate_patch_js... |
[09:17:57.464] [[1;36mDEBUG[0m] runtime api: | engine.assets    | engine.assets | engine.assets.definitions | ok       | definitions.api       | engine-runtime     | assets.definitions.backend | no     | engine.assets.definitions semantic .ytyp Definition Entry metadata / dependency declarations      | engine-runtime:newengine-definitions-runtime.engine-runtime-provider se... | info_json=yes invoke_json=yes shutdown_v1=yes manifest_v1=yes e... |
[09:17:57.464] [[1;36mDEBUG[0m] runtime api: | engine.assets    | engine.assets | engine.assets.graph       | ok       | asset_graph.api       | engine-runtime     | assets.graph.backend       | no     | engine.assets.graph declarative .ytyp/.ydd/.nemat/.ytd graph resolution                           | engine-runtime:newengine-asset-graph-runtime.hydrated-resolver-v2 servi... | info_json=yes invoke_json=yes shutdown_v1=yes resolve_v1=yes va... |
[09:17:57.464] [[1;36mDEBUG[0m] runtime api: | engine.time      | <root>        | engine.time               | ok       | time.api              | engine-runtime     | time.backend               | no     | frame clock / simulation tick / fixed timestep / game clock                                       | engine-runtime:newengine-time-runtime.engine-runtime-provider service=t... | info_json=yes invoke_json=yes shutdown_v1=yes snapshot_v1=yes b... |
[09:17:57.464] [[1;36mDEBUG[0m] runtime api: | engine.assets    | engine.assets | engine.assets.materials   | ok       | materials.api         | engine-runtime     | assets.materials.backend   | yes    | engine.assets.materials material descriptor resolve / material graph validation / render packets  | engine-runtime:newengine-material-runtime.material-gateway service=mate... | info_json=yes invoke_json=yes shutdown_v1=yes load_json_v1=yes ... |
[09:17:57.464] [[1;36mDEBUG[0m] runtime api: | engine.audio     | <root>        | engine.audio              | ok       | audio.api             | first-party-plugin | audio.backend              | no     | semantic audio events / UI feedback / future mixer backend                                        | first-party-plugin:engine.audio.native service=audio.api capability=aud... | info_json=yes invoke_json=yes shutdown_v1=yes play_event_json_v... |
[09:17:57.464] [[1;36mDEBUG[0m] runtime api: | engine.render    | <root>        | engine.render             | ok       | render.api            | first-party-plugin | render.backend             | yes    | runtime-host render adapter / RuntimeRenderController                                             | first-party-plugin:engine.render.vulkan service=render.api capability=r... | info_json=yes invoke_json=yes shutdown_v1=yes                      |
[09:17:57.464] [[1;36mDEBUG[0m] runtime api: | engine.camera    | <root>        | engine.camera             | ok       | engine.camera         | engine-runtime     | camera.backend             | no     | CameraGatewayBridge / render view extraction                                                      | engine-runtime:newengine-engine-runtime.camera-gateway service=engine.c... | info_json=yes invoke_json=yes shutdown_v1=yes                      |
[09:17:57.464] [[1;36mDEBUG[0m] runtime api: | engine.ui        | <root>        | engine.ui                 | ok       | egui.ui.api           | first-party-plugin | ui.backend                 | yes    | platform UI bridge / overlays / HUD                                                               | first-party-plugin:engine.ui.egui service=egui.ui.api capability=ui.bac... | info_json=yes invoke_json=yes shutdown_v1=yes                      |
[09:17:57.464] [[1;36mDEBUG[0m] runtime api: | engine.threading | <root>        | engine.threading          | ok       | threading.api         | engine-runtime     | threading.backend          | no     | runtime job/task lifecycle / pause-resume-cancel / progress event stream                          | engine-runtime:newengine-runtime-host.threading-gateway service=threadi... | info_json=yes invoke_json=yes shutdown_v1=yes start_v1=yes run_... |
[09:17:57.464] [[1;36mDEBUG[0m] runtime api: | engine.scene     | <root>        | engine.scene              | ok       | scene.api             | first-party-plugin | scene.backend              | no     | engine.scene authored structure / scene graph / archetype placement declarations                  | first-party-plugin:engine.ecs.constellation service=scene.api capabilit... | formats_json=yes load_json_v1=yes save_json_v1=yes graph_json_v... |
[09:17:57.464] [[1;36mDEBUG[0m] runtime api: | engine.world     | <root>        | engine.world              | ok       | world.api             | engine-runtime     | world.backend              | no     | engine.world living runtime instance / boot / partition / active cells / snapshots                | engine-runtime:newengine-world-runtime.world-gateway service=world.api ... | info_json=yes invoke_json=yes shutdown_v1=yes boot_json_v1=yes ... |
[09:17:57.465] [[1;36mDEBUG[0m] runtime api: | engine.ecs       | <root>        | engine.ecs                | ok       | ecs.api               | first-party-plugin | ecs.backend                | no     | ECS gateway / world summary-snapshot-command service                                              | first-party-plugin:engine.ecs.constellation service=ecs.api capability=... | info_json=yes invoke_json=yes shutdown_v1=yes summary_json_v1=y... |
[09:17:57.465] [[1;36mDEBUG[0m] runtime api: | engine.entity    | <root>        | engine.entity             | ok       | entity.api            | first-party-plugin | entity.backend             | no     | Entity gateway / service-safe identity and lifecycle commands                                     | first-party-plugin:engine.ecs.constellation service=entity.api capabili... | info_json=yes invoke_json=yes shutdown_v1=yes list_json_v1=yes ... |
[09:17:57.465] [[1;36mDEBUG[0m] runtime api: | engine.input     | <root>        | engine.input              | ok       | newengine.input.v1    | first-party-plugin | input.backend              | no     | platform_input::poll_input_frame / UI input projection                                            | first-party-plugin:engine.input.compass service=newengine.input.v1 capa... | state_json=yes text_take_json=yes ime_commit_take_json=yes         |
[09:17:57.465] [[1;36mDEBUG[0m] runtime api: | engine.input     | engine.input  | engine.input.bindings     | optional | engine.input.bindings | engine-runtime     | input.bindings.backend     | no     | semantic input bindings / camera view and gameplay action projection                              | engine-runtime:newengine-input-bindings-runtime.bindings-gateway servic... | info_json=yes invoke_json=yes shutdown_v1=yes profile_json_v1=y... |
[09:17:57.465] [[1;36mDEBUG[0m] runtime api: | engine.physics   | <root>        | engine.physics            | ok       | physics.api           | first-party-plugin | physics.backend            | no     | PhysicsSyncModule / gameplay ECS sync                                                             | first-party-plugin:engine.physics.gravitas service=physics.api capabili... | info_json=yes invoke_json=yes shutdown_v1=yes                      |
[09:17:57.465] [[1;36mDEBUG[0m] runtime api: | engine.logging   | <root>        | engine.logging            | ok       | logging.api           | first-party-plugin | log.backend                | no     | plugin_forward_logger / host log backend                                                          | first-party-plugin:engine.logging.chronicle service=logging.api capabil... | write_json=yes flush=yes                                           |
[09:17:57.465] [[1;36mDEBUG[0m] runtime api: | engine.platform  | <root>        | engine.platform           | ok       | engine.platform       | engine-runtime     | platform.backend           | yes    | platform route / native window or headless surface snapshot                                       | engine-runtime:newengine-runtime-host.platform-window-gateway service=e... | info_json=yes invoke_json=yes shutdown_v1=yes window_snapshot_j... |
[09:17:57.465] [[1;36mDEBUG[0m] runtime api: +------------------+---------------+---------------------------+----------+-----------------------+--------------------+----------------------------+--------+---------------------------------------------------------------------------------------------------+----------------------------------------------------------------------------+--------------------------------------------------------------------+
[09:17:57.465] [[1;36mDEBUG[0m] startup fsm: phase validate-runtime-service-contracts -> dispatch-readiness run_state='init-game' modules=11/11 plugins=13
[09:17:57.465] [[1;32mINFO [0m] platform runtime bootstrap: overlay status='Runtime service contracts validated.' detail='AssetManager, renderer, physics and platform service contracts match the expected ABI surface.' progress=90%
[09:17:57.482] [[1;36mDEBUG[0m] dispatch: publish begin event_type='newengine_core::lifecycle_events::EngineLifecycleEvent'
[09:17:57.482] [[1;32mINFO [0m] dispatch: lifecycle event='newengine_core::lifecycle_events::EngineLifecycleEvent' origin='engine.start.incremental' readiness_key='EnginePluginsReady'
[09:17:57.482] [[1;36mDEBUG[0m] startup graph: readiness already satisfied key='EnginePluginsReady' origin='engine.start.incremental' satisfied='EnginePluginsReady'
[09:17:57.482] [[1;36mDEBUG[0m] startup graph: no modules activated origin='EnginePluginsReady' satisfied='EnginePluginsReady' modules=11
[09:17:57.482] [[1;36mDEBUG[0m] dispatch: deliver module='engine.project.content_mounts' event_type='newengine_core::lifecycle_events::EngineLifecycleEvent'
[09:17:57.482] [[1;36mDEBUG[0m] dispatch: deliver module='engine.game.module-contract' event_type='newengine_core::lifecycle_events::EngineLifecycleEvent'
[09:17:57.482] [[1;36mDEBUG[0m] dispatch: deliver module='physics.runtime.loader' event_type='newengine_core::lifecycle_events::EngineLifecycleEvent'
[09:17:57.482] [[1;36mDEBUG[0m] dispatch: deliver module='render.runtime.loader' event_type='newengine_core::lifecycle_events::EngineLifecycleEvent'
[09:17:57.482] [[1;36mDEBUG[0m] dispatch: deliver module='engine.runtime.audio-native' event_type='newengine_core::lifecycle_events::EngineLifecycleEvent'
[09:17:57.483] [[1;36mDEBUG[0m] dispatch: deliver module='engine.audio.orchestration.runtime' event_type='newengine_core::lifecycle_events::EngineLifecycleEvent'
[09:17:57.483] [[1;36mDEBUG[0m] dispatch: deliver module='engine.audio.ambience-runtime' event_type='newengine_core::lifecycle_events::EngineLifecycleEvent'
[09:17:57.483] [[1;36mDEBUG[0m] dispatch: deliver module='engine.audio.scene-runtime' event_type='newengine_core::lifecycle_events::EngineLifecycleEvent'
[09:17:57.483] [[1;36mDEBUG[0m] dispatch: deliver module='engine.authored_world.bootstrap' event_type='newengine_core::lifecycle_events::EngineLifecycleEvent'
[09:17:57.483] [[1;36mDEBUG[0m] dispatch: deliver module='engine.render_controller' event_type='newengine_core::lifecycle_events::EngineLifecycleEvent'
[09:17:57.483] [[1;36mDEBUG[0m] dispatch: deliver module='engine.ui.notify.runtime.module' event_type='newengine_core::lifecycle_events::EngineLifecycleEvent'
[09:17:57.483] [[1;36mDEBUG[0m] dispatch: complete event_type='newengine_core::lifecycle_events::EngineLifecycleEvent' delivered=11 skipped=0
[09:17:57.483] [[1;36mDEBUG[0m] dispatch: publish begin event_type='newengine_core::lifecycle_events::EngineLifecycleEvent'
[09:17:57.483] [[1;32mINFO [0m] dispatch: lifecycle event='newengine_core::lifecycle_events::EngineLifecycleEvent' origin='engine-start-completed' readiness_key='EngineStartCompleted'
[09:17:57.484] [[1;32mINFO [0m] startup graph: readiness satisfied key='EngineStartCompleted' origin='engine-start-completed' satisfied='EnginePluginsReady,EngineStartCompleted'
[09:17:57.484] [[1;36mDEBUG[0m] startup graph: no modules activated origin='EngineStartCompleted' satisfied='EnginePluginsReady,EngineStartCompleted' modules=11
[09:17:57.484] [[1;36mDEBUG[0m] dispatch: deliver module='engine.project.content_mounts' event_type='newengine_core::lifecycle_events::EngineLifecycleEvent'
[09:17:57.484] [[1;36mDEBUG[0m] dispatch: deliver module='engine.game.module-contract' event_type='newengine_core::lifecycle_events::EngineLifecycleEvent'
[09:17:57.484] [[1;36mDEBUG[0m] dispatch: deliver module='physics.runtime.loader' event_type='newengine_core::lifecycle_events::EngineLifecycleEvent'
[09:17:57.484] [[1;36mDEBUG[0m] dispatch: deliver module='render.runtime.loader' event_type='newengine_core::lifecycle_events::EngineLifecycleEvent'
[09:17:57.484] [[1;36mDEBUG[0m] dispatch: deliver module='engine.runtime.audio-native' event_type='newengine_core::lifecycle_events::EngineLifecycleEvent'
[09:17:57.484] [[1;36mDEBUG[0m] dispatch: deliver module='engine.audio.orchestration.runtime' event_type='newengine_core::lifecycle_events::EngineLifecycleEvent'
[09:17:57.484] [[1;36mDEBUG[0m] dispatch: deliver module='engine.audio.ambience-runtime' event_type='newengine_core::lifecycle_events::EngineLifecycleEvent'
[09:17:57.484] [[1;36mDEBUG[0m] dispatch: deliver module='engine.audio.scene-runtime' event_type='newengine_core::lifecycle_events::EngineLifecycleEvent'
[09:17:57.484] [[1;36mDEBUG[0m] dispatch: deliver module='engine.authored_world.bootstrap' event_type='newengine_core::lifecycle_events::EngineLifecycleEvent'
[09:17:57.485] [[1;36mDEBUG[0m] dispatch: deliver module='engine.render_controller' event_type='newengine_core::lifecycle_events::EngineLifecycleEvent'
[09:17:57.485] [[1;36mDEBUG[0m] dispatch: deliver module='engine.ui.notify.runtime.module' event_type='newengine_core::lifecycle_events::EngineLifecycleEvent'
[09:17:57.485] [[1;36mDEBUG[0m] dispatch: complete event_type='newengine_core::lifecycle_events::EngineLifecycleEvent' delivered=11 skipped=0
[09:17:57.485] [[1;36mDEBUG[0m] startup graph: after-startup-dispatch satisfied='EnginePluginsReady,EngineStartCompleted' modules=11
[09:17:57.485] [[1;36mDEBUG[0m] startup fsm: phase dispatch-readiness -> enter-running run_state='init-game' modules=11/11 plugins=13
[09:17:57.485] [[1;32mINFO [0m] platform runtime bootstrap: overlay status='Readiness events dispatched.' detail='EnginePluginsReady and EngineStartCompleted readiness gates have been published.' progress=91%
[09:17:57.501] [[1;32mINFO [0m] engine state: init-game -> running
[09:17:57.502] [[1;36mDEBUG[0m] startup fsm: phase enter-running -> complete run_state='running' modules=11/11 plugins=13
[09:17:57.502] [[1;32mINFO [0m] platform runtime bootstrap: overlay status='Engine runtime ready.' detail='Core FSM reached running; frame loop may accept playable-world handoff.' progress=92%
[09:17:57.502] [[1;32mINFO [0m] platform runtime: engine.start incremental pump completed
[09:17:57.502] [[1;32mINFO [0m] platform runtime bootstrap: overlay status='Engine runtime started.' detail='Finalizing gated scene readiness and host window events.' progress=92%
[09:17:57.518] [[1;32mINFO [0m] platform runtime bootstrap: overlay status='Preparing playable world...' detail='Native loading remains active while scene resources become resident.' progress=95%
[09:17:57.535] [[1;32mINFO [0m] platform runtime bootstrap: emitting WindowReady width=1280 height=720
[09:17:57.535] [[1;32mINFO [0m] platform runtime bootstrap: overlay status='Finalizing runtime handoff...' detail='Player control and world presentation remain locked until the scene launch gate opens.' progress=97%
[09:17:57.568] [[1;32mINFO [0m] input systems: raw input polling online service='engine.input' method='state_json' policy='single atomic typed snapshot'
[09:17:57.573] [[1;32mINFO [0m] screen profile: authored game .neui compile info ref='ui/shared/runtime/hud.neui@surface' diagnostic='.neui theme library resolved ref='ui/themes/aurelia_dark.neui@surface' density='comfortable' tokens=48'
[09:17:57.573] [[1;32mINFO [0m] screen profile: authored game .neui compile info ref='ui/shared/runtime/hud.neui@surface' diagnostic='.neui dialect loaded ref='ui/dialects/runtime.neui@dialect' id='newengine.neui.dialect.runtime.v1' source='ui/dialects/runtime.neui' policy='asset-backed compiler dialect''
[09:17:57.573] [[1;32mINFO [0m] screen profile: authored game .neui compile info ref='ui/shared/runtime/hud.neui@surface' diagnostic='.neui live root compiled source='ui/shared/runtime/hud.neui@surface' entry='@surface' surface='game.hud' root_node='game.hud' children=1 component_libraries=0 theme_libraries=1 component_templates=0 bindings=21 theme_tokens=aurelia.dark'
[09:17:57.574] [[1;32mINFO [0m] screen profile: authored game .neui mounted ref='ui/shared/runtime/hud.neui@surface' surface='game.hud' policy='no generated gameplay HUD fallback'
[09:17:57.575] [[1;32mINFO [0m] screen profile: active profile='game' focus=GameViewport surface='engine.ui.screen.game' panels=0 render_backend='unchanged'
[09:17:57.575] [[1;32mINFO [0m] platform runtime: presentation render plan surface=Some("game.hud") focus=Some(GameViewport) shell_domain=System shell_surfaces=[] shell_surface_count=0 provider_ui_active=true scene_launch_active=false editor_overlay_active=false
[09:17:57.576] [[1;36mDEBUG[0m] ui gateway frame: frame=1 now_ms=0 codec=bin total_ms=0.64 service=0.61ms response_bytes=262452 provider='' caret=None provider_diags=0 font_diags=0 ui(mesh_vertices=0 mesh_indices=0 mesh_cmds=0 paint_cmds=0 paint_text=0 paint_vector=0 paint_images=0 paint_diags=0 first_font_ref=None first_text=None first_text_rect=None first_text_clip=None first_text_color=None first_text_px=None first_vector_ref=None tex_set=1 tex_set_bytes=262144 patches=0 patch_bytes=0 free=0)
[09:17:57.576] [[1;32mINFO [0m] platform runtime: presentation draw result requested=false refresh=true draw_present=false mesh_vertices=0 mesh_indices=0 paint_commands=0
[09:17:57.576] [[1;32mINFO [0m] audio orchestration: project mix graph installed routes=4 snapshots=0 policy='opaque-route-authority'
[09:17:57.577] [[1;32mINFO [0m] render runtime profile: resolved hardware_tier=Rtx effective_profile='newengine.render.runtime.tier.rtx' gpu_safe=false shadows=true hdr=true postfx=true deferred=true terrain_streaming=true
[09:17:57.577] [[1;36mDEBUG[0m] render controller: render begin next_frame=1 window=1280x720 viewport=1280x720 direct_surface=true
[09:17:57.598] [[1;32mINFO [0m] physics backend prewarm: completed under loading gate elapsed_ms=21.43 packet='empty fixed_tick=0' policy='no first-gameplay-tick cold init'
[09:17:57.599] [[1;32mINFO [0m] physics.input.stage.profile: frame=0 fixed_tick=0 total_ms=0.014 body_ms=0.002 terrain_ms=0.002 static_ms=0.005 command_ms=0.000 query_ms=0.005 bodies=0 colliders=0 commands=0 queries=0
[09:17:57.599] [[1;36mDEBUG[0m] render launch material plan: rebuilt world_tick=2 previous_tick=0 material_revision=42 previous_material_revision=0 critical=52 visible_world=0 launch_required=24 optional=3 rebuild_count=1 policy='revision-driven'
[09:17:57.599] [[1;32mINFO [0m] model runtime: binary ydd dictionary decoded dictionary='models/physics/box.ydd' selectors=1 body_bytes=1650 encoding='newengine.ydd.binary_mesh.v4' policy='one physical YDD read -> selected entry payloads only'
[09:17:57.601] [[1;32mINFO [0m] render material registry: pipeline request begin key='newengine.material_domain.gameready.runtime_lit' cache_key='newengine.material_domain.gameready.runtime_lit|scene=Rgba16Float|shadow=R32Float' provider_registered=true cache_miss=true
[09:17:57.602] [[1;32mINFO [0m] standard material domain: shader manifest loaded path='shaders/pipelines/gameready_lit.pipeline.json' schema='newengine.shader_pipeline.gameready_lit.v1'
[09:17:57.602] [[1;32mINFO [0m] standard material domain: staged pipeline warmup started cache_key='scene=Rgba16Float|shadow=R32Float' deferred_pipelines=true policy='bounded loading-frame work'
[09:17:57.621] [[1;33mWARN [0m] standard material domain: warmup stage slow stage=10 elapsed_ms=14.95 deferred_pipelines=true action='yield_after_stage'
[09:17:57.622] [[1;36mDEBUG[0m] standard material domain: staged warmup progress stage=11 previous_stage=0 operations=11 elapsed_ms=19.31 budget_ms=4.00
[09:17:57.622] [[1;33mWARN [0m] render material registry: pipeline request pending key='newengine.material_domain.gameready.runtime_lit' cache_key='newengine.material_domain.gameready.runtime_lit|scene=Rgba16Float|shadow=R32Float' generation=2 err='pipeline warmup pending cache_key='scene=Rgba16Float|shadow=R32Float' policy='bounded loading-frame work'' elapsed_ms=20.63 action='wait_for_renderer_shader_event_or_retry_poll'
[09:17:57.622] [[1;33mWARN [0m] render prewarm: primary scene pipeline not ready frame=1 err='render material registry: pipeline warmup pending cache_key='scene=Rgba16Float|shadow=R32Float' policy='bounded loading-frame work''
[09:17:57.622] [[1;32mINFO [0m] game-ready launch gate: blocked frame=1 waited_ms=0 reason='waiting for authored world assembly'
[09:17:57.623] [[1;36mDEBUG[0m] render controller: loading gate frame=1 reason='waiting for authored world assembly'
[09:17:57.640] [[1;32mINFO [0m] render material registry: shader readiness event observed generation=3 kind=ShaderCompileCompleted phase='shader.compile.cache_hit_disk' pending_pipelines=1 detail='program_id='standard_lit_vs' shader='shaders/runtime/game_lit_shadowed_v1.vert.spv' stage='vertex' source_kind='spirv' variant='gameready_lit' completed=3 total=unknown detail='cache\shaders\vulkan\game_lit_shadowed_v1.vert.spv.vert.c5a009af12756ebfa5d0152cfaf6f683.spv''
[09:17:57.640] [[1;32mINFO [0m] render material registry: shader readiness event observed generation=4 kind=ShaderCompileCompleted phase='shader.compile.cache_hit_disk' pending_pipelines=1 detail='program_id='standard_lit_fs' shader='shaders/runtime/game_lit_shadowed_v1.frag.spv' stage='fragment' source_kind='spirv' variant='gameready_lit' completed=4 total=unknown detail='cache\shaders\vulkan\game_lit_shadowed_v1.frag.spv.frag.ccfacc43d0bc6aad5f0739babbd6bb3d.spv''
[09:17:57.640] [[1;32mINFO [0m] render material registry: shader readiness event observed generation=5 kind=ShaderCompileCompleted phase='shader.compile.cache_hit_disk' pending_pipelines=1 detail='program_id='standard_gbuffer_lit_fs' shader='shaders/runtime/deferred/gbuffer_lit_shadowed.frag.spv' stage='fragment' source_kind='spirv' variant='gameready_gbuffer_lit' completed=5 total=unknown detail='cache\shaders\vulkan\gbuffer_lit_shadowed.frag.spv.frag.cc18e77e7e05b43c2c65f1b56c8e5c82.spv''
[09:17:57.640] [[1;32mINFO [0m] render material registry: shader readiness event observed generation=6 kind=ShaderCompileCompleted phase='shader.compile.cache_hit_disk' pending_pipelines=1 detail='program_id='standard_gbuffer_terrain_fs' shader='shaders/runtime/deferred/gbuffer_terrain.frag.spv' stage='fragment' source_kind='spirv' variant='gameready_gbuffer_terrain' completed=6 total=unknown detail='cache\shaders\vulkan\gbuffer_terrain.frag.spv.frag.76207e16ce2a46316afb05698968a531.spv''
[09:17:57.641] [[1;32mINFO [0m] render material registry: shader readiness event observed generation=7 kind=ShaderCompileCompleted phase='shader.compile.cache_hit_disk' pending_pipelines=1 detail='program_id='standard_terrain_surface_fs' shader='shaders/runtime/game_terrain_surface_v1.frag.spv' stage='fragment' source_kind='spirv' variant='gameready_terrain' completed=7 total=unknown detail='cache\shaders\vulkan\game_terrain_surface_v1.frag.spv.frag.1d1ba09119371ce6e8b1448b4a920c98.spv''
[09:17:57.641] [[1;32mINFO [0m] render material registry: shader readiness event observed generation=8 kind=ShaderCompileCompleted phase='shader.compile.cache_hit_disk' pending_pipelines=1 detail='program_id='standard_sun_shadow_depth_vs' shader='shaders/runtime/game_sun_shadow_depth_v1.vert.spv' stage='vertex' source_kind='spirv' variant='gameready_shadow' completed=8 total=unknown detail='cache\shaders\vulkan\game_sun_shadow_depth_v1.vert.spv.vert.58a842f1e9fb8add04d708fcb2d8efd5.spv''
[09:17:57.641] [[1;32mINFO [0m] render material registry: shader readiness event observed generation=9 kind=ShaderCompileCompleted phase='shader.compile.cache_hit_disk' pending_pipelines=1 detail='program_id='standard_sun_shadow_depth_fs' shader='shaders/runtime/game_sun_shadow_depth_v1.frag.spv' stage='fragment' source_kind='spirv' variant='gameready_shadow' completed=9 total=unknown detail='cache\shaders\vulkan\game_sun_shadow_depth_v1.frag.spv.frag.d1060534aeef3e121484d414bcaf4cab.spv''
[09:17:57.641] [[1;32mINFO [0m] render material registry: shader readiness event observed generation=10 kind=ShaderCompileCompleted phase='shader.compile.cache_hit_disk' pending_pipelines=1 detail='program_id='standard_lit_instanced_vs' shader='shaders/runtime/game_lit_instanced_v1.vert.spv' stage='vertex' source_kind='spirv' variant='gameready_lit_instanced' completed=10 total=unknown detail='cache\shaders\vulkan\game_lit_instanced_v1.vert.spv.vert.93c5825dfa9b87174f581243d894d207.spv''
[09:17:57.641] [[1;32mINFO [0m] render material registry: shader readiness event observed generation=11 kind=ShaderCompileCompleted phase='shader.compile.cache_hit_disk' pending_pipelines=1 detail='program_id='standard_lit_instanced_fs' shader='shaders/runtime/game_lit_instanced_v1.frag.spv' stage='fragment' source_kind='spirv' variant='gameready_lit_instanced' completed=11 total=unknown detail='cache\shaders\vulkan\game_lit_instanced_v1.frag.spv.frag.851ed3466a3e5e1e4e58db12bdb372a6.spv''
[09:17:57.641] [[1;32mINFO [0m] render material registry: shader readiness event observed generation=12 kind=ShaderCompileCompleted phase='shader.compile.cache_hit_disk' pending_pipelines=1 detail='program_id='standard_sun_shadow_instanced_vs' shader='shaders/runtime/game_sun_shadow_depth_instanced_v1.vert.spv' stage='vertex' source_kind='spirv' variant='gameready_shadow_instanced' completed=12 total=unknown detail='cache\shaders\vulkan\game_sun_shadow_depth_instanced_v1.vert.spv.vert.2666ae483504b39ec98557e3fab3c058.spv''
[09:17:57.642] [[1;36mDEBUG[0m] render controller: render begin next_frame=2 window=1280x720 viewport=1280x720 direct_surface=true
[09:17:57.642] [[1;36mDEBUG[0m] assets.materials.load_descriptor_v1: physical library load source='shared/materials/physics_sandbox.nemat' selector='box' output_kind='asset.list_file_body' policy='one NEMAT read+XML parse -> many selector projections'
[09:17:57.968] [[1;32mINFO [0m] assets.materials: physical NEMAT library cached source='shared/materials/physics_sandbox.nemat' entries=6 body_bytes=4391 policy='single physical read+parse; selector projection from decoded library'
[09:17:57.969] [[1;36mDEBUG[0m] assets.materials.load_descriptor_v1: decoded source='shared/materials/physics_sandbox.nemat' selector='box' texture_slots=1 params=7
[09:17:57.969] [[1;32mINFO [0m] dynamic world prefab spawned id='box_a' source='models/physics/box.ydd@box' entity=EntityId(51v1) half_extents=Vec3 { x: 1.1, y: 0.55, z: 0.7 } parts=1 triangles=12
[09:17:57.969] [[1;36mDEBUG[0m] static world prefab streamed id='box_a' source='models/physics/box.ydd@box' material='shared/materials/physics_sandbox.nemat@box' position=Vec3 { x: 4.0, y: 7.0, z: -2.0 } parts=1 triangles=12 pending=14 decode_jobs=0 decoded_ready=1
[09:17:57.970] [[1;32mINFO [0m] physics.input.stage.profile: frame=0 fixed_tick=0 total_ms=0.005 body_ms=0.000 terrain_ms=0.001 static_ms=0.002 command_ms=0.000 query_ms=0.000 bodies=0 colliders=0 commands=0 queries=0
[09:17:57.970] [[1;36mDEBUG[0m] render launch material plan: rebuilt world_tick=3 previous_tick=2 material_revision=44 previous_material_revision=42 critical=53 visible_world=1 launch_required=25 optional=3 rebuild_count=2 policy='revision-driven'
[09:17:57.975] [[1;36mDEBUG[0m] render controller: material texture packet upload queued path='textures/characters/abby.ytd@m00_base' method='assets.textures.entry_runtime_v1' contract='bcn-authored-mips' texture=TextureId(49) frame=2
[09:17:57.976] [[1;36mDEBUG[0m] render controller: texture allocation above pump target path='textures/characters/abby.ytd@m00_base' bytes=5592432 elapsed_ms=3.66 budget_ms=2.00
[09:17:57.976] [[1;36mDEBUG[0m] render controller: material texture packet upload queued path='textures/characters/abby.ytd@m02_base' method='assets.textures.entry_runtime_v1' contract='rgba-base+backend-mips' texture=TextureId(50) frame=2
[09:17:57.976] [[1;36mDEBUG[0m] render controller: texture upload pump frame=2 uploads=2 bytes=5941956 budget_uploads=4 budget_bytes=33554432 decoded_waiting=0 policy='CPU decode and GPU upload budgets are independent'
[09:17:57.976] [[1;36mDEBUG[0m] render controller: material texture pump yielded started=1 active_jobs=3 max_jobs=4 elapsed_ms=5.38 budget_ms=2.00 remaining=51
[09:17:57.978] [[1;36mDEBUG[0m] render prelaunch: upload pump frame=2 processed_jobs=2 processed_bytes=5854576 remaining_jobs=1 remaining_bytes=262144 budget_blocked=false
[09:17:57.978] [[1;32mINFO [0m] render material registry: retrying pending pipeline after shader event key='newengine.material_domain.gameready.runtime_lit' cache_key='newengine.material_domain.gameready.runtime_lit|scene=Rgba16Float|shadow=R32Float' previous_generation=2 current_generation=12 retry_count=1
[09:17:57.978] [[1;32mINFO [0m] render material registry: pipeline request begin key='newengine.material_domain.gameready.runtime_lit' cache_key='newengine.material_domain.gameready.runtime_lit|scene=Rgba16Float|shadow=R32Float' provider_registered=true cache_miss=true
[09:17:57.983] [[1;36mDEBUG[0m] standard material domain: staged warmup progress stage=28 previous_stage=11 operations=17 elapsed_ms=4.81 budget_ms=4.00
[09:17:57.983] [[1;33mWARN [0m] render material registry: pipeline request pending key='newengine.material_domain.gameready.runtime_lit' cache_key='newengine.material_domain.gameready.runtime_lit|scene=Rgba16Float|shadow=R32Float' generation=12 err='pipeline warmup pending cache_key='scene=Rgba16Float|shadow=R32Float' policy='bounded loading-frame work'' elapsed_ms=5.22 action='wait_for_renderer_shader_event_or_retry_poll'
[09:17:57.984] [[1;33mWARN [0m] render prewarm: primary scene pipeline not ready frame=2 err='render material registry: pipeline warmup pending cache_key='scene=Rgba16Float|shadow=R32Float' policy='bounded loading-frame work''
[09:17:57.984] [[1;36mDEBUG[0m] game-ready launch gate: blocked frame=2 waited_ms=360 reason='waiting for authored world assembly'
[09:17:57.984] [[1;36mDEBUG[0m] render controller: loading gate frame=2 reason='waiting for authored world assembly'
[09:17:58.001] [[1;32mINFO [0m] render material registry: shader readiness event observed generation=13 kind=ShaderCompileCompleted phase='shader.compile.cache_hit_disk' pending_pipelines=1 detail='program_id='standard_lit_skinned_vs' shader='shaders/runtime/game_lit_skinned_v1.vert.spv' stage='vertex' source_kind='spirv' variant='gameready_lit_skinned' completed=13 total=unknown detail='cache\shaders\vulkan\game_lit_skinned_v1.vert.spv.vert.06327498ef44ba4316d7186239a291f4.spv''
[09:17:58.001] [[1;32mINFO [0m] render material registry: shader readiness event observed generation=14 kind=ShaderCompileCompleted phase='shader.compile.cache_hit_disk' pending_pipelines=1 detail='program_id='standard_sun_shadow_skinned_vs' shader='shaders/runtime/game_sun_shadow_depth_skinned_v1.vert.spv' stage='vertex' source_kind='spirv' variant='gameready_shadow_skinned' completed=14 total=unknown detail='cache\shaders\vulkan\game_sun_shadow_depth_skinned_v1.vert.spv.vert.a339ff1efb791dcc7887d5747c89e2a9.spv''
[09:17:58.001] [[1;36mDEBUG[0m] render controller: render begin next_frame=3 window=1280x720 viewport=1280x720 direct_surface=true
[09:17:58.001] [[1;32mINFO [0m] dynamic world prefab spawned id='box_b' source='models/physics/box.ydd@box' entity=EntityId(53v1) half_extents=Vec3 { x: 0.88000005, y: 0.66, z: 0.56 } parts=1 triangles=12
[09:17:58.002] [[1;36mDEBUG[0m] static world prefab streamed id='box_b' source='models/physics/box.ydd@box' material='shared/materials/physics_sandbox.nemat@box' position=Vec3 { x: 3.5, y: 10.0, z: -1.5 } parts=1 triangles=12 pending=13 decode_jobs=0 decoded_ready=1
[09:17:58.002] [[1;32mINFO [0m] physics.input.stage.profile: frame=0 fixed_tick=0 total_ms=0.004 body_ms=0.000 terrain_ms=0.001 static_ms=0.002 command_ms=0.000 query_ms=0.000 bodies=0 colliders=0 commands=0 queries=0
[09:17:58.002] [[1;36mDEBUG[0m] render launch material plan: rebuilt world_tick=4 previous_tick=3 material_revision=45 previous_material_revision=44 critical=53 visible_world=1 launch_required=25 optional=3 rebuild_count=3 policy='revision-driven'
[09:17:58.003] [[1;36mDEBUG[0m] render controller: material texture packet upload queued path='shared/textures/physics/box.ytd@box' method='assets.textures.entry_runtime_v1' contract='bcn-authored-mips' texture=TextureId(85) frame=3
[09:17:58.003] [[1;36mDEBUG[0m] render controller: material texture packet upload queued path='textures/characters/abby.ytd@m03_base' method='assets.textures.entry_runtime_v1' contract='rgba-base+backend-mips' texture=TextureId(86) frame=3
[09:17:58.004] [[1;36mDEBUG[0m] render controller: material texture packet upload queued path='textures/characters/abby.ytd@m04_base' method='assets.textures.entry_runtime_v1' contract='rgba-base+backend-mips' texture=TextureId(87) frame=3
[09:17:58.004] [[1;36mDEBUG[0m] render controller: texture upload pump frame=3 uploads=3 bytes=1854488 budget_uploads=4 budget_bytes=33554432 decoded_waiting=0 policy='CPU decode and GPU upload budgets are independent'
[09:17:58.005] [[1;36mDEBUG[0m] render prelaunch: upload pump frame=3 processed_jobs=3 processed_bytes=1417584 remaining_jobs=3 remaining_bytes=1417584 budget_blocked=false
[09:17:58.005] [[1;32mINFO [0m] render material registry: retrying pending pipeline after shader event key='newengine.material_domain.gameready.runtime_lit' cache_key='newengine.material_domain.gameready.runtime_lit|scene=Rgba16Float|shadow=R32Float' previous_generation=12 current_generation=14 retry_count=2
[09:17:58.005] [[1;32mINFO [0m] render material registry: pipeline request begin key='newengine.material_domain.gameready.runtime_lit' cache_key='newengine.material_domain.gameready.runtime_lit|scene=Rgba16Float|shadow=R32Float' provider_registered=true cache_miss=true
[09:17:58.007] [[1;32mINFO [0m] standard material domain: staged pipeline ready stages=37 operations_this_frame=9 elapsed_ms=1.30 deferred_pipelines=true
[09:17:58.007] [[1;32mINFO [0m] render material registry: pipeline request completed key='newengine.material_domain.gameready.runtime_lit' cache_key='newengine.material_domain.gameready.runtime_lit|scene=Rgba16Float|shadow=R32Float' elapsed_ms=1.82 cached=true
[09:17:58.007] [[1;36mDEBUG[0m] game-ready launch gate: blocked frame=3 waited_ms=383 reason='waiting for authored world assembly'
[09:17:58.007] [[1;36mDEBUG[0m] render controller: loading gate frame=3 reason='waiting for authored world assembly'
[09:17:58.024] [[1;36mDEBUG[0m] render controller: render begin next_frame=4 window=1280x720 viewport=1280x720 direct_surface=true
[09:17:58.024] [[1;32mINFO [0m] physics.input.stage.profile: frame=0 fixed_tick=0 total_ms=0.004 body_ms=0.000 terrain_ms=0.001 static_ms=0.001 command_ms=0.000 query_ms=0.001 bodies=0 colliders=0 commands=0 queries=0
[09:17:58.025] [[1;36mDEBUG[0m] game-ready launch gate: blocked frame=4 waited_ms=401 reason='waiting for authored world assembly'
[09:17:58.025] [[1;36mDEBUG[0m] render controller: loading gate frame=4 reason='waiting for authored world assembly'
[09:17:58.042] [[1;36mDEBUG[0m] render controller: render begin next_frame=5 window=1280x720 viewport=1280x720 direct_surface=true
[09:17:58.042] [[1;32mINFO [0m] physics.input.stage.profile: frame=0 fixed_tick=0 total_ms=0.002 body_ms=0.000 terrain_ms=0.001 static_ms=0.001 command_ms=0.000 query_ms=0.000 bodies=0 colliders=0 commands=0 queries=0
[09:17:58.043] [[1;36mDEBUG[0m] render controller: material texture packet upload queued path='textures/characters/abby.ytd@m05_base' method='assets.textures.entry_runtime_v1' contract='rgba-base+backend-mips' texture=TextureId(119) frame=5
[09:17:58.046] [[1;36mDEBUG[0m] render controller: material texture packet upload queued path='textures/characters/abby.ytd@m06_base' method='assets.textures.entry_runtime_v1' contract='rgba-base+backend-mips' texture=TextureId(120) frame=5
[09:17:58.046] [[1;36mDEBUG[0m] render controller: material texture pump yielded started=1 active_jobs=3 max_jobs=4 elapsed_ms=4.06 budget_ms=2.00 remaining=46
[09:17:58.048] [[1;36mDEBUG[0m] render prelaunch: upload pump frame=5 processed_jobs=2 processed_bytes=5242880 remaining_jobs=1 remaining_bytes=4194304 budget_blocked=false
[09:17:58.048] [[1;36mDEBUG[0m] game-ready launch gate: blocked frame=5 waited_ms=424 reason='waiting for authored world assembly'
[09:17:58.048] [[1;36mDEBUG[0m] render controller: loading gate frame=5 reason='waiting for authored world assembly'
[09:17:58.064] [[1;32mINFO [0m] model runtime: binary ydd dictionary decoded dictionary='models/physics/cube.ydd' selectors=1 body_bytes=1655 encoding='newengine.ydd.binary_mesh.v4' policy='one physical YDD read -> selected entry payloads only'
[09:17:58.064] [[1;36mDEBUG[0m] render controller: render begin next_frame=6 window=1280x720 viewport=1280x720 direct_surface=true
[09:17:58.065] [[1;36mDEBUG[0m] assets.materials.load_descriptor_v1: physical library cache hit source='shared/materials/physics_sandbox.nemat' selector='cube' policy='one NEMAT read+XML parse -> many selector projections'
[09:17:58.065] [[1;36mDEBUG[0m] assets.materials.load_descriptor_v1: decoded source='shared/materials/physics_sandbox.nemat' selector='cube' texture_slots=1 params=7
[09:17:58.065] [[1;32mINFO [0m] dynamic world prefab spawned id='cube_a' source='models/physics/cube.ydd@cube' entity=EntityId(55v1) half_extents=Vec3 { x: 0.75, y: 0.75, z: 0.75 } parts=1 triangles=12
[09:17:58.065] [[1;36mDEBUG[0m] static world prefab streamed id='cube_a' source='models/physics/cube.ydd@cube' material='shared/materials/physics_sandbox.nemat@cube' position=Vec3 { x: -4.0, y: 6.0, z: -2.0 } parts=1 triangles=12 pending=12 decode_jobs=0 decoded_ready=1
[09:17:58.065] [[1;32mINFO [0m] dynamic world prefab spawned id='cube_b' source='models/physics/cube.ydd@cube' entity=EntityId(57v1) half_extents=Vec3 { x: 0.6, y: 0.6, z: 0.6 } parts=1 triangles=12
[09:17:58.066] [[1;36mDEBUG[0m] static world prefab streamed id='cube_b' source='models/physics/cube.ydd@cube' material='shared/materials/physics_sandbox.nemat@cube' position=Vec3 { x: -3.3, y: 9.0, z: -1.7 } parts=1 triangles=12 pending=11 decode_jobs=0 decoded_ready=1
[09:17:58.066] [[1;32mINFO [0m] dynamic world prefab spawned id='cube_stack_1' source='models/physics/cube.ydd@cube' entity=EntityId(59v1) half_extents=Vec3 { x: 0.67499995, y: 0.67499995, z: 0.67499995 } parts=1 triangles=12
[09:17:58.066] [[1;36mDEBUG[0m] static world prefab streamed id='cube_stack_1' source='models/physics/cube.ydd@cube' material='shared/materials/physics_sandbox.nemat@cube' position=Vec3 { x: 6.0, y: 1.0, z: 4.0 } parts=1 triangles=12 pending=10 decode_jobs=0 decoded_ready=1
[09:17:58.066] [[1;32mINFO [0m] dynamic world prefab spawned id='cube_stack_2' source='models/physics/cube.ydd@cube' entity=EntityId(61v1) half_extents=Vec3 { x: 0.67499995, y: 0.67499995, z: 0.67499995 } parts=1 triangles=12
[09:17:58.066] [[1;36mDEBUG[0m] static world prefab streamed id='cube_stack_2' source='models/physics/cube.ydd@cube' material='shared/materials/physics_sandbox.nemat@cube' position=Vec3 { x: 6.0, y: 2.6, z: 4.0 } parts=1 triangles=12 pending=9 decode_jobs=0 decoded_ready=1
[09:17:58.067] [[1;32mINFO [0m] dynamic world prefab spawned id='cube_stack_3' source='models/physics/cube.ydd@cube' entity=EntityId(63v1) half_extents=Vec3 { x: 0.67499995, y: 0.67499995, z: 0.67499995 } parts=1 triangles=12
[09:17:58.067] [[1;36mDEBUG[0m] static world prefab streamed id='cube_stack_3' source='models/physics/cube.ydd@cube' material='shared/materials/physics_sandbox.nemat@cube' position=Vec3 { x: 6.0, y: 4.2, z: 4.0 } parts=1 triangles=12 pending=8 decode_jobs=0 decoded_ready=1
[09:17:58.067] [[1;32mINFO [0m] physics.input.stage.profile: frame=0 fixed_tick=0 total_ms=0.004 body_ms=0.000 terrain_ms=0.001 static_ms=0.002 command_ms=0.000 query_ms=0.000 bodies=0 colliders=0 commands=0 queries=0
[09:17:58.067] [[1;36mDEBUG[0m] render launch material plan: rebuilt world_tick=7 previous_tick=6 material_revision=51 previous_material_revision=45 critical=53 visible_world=1 launch_required=25 optional=3 rebuild_count=4 policy='revision-driven'
[09:17:58.068] [[1;36mDEBUG[0m] render controller: material texture packet upload queued path='textures/characters/abby.ytd@m07_base' method='assets.textures.entry_runtime_v1' contract='rgba-base+backend-mips' texture=TextureId(123) frame=6
[09:17:58.069] [[1;36mDEBUG[0m] render controller: material texture packet upload queued path='textures/characters/abby.ytd@m08_base' method='assets.textures.entry_runtime_v1' contract='rgba-base+backend-mips' texture=TextureId(124) frame=6
[09:17:58.069] [[1;36mDEBUG[0m] render prelaunch: upload pump frame=6 processed_jobs=2 processed_bytes=2097152 remaining_jobs=2 remaining_bytes=2097152 budget_blocked=false
[09:17:58.070] [[1;36mDEBUG[0m] game-ready launch gate: blocked frame=6 waited_ms=446 reason='waiting for authored world assembly'
[09:17:58.070] [[1;36mDEBUG[0m] render controller: loading gate frame=6 reason='waiting for authored world assembly'
[09:17:58.086] [[1;36mDEBUG[0m] render controller: render begin next_frame=7 window=1280x720 viewport=1280x720 direct_surface=true
[09:17:58.087] [[1;32mINFO [0m] physics.input.stage.profile: frame=0 fixed_tick=0 total_ms=0.006 body_ms=0.001 terrain_ms=0.001 static_ms=0.001 command_ms=0.001 query_ms=0.001 bodies=0 colliders=0 commands=0 queries=0
[09:17:58.087] [[1;36mDEBUG[0m] game-ready launch gate: blocked frame=7 waited_ms=463 reason='waiting for authored world assembly'
[09:17:58.087] [[1;36mDEBUG[0m] render controller: loading gate frame=7 reason='waiting for authored world assembly'
[09:17:58.097] [[1;32mINFO [0m] model runtime: binary ydd dictionary decoded dictionary='models/physics/cylinder.ydd' selectors=1 body_bytes=10747 encoding='newengine.ydd.binary_mesh.v4' policy='one physical YDD read -> selected entry payloads only'
[09:17:58.104] [[1;36mDEBUG[0m] render controller: render begin next_frame=8 window=1280x720 viewport=1280x720 direct_surface=true
[09:17:58.104] [[1;36mDEBUG[0m] assets.materials.load_descriptor_v1: physical library cache hit source='shared/materials/physics_sandbox.nemat' selector='cylinder' policy='one NEMAT read+XML parse -> many selector projections'
[09:17:58.105] [[1;36mDEBUG[0m] assets.materials.load_descriptor_v1: decoded source='shared/materials/physics_sandbox.nemat' selector='cylinder' texture_slots=1 params=7
[09:17:58.105] [[1;32mINFO [0m] dynamic world prefab spawned id='cylinder_a' source='models/physics/cylinder.ydd@cylinder' entity=EntityId(65v1) half_extents=Vec3 { x: 0.8, y: 1.0, z: 0.8 } parts=1 triangles=96
[09:17:58.105] [[1;36mDEBUG[0m] static world prefab streamed id='cylinder_a' source='models/physics/cylinder.ydd@cylinder' material='shared/materials/physics_sandbox.nemat@cylinder' position=Vec3 { x: 1.8, y: 6.5, z: 1.7 } parts=1 triangles=96 pending=7 decode_jobs=0 decoded_ready=1
[09:17:58.105] [[1;32mINFO [0m] dynamic world prefab spawned id='cylinder_b' source='models/physics/cylinder.ydd@cylinder' entity=EntityId(67v1) half_extents=Vec3 { x: 0.6, y: 0.9, z: 0.6 } parts=1 triangles=96
[09:17:58.105] [[1;36mDEBUG[0m] static world prefab streamed id='cylinder_b' source='models/physics/cylinder.ydd@cylinder' material='shared/materials/physics_sandbox.nemat@cylinder' position=Vec3 { x: 2.2, y: 10.0, z: 2.3 } parts=1 triangles=96 pending=6 decode_jobs=0 decoded_ready=1
[09:17:58.106] [[1;32mINFO [0m] physics.input.stage.profile: frame=0 fixed_tick=0 total_ms=0.006 body_ms=0.001 terrain_ms=0.001 static_ms=0.003 command_ms=0.000 query_ms=0.000 bodies=0 colliders=0 commands=0 queries=0
[09:17:58.109] [[1;36mDEBUG[0m] render controller: material texture packet upload queued path='textures/characters/abby.ytd@m09_base' method='assets.textures.entry_runtime_v1' contract='rgba-base+backend-mips' texture=TextureId(127) frame=8
[09:17:58.109] [[1;36mDEBUG[0m] render controller: texture allocation above pump target path='textures/characters/abby.ytd@m09_base' bytes=4194304 elapsed_ms=2.16 budget_ms=2.00
[09:17:58.112] [[1;36mDEBUG[0m] render controller: material texture packet upload queued path='textures/characters/abby.ytd@m10_base' method='assets.textures.entry_runtime_v1' contract='rgba-base+backend-mips' texture=TextureId(128) frame=8
[09:17:58.112] [[1;36mDEBUG[0m] render controller: texture allocation above pump target path='textures/characters/abby.ytd@m10_base' bytes=4194304 elapsed_ms=2.10 budget_ms=2.00
[09:17:58.113] [[1;36mDEBUG[0m] render controller: material texture pump yielded started=1 active_jobs=3 max_jobs=4 elapsed_ms=6.68 budget_ms=2.00 remaining=42
[09:17:58.114] [[1;36mDEBUG[0m] render prelaunch: upload pump frame=8 processed_jobs=2 processed_bytes=8388608 remaining_jobs=1 remaining_bytes=4194304 budget_blocked=false
[09:17:58.114] [[1;36mDEBUG[0m] game-ready launch gate: blocked frame=8 waited_ms=490 reason='waiting for authored world assembly'
[09:17:58.115] [[1;36mDEBUG[0m] render controller: loading gate frame=8 reason='waiting for authored world assembly'
[09:17:58.131] [[1;32mINFO [0m] physics.input.stage.profile: frame=0 fixed_tick=0 total_ms=0.003 body_ms=0.000 terrain_ms=0.001 static_ms=0.000 command_ms=0.000 query_ms=0.000 bodies=0 colliders=0 commands=0 queries=0
[09:17:58.134] [[1;32mINFO [0m] model runtime: binary ydd dictionary decoded dictionary='models/physics/platform.ydd' selectors=1 body_bytes=1675 encoding='newengine.ydd.binary_mesh.v4' policy='one physical YDD read -> selected entry payloads only'
[09:17:58.134] [[1;36mDEBUG[0m] render controller: material texture packet upload queued path='textures/characters/abby.ytd@m12_base' method='assets.textures.entry_runtime_v1' contract='rgba-base+backend-mips' texture=TextureId(129) frame=9
[09:17:58.135] [[1;36mDEBUG[0m] render controller: material texture pump yielded started=1 active_jobs=3 max_jobs=4 elapsed_ms=2.70 budget_ms=2.00 remaining=41
[09:17:58.135] [[1;36mDEBUG[0m] game-ready launch gate: blocked frame=9 waited_ms=512 reason='waiting for authored world assembly'
[09:17:58.152] [[1;36mDEBUG[0m] assets.materials.load_descriptor_v1: physical library cache hit source='shared/materials/physics_sandbox.nemat' selector='platform' policy='one NEMAT read+XML parse -> many selector projections'
[09:17:58.152] [[1;36mDEBUG[0m] assets.materials.load_descriptor_v1: decoded source='shared/materials/physics_sandbox.nemat' selector='platform' texture_slots=1 params=7
[09:17:58.153] [[1;32mINFO [0m] static box collision spawned id='platform#collision' source='models/physics/platform.ydd@platform' entity=EntityId(69v1) half_extents=Vec3 { x: 16.0, y: 0.5, z: 16.0 } position=Vec3 { x: 0.0, y: -0.5, z: 0.0 }
[09:17:58.153] [[1;36mDEBUG[0m] static world prefab streamed id='platform#collision' source='models/physics/platform.ydd@platform' material='' position=Vec3 { x: 0.0, y: -0.5, z: 0.0 } parts=1 triangles=12 pending=5 decode_jobs=0 decoded_ready=1
[09:17:58.153] [[1;36mDEBUG[0m] static world material binding verified prefab='platform' slot='platform' entity=EntityId(71v1) material_ref=MaterialId(16500435133196758685) base=Some("shared/textures/physics/grid.ytd@grid") normal=None roughness=None
[09:17:58.153] [[1;36mDEBUG[0m] static world part spawned prefab='platform' part='platform' vertices=36 triangles=12 material_id=MaterialId(3772203288615766519)
[09:17:58.153] [[1;36mDEBUG[0m] static world prefab streamed id='platform' source='models/physics/platform.ydd@platform' material='shared/materials/physics_sandbox.nemat@platform' position=Vec3 { x: 0.0, y: -0.5, z: 0.0 } parts=1 triangles=12 pending=4 decode_jobs=0 decoded_ready=1
[09:17:58.153] [[1;32mINFO [0m] physics.input.stage.profile: frame=0 fixed_tick=0 total_ms=0.006 body_ms=0.000 terrain_ms=0.000 static_ms=0.004 command_ms=0.000 query_ms=0.000 bodies=0 colliders=0 commands=0 queries=0
[09:17:58.156] [[1;36mDEBUG[0m] render controller: material texture packet upload queued path='textures/characters/abby.ytd@m11_base' method='assets.textures.entry_runtime_v1' contract='rgba-base+backend-mips' texture=TextureId(132) frame=10
[09:17:58.157] [[1;36mDEBUG[0m] render controller: texture allocation above pump target path='textures/characters/abby.ytd@m11_base' bytes=4194304 elapsed_ms=2.20 budget_ms=2.00
[09:17:58.159] [[1;36mDEBUG[0m] render controller: material texture packet upload queued path='textures/characters/abby.ytd@m13_base' method='assets.textures.entry_runtime_v1' contract='rgba-base+backend-mips' texture=TextureId(133) frame=10
[09:17:58.160] [[1;36mDEBUG[0m] render controller: material texture pump yielded started=1 active_jobs=2 max_jobs=4 elapsed_ms=6.07 budget_ms=2.00 remaining=41
[09:17:58.178] [[1;32mINFO [0m] physics.input.stage.profile: frame=0 fixed_tick=0 total_ms=0.003 body_ms=0.000 terrain_ms=0.001 static_ms=0.001 command_ms=0.000 query_ms=0.000 bodies=0 colliders=0 commands=0 queries=0
[09:17:58.178] [[1;32mINFO [0m] model runtime: binary ydd dictionary decoded dictionary='models/physics/pyramid.ydd' selectors=1 body_bytes=1022 encoding='newengine.ydd.binary_mesh.v4' policy='one physical YDD read -> selected entry payloads only'
[09:17:58.179] [[1;36mDEBUG[0m] render controller: material texture packet upload queued path='shared/textures/physics/grid.ytd@grid' method='assets.textures.entry_runtime_v1' contract='bcn-authored-mips' texture=TextureId(134) frame=11
[09:17:58.181] [[1;36mDEBUG[0m] render controller: material texture packet upload queued path='textures/characters/abby.ytd@m15_base' method='assets.textures.entry_runtime_v1' contract='rgba-base+backend-mips' texture=TextureId(135) frame=11
[09:17:58.181] [[1;36mDEBUG[0m] render controller: material texture pump yielded started=1 active_jobs=1 max_jobs=4 elapsed_ms=3.04 budget_ms=2.00 remaining=40
[09:17:58.199] [[1;36mDEBUG[0m] assets.materials.load_descriptor_v1: physical library cache hit source='shared/materials/physics_sandbox.nemat' selector='pyramid' policy='one NEMAT read+XML parse -> many selector projections'
[09:17:58.199] [[1;36mDEBUG[0m] assets.materials.load_descriptor_v1: decoded source='shared/materials/physics_sandbox.nemat' selector='pyramid' texture_slots=1 params=7
[09:17:58.199] [[1;32mINFO [0m] dynamic world prefab spawned id='pyramid_a' source='models/physics/pyramid.ydd@pyramid' entity=EntityId(72v1) half_extents=Vec3 { x: 0.9, y: 1.7, z: 0.9 } parts=1 triangles=6
[09:17:58.199] [[1;36mDEBUG[0m] static world prefab streamed id='pyramid_a' source='models/physics/pyramid.ydd@pyramid' material='shared/materials/physics_sandbox.nemat@pyramid' position=Vec3 { x: 0.0, y: 5.0, z: -4.0 } parts=1 triangles=6 pending=3 decode_jobs=0 decoded_ready=1
[09:17:58.199] [[1;32mINFO [0m] dynamic world prefab spawned id='pyramid_b' source='models/physics/pyramid.ydd@pyramid' entity=EntityId(74v1) half_extents=Vec3 { x: 0.71999997, y: 1.36, z: 0.71999997 } parts=1 triangles=6
[09:17:58.200] [[1;36mDEBUG[0m] static world prefab streamed id='pyramid_b' source='models/physics/pyramid.ydd@pyramid' material='shared/materials/physics_sandbox.nemat@pyramid' position=Vec3 { x: 0.7, y: 8.5, z: -4.5 } parts=1 triangles=6 pending=2 decode_jobs=0 decoded_ready=1
[09:17:58.200] [[1;32mINFO [0m] physics.input.stage.profile: frame=0 fixed_tick=0 total_ms=0.006 body_ms=0.000 terrain_ms=0.001 static_ms=0.004 command_ms=0.000 query_ms=0.001 bodies=0 colliders=0 commands=0 queries=0
[09:17:58.217] [[1;32mINFO [0m] physics.input.stage.profile: frame=0 fixed_tick=0 total_ms=0.003 body_ms=0.000 terrain_ms=0.001 static_ms=0.001 command_ms=0.000 query_ms=0.000 bodies=0 colliders=0 commands=0 queries=0
[09:17:58.217] [[1;36mDEBUG[0m] render controller: material texture packet upload queued path='textures/characters/abby.ytd@m17_base' method='assets.textures.entry_runtime_v1' contract='rgba-base+backend-mips' texture=TextureId(138) frame=13
[09:17:58.235] [[1;32mINFO [0m] physics.input.stage.profile: frame=0 fixed_tick=0 total_ms=0.003 body_ms=0.000 terrain_ms=0.001 static_ms=0.001 command_ms=0.000 query_ms=0.000 bodies=0 colliders=0 commands=0 queries=0
[09:17:58.238] [[1;36mDEBUG[0m] render controller: material texture packet upload queued path='textures/characters/abby.ytd@m18_base' method='assets.textures.entry_runtime_v1' contract='rgba-base+backend-mips' texture=TextureId(139) frame=14
[09:17:58.238] [[1;36mDEBUG[0m] render controller: texture allocation above pump target path='textures/characters/abby.ytd@m18_base' bytes=4194304 elapsed_ms=2.20 budget_ms=2.00
[09:17:58.239] [[1;36mDEBUG[0m] render controller: material texture pump yielded started=1 active_jobs=4 max_jobs=4 elapsed_ms=3.87 budget_ms=2.00 remaining=35
[09:17:58.246] [[1;32mINFO [0m] model runtime: binary ydd dictionary decoded dictionary='models/physics/sphere.ydd' selectors=1 body_bytes=57393 encoding='newengine.ydd.binary_mesh.v4' policy='one physical YDD read -> selected entry payloads only'
[09:17:58.256] [[1;36mDEBUG[0m] assets.materials.load_descriptor_v1: physical library cache hit source='shared/materials/physics_sandbox.nemat' selector='sphere' policy='one NEMAT read+XML parse -> many selector projections'
[09:17:58.257] [[1;36mDEBUG[0m] assets.materials.load_descriptor_v1: decoded source='shared/materials/physics_sandbox.nemat' selector='sphere' texture_slots=1 params=7
[09:17:58.257] [[1;32mINFO [0m] dynamic world prefab spawned id='sphere_a' source='models/physics/sphere.ydd@sphere' entity=EntityId(76v1) half_extents=Vec3 { x: 0.9, y: 0.9, z: 0.9 } parts=1 triangles=528
[09:17:58.257] [[1;36mDEBUG[0m] static world prefab streamed id='sphere_a' source='models/physics/sphere.ydd@sphere' material='shared/materials/physics_sandbox.nemat@sphere' position=Vec3 { x: -1.5, y: 5.0, z: 1.5 } parts=1 triangles=528 pending=1 decode_jobs=0 decoded_ready=1
[09:17:58.257] [[1;32mINFO [0m] dynamic world prefab spawned id='sphere_b' source='models/physics/sphere.ydd@sphere' entity=EntityId(78v1) half_extents=Vec3 { x: 0.648, y: 0.648, z: 0.648 } parts=1 triangles=528
[09:17:58.257] [[1;36mDEBUG[0m] static world prefab streamed id='sphere_b' source='models/physics/sphere.ydd@sphere' material='shared/materials/physics_sandbox.nemat@sphere' position=Vec3 { x: -1.0, y: 8.2, z: 2.0 } parts=1 triangles=528 pending=0 decode_jobs=0 decoded_ready=1
[09:17:58.258] [[1;32mINFO [0m] static world bootstrap completed models=15 parts=15 triangles=1368 failed=0 elapsed_ms=1514.00 policy='incremental; no event-loop starvation'
[09:17:58.258] [[1;36mDEBUG[0m] scene object invariants: phase='authored-world.static-world-complete' status='stable' checked=58 policy='render/model/terrain/definition/player scene objects are complete entities'
[09:17:58.258] [[1;32mINFO [0m] physics.input.stage.profile: frame=0 fixed_tick=0 total_ms=0.009 body_ms=0.001 terrain_ms=0.002 static_ms=0.006 command_ms=0.001 query_ms=0.001 bodies=0 colliders=0 commands=0 queries=0
[09:17:58.262] [[1;36mDEBUG[0m] render controller: material texture packet upload queued path='textures/characters/abby.ytd@m19_base' method='assets.textures.entry_runtime_v1' contract='rgba-base+backend-mips' texture=TextureId(142) frame=15
[09:17:58.262] [[1;36mDEBUG[0m] render controller: texture allocation above pump target path='textures/characters/abby.ytd@m19_base' bytes=4194304 elapsed_ms=2.43 budget_ms=2.00
[09:17:58.262] [[1;36mDEBUG[0m] render controller: material texture pump yielded started=1 active_jobs=4 max_jobs=4 elapsed_ms=4.02 budget_ms=2.00 remaining=34
[09:17:58.280] [[1;32mINFO [0m] physics.input.stage.profile: frame=0 fixed_tick=0 total_ms=0.005 body_ms=0.000 terrain_ms=0.001 static_ms=0.001 command_ms=0.001 query_ms=0.001 bodies=0 colliders=0 commands=0 queries=0
[09:17:58.282] [[1;36mDEBUG[0m] render controller: material texture packet upload queued path='textures/characters/abby.ytd@m20_base' method='assets.textures.entry_runtime_v1' contract='rgba-base+backend-mips' texture=TextureId(143) frame=16
[09:17:58.283] [[1;36mDEBUG[0m] render controller: material texture pump yielded started=1 active_jobs=4 max_jobs=4 elapsed_ms=2.56 budget_ms=2.00 remaining=33
[09:17:58.301] [[1;32mINFO [0m] physics.input.stage.profile: frame=0 fixed_tick=0 total_ms=0.003 body_ms=0.000 terrain_ms=0.001 static_ms=0.001 command_ms=0.000 query_ms=0.001 bodies=0 colliders=0 commands=0 queries=0
[09:17:58.304] [[1;36mDEBUG[0m] render controller: material texture packet upload queued path='textures/characters/abby.ytd@m22_base' method='assets.textures.entry_runtime_v1' contract='rgba-base+backend-mips' texture=TextureId(144) frame=17
[09:17:58.305] [[1;36mDEBUG[0m] render controller: texture allocation above pump target path='textures/characters/abby.ytd@m22_base' bytes=4194304 elapsed_ms=2.31 budget_ms=2.00
[09:17:58.308] [[1;36mDEBUG[0m] render controller: material texture packet upload queued path='textures/characters/abby.ytd@m23_base' method='assets.textures.entry_runtime_v1' contract='rgba-base+backend-mips' texture=TextureId(145) frame=17
[09:17:58.308] [[1;36mDEBUG[0m] render controller: texture allocation above pump target path='textures/characters/abby.ytd@m23_base' bytes=4194304 elapsed_ms=2.31 budget_ms=2.00
[09:17:58.308] [[1;36mDEBUG[0m] render controller: material texture pump yielded started=1 active_jobs=3 max_jobs=4 elapsed_ms=6.89 budget_ms=2.00 remaining=32
[09:17:58.327] [[1;32mINFO [0m] physics.input.stage.profile: frame=0 fixed_tick=0 total_ms=0.002 body_ms=0.000 terrain_ms=0.001 static_ms=0.000 command_ms=0.000 query_ms=0.000 bodies=0 colliders=0 commands=0 queries=0
[09:17:58.328] [[1;36mDEBUG[0m] render controller: material texture packet upload queued path='textures/characters/abby.ytd@m25_base' method='assets.textures.entry_runtime_v1' contract='rgba-base+backend-mips' texture=TextureId(146) frame=18
[09:17:58.345] [[1;32mINFO [0m] physics.input.stage.profile: frame=0 fixed_tick=0 total_ms=0.003 body_ms=0.000 terrain_ms=0.001 static_ms=0.001 command_ms=0.000 query_ms=0.000 bodies=0 colliders=0 commands=0 queries=0
[09:17:58.347] [[1;36mDEBUG[0m] render controller: material texture packet upload queued path='textures/characters/abby.ytd@m26_base' method='assets.textures.entry_runtime_v1' contract='rgba-base+backend-mips' texture=TextureId(147) frame=19
[09:17:58.364] [[1;32mINFO [0m] physics.input.stage.profile: frame=0 fixed_tick=0 total_ms=0.002 body_ms=0.000 terrain_ms=0.001 static_ms=0.000 command_ms=0.000 query_ms=0.000 bodies=0 colliders=0 commands=0 queries=0
[09:17:58.367] [[1;36mDEBUG[0m] render controller: material texture packet upload queued path='textures/characters/abby.ytd@m27_base' method='assets.textures.entry_runtime_v1' contract='rgba-base+backend-mips' texture=TextureId(148) frame=20
[09:17:58.368] [[1;36mDEBUG[0m] render controller: texture allocation above pump target path='textures/characters/abby.ytd@m27_base' bytes=4194304 elapsed_ms=2.10 budget_ms=2.00
[09:17:58.373] [[1;36mDEBUG[0m] render controller: material texture packet upload queued path='textures/characters/abby.ytd@m28_base' method='assets.textures.entry_runtime_v1' contract='bcn-authored-mips' texture=TextureId(149) frame=20
[09:17:58.373] [[1;36mDEBUG[0m] render controller: texture allocation above pump target path='textures/characters/abby.ytd@m28_base' bytes=5592432 elapsed_ms=4.05 budget_ms=2.00
[09:17:58.374] [[1;36mDEBUG[0m] render controller: material texture pump yielded started=1 active_jobs=3 max_jobs=4 elapsed_ms=8.73 budget_ms=2.00 remaining=28
[09:17:58.375] [[1;32mINFO [0m] game-ready launch gate: released frame=20 waited_frames=19 waited_ms=751 reason='static world assembled completed=15/15 failed=0 | no authored static collision declared | primitive gpu meshes resident ready=40/40 | no imported model actors declared | launch-critical texture working set resident launch_required=26 total=54 background_streaming_waiting=28 failed=0 policy='scene handoff no longer waits for streaming-critical/secondary residency' | no terrain packets declared'
[09:17:58.376] [[1;32mINFO [0m] game-ready runtime: public play mode activated after scene launch gate release
[09:17:58.376] [[1;32mINFO [0m] render controller: scene launch gate released; loading overlay deactivated; deferring first world present to next frame
[09:17:58.376] [[1;32mINFO [0m] platform runtime bootstrap: playable-world handoff released; scene launch gate is inactive
[09:17:58.385] [[1;36mDEBUG[0m] render controller: adopted initial surface size 1280x720; skip first explicit resize
[09:17:58.386] [[1;32mINFO [0m] world authority: plugin ECS/entity authority active owner='engine.ecs.constellation via ecs.api/entity.api' phase='render.world_tick' native_world='component-cache' native_entities=79 native_storages=65
[09:17:58.406] [[1;32mINFO [0m] fps character menu policy installed provider='newengine.gameplay.fps.character-menu.script-policy' toggle_action='player.character.select.toggle' shared_characters=9
[09:17:58.407] [[1;32mINFO [0m] fps-character: native turn-in-place started player=4294967312 side=left angle_deg=90 view_delta_deg=180.0 residual_deg=100.2 clip=animations/characters/abby/mm-explore.ycd@abby-mm-explore-idle-turn-90l policy=free-look-live-residual-authored-stepping
[09:17:58.407] [[1;32mINFO [0m] fps-character: first animated player palette committed player=4294967312 state='idle' clip='animations/characters/abby/mm-explore.ycd@abby-mm-explore-idle-turn-90l'
[09:17:58.408] [[1;36mDEBUG[0m] authored map streaming tick map='maps/physics_playground.ymap@map' center=0,0 predicted=0,0 speed_mps=0.00 read_ahead_sec=0.75 max_read_ahead_cells=4 admitted_cells=0 render_resident=1 simulation_resident=1 queued=0 jobs=0 ready=0 prepared=0 failed=0
[09:17:58.409] [[1;32mINFO [0m] fps gameplay content merged Shared weapon catalog path='items/shared_weapons.neitems' weapons=5 replaced_project_aliases=3 policy='shared-weapon-authority'
[09:17:58.415] [[1;32mINFO [0m] fps gameplay content hydrated 5 item definition(s) from engine.assets.definitions/.ytyp
[09:17:58.447] [[1;32mINFO [0m] weapon audio preload: action=Fire ref='shared/audio/weapon/malorian/malorian.ysncd@fire' kind='ysncd-cue' provider='engine.audio.native' bytes=3365152 cached=true status='ready'
[09:17:58.447] [[1;32mINFO [0m] YSNCD resolve dictionary='shared/audio/weapon/malorian/malorian.ysncd' cue='fire' embedded_clip_bytes=3365152 clips=33 layers=0 sound_graph_nodes=44
[09:17:58.448] [[1;32mINFO [0m] audio device prewarm state='initializing' init_started=true output_ready=false error=''
[09:17:58.448] [[1;32mINFO [0m] weapon audio preload: action=ReloadStart ref='shared/audio/weapon/malorian/malorian.ysncd@reload' kind='ysncd-cue' provider='engine.audio.native' bytes=337824 cached=true status='ready'
[09:17:58.448] [[1;32mINFO [0m] YSNCD resolve dictionary='shared/audio/weapon/malorian/malorian.ysncd' cue='reload' embedded_clip_bytes=337824 clips=3 layers=0 sound_graph_nodes=0
[09:17:58.449] [[1;32mINFO [0m] weapon audio preload: action=Equip ref='shared/audio/weapon/malorian/malorian.ysncd@equip' kind='ysncd-cue' provider='engine.audio.native' bytes=69968 cached=true status='ready'
[09:17:58.449] [[1;32mINFO [0m] YSNCD resolve dictionary='shared/audio/weapon/malorian/malorian.ysncd' cue='equip' embedded_clip_bytes=69968 clips=3 layers=0 sound_graph_nodes=0
[09:17:58.449] [[1;32mINFO [0m] audio device prewarm state='initializing' init_started=true output_ready=false error=''
[09:17:58.449] [[1;32mINFO [0m] weapon audio preload: action=Unequip ref='shared/audio/weapon/malorian/malorian.ysncd@unequip' kind='ysncd-cue' provider='engine.audio.native' bytes=43616 cached=true status='ready'
[09:17:58.449] [[1;32mINFO [0m] YSNCD resolve dictionary='shared/audio/weapon/malorian/malorian.ysncd' cue='unequip' embedded_clip_bytes=43616 clips=3 layers=0 sound_graph_nodes=0
[09:17:58.450] [[1;32mINFO [0m] audio device prewarm state='initializing' init_started=true output_ready=false error=''
[09:17:58.450] [[1;32mINFO [0m] weapon audio preload: action=Empty ref='shared/audio/weapon/malorian/malorian.ysncd@empty' kind='ysncd-cue' provider='engine.audio.native' bytes=115104 cached=true status='ready'
[09:17:58.450] [[1;32mINFO [0m] YSNCD resolve dictionary='shared/audio/weapon/malorian/malorian.ysncd' cue='empty' embedded_clip_bytes=115104 clips=5 layers=0 sound_graph_nodes=0
[09:17:58.476] [[1;32mINFO [0m] weapon audio preload: action=Fire ref='shared/audio/weapon/mini14/mini14.ysncd@fire' kind='ysncd-cue' provider='engine.audio.native' bytes=1758624 cached=true status='ready'
[09:17:58.477] [[1;32mINFO [0m] YSNCD resolve dictionary='shared/audio/weapon/mini14/mini14.ysncd' cue='fire' embedded_clip_bytes=1758624 clips=6 layers=2 sound_graph_nodes=0
[09:17:58.477] [[1;32mINFO [0m] audio device prewarm state='initializing' init_started=true output_ready=false error=''
[09:17:58.477] [[1;32mINFO [0m] weapon audio preload: action=ReloadStart ref='shared/audio/weapon/mini14/mini14.ysncd@reload' kind='ysncd-cue' provider='engine.audio.native' bytes=51776 cached=true status='ready'
[09:17:58.477] [[1;32mINFO [0m] YSNCD resolve dictionary='shared/audio/weapon/mini14/mini14.ysncd' cue='reload' embedded_clip_bytes=51776 clips=1 layers=0 sound_graph_nodes=0
[09:17:58.478] [[1;32mINFO [0m] audio device prewarm state='initializing' init_started=true output_ready=false error=''
[09:17:58.478] [[1;32mINFO [0m] weapon audio preload: action=Equip ref='shared/audio/weapon/mini14/mini14.ysncd@equip' kind='ysncd-cue' provider='engine.audio.native' bytes=26640 cached=true status='ready'
[09:17:58.478] [[1;32mINFO [0m] YSNCD resolve dictionary='shared/audio/weapon/mini14/mini14.ysncd' cue='equip' embedded_clip_bytes=26640 clips=1 layers=0 sound_graph_nodes=0
[09:17:58.479] [[1;32mINFO [0m] weapon audio preload: action=Unequip ref='shared/audio/weapon/mini14/mini14.ysncd@unequip' kind='ysncd-cue' provider='engine.audio.native' bytes=27568 cached=true status='ready'
[09:17:58.479] [[1;32mINFO [0m] YSNCD resolve dictionary='shared/audio/weapon/mini14/mini14.ysncd' cue='unequip' embedded_clip_bytes=27568 clips=1 layers=0 sound_graph_nodes=0
[09:17:58.479] [[1;32mINFO [0m] audio device prewarm state='ready' init_started=true output_ready=true error=''
[09:17:58.479] [[1;32mINFO [0m] weapon audio preload: action=Empty ref='shared/audio/weapon/mini14/mini14.ysncd@empty' kind='ysncd-cue' provider='engine.audio.native' bytes=4528 cached=true status='ready'
[09:17:58.479] [[1;32mINFO [0m] YSNCD resolve dictionary='shared/audio/weapon/mini14/mini14.ysncd' cue='empty' embedded_clip_bytes=4528 clips=1 layers=0 sound_graph_nodes=0
[09:17:58.480] [[1;32mINFO [0m] audio device prewarm state='ready' init_started=true output_ready=true error=''
[09:17:58.480] [[1;32mINFO [0m] weapon audio preload: action=ShellEject ref='shared/audio/weapon/mini14/mini14.ysncd@shell_eject' kind='ysncd-cue' provider='engine.audio.native' bytes=41328 cached=true status='ready'
[09:17:58.480] [[1;32mINFO [0m] YSNCD resolve dictionary='shared/audio/weapon/mini14/mini14.ysncd' cue='shell_eject' embedded_clip_bytes=41328 clips=3 layers=0 sound_graph_nodes=0
[09:17:58.486] [[1;32mINFO [0m] weapon audio preload: action=Fire ref='shared/audio/weapon/rifle/rifle.ysncd@fire' kind='ysncd-cue' provider='engine.audio.native' bytes=290272 cached=true status='ready'
[09:17:58.486] [[1;32mINFO [0m] YSNCD resolve dictionary='shared/audio/weapon/rifle/rifle.ysncd' cue='fire' embedded_clip_bytes=290272 clips=4 layers=0 sound_graph_nodes=0
[09:17:58.486] [[1;32mINFO [0m] audio device prewarm state='ready' init_started=true output_ready=true error=''
[09:17:58.486] [[1;32mINFO [0m] weapon audio preload: action=ReloadStart ref='shared/audio/weapon/rifle/rifle.ysncd@reload' kind='ysncd-cue' provider='engine.audio.native' bytes=38416 cached=true status='ready'
[09:17:58.486] [[1;32mINFO [0m] YSNCD resolve dictionary='shared/audio/weapon/rifle/rifle.ysncd' cue='reload' embedded_clip_bytes=38416 clips=1 layers=0 sound_graph_nodes=0
[09:17:58.487] [[1;32mINFO [0m] audio device prewarm state='ready' init_started=true output_ready=true error=''
[09:17:58.487] [[1;32mINFO [0m] weapon audio preload: action=Equip ref='shared/audio/weapon/rifle/rifle.ysncd@equip' kind='ysncd-cue' provider='engine.audio.native' bytes=26640 cached=true status='ready'
[09:17:58.487] [[1;32mINFO [0m] YSNCD resolve dictionary='shared/audio/weapon/rifle/rifle.ysncd' cue='equip' embedded_clip_bytes=26640 clips=1 layers=0 sound_graph_nodes=0
[09:17:58.487] [[1;32mINFO [0m] weapon audio preload: action=Unequip ref='shared/audio/weapon/rifle/rifle.ysncd@unequip' kind='ysncd-cue' provider='engine.audio.native' bytes=27568 cached=true status='ready'
[09:17:58.487] [[1;32mINFO [0m] YSNCD resolve dictionary='shared/audio/weapon/rifle/rifle.ysncd' cue='unequip' embedded_clip_bytes=27568 clips=1 layers=0 sound_graph_nodes=0
[09:17:58.488] [[1;32mINFO [0m] audio device prewarm state='ready' init_started=true output_ready=true error=''
[09:17:58.488] [[1;32mINFO [0m] weapon audio preload: action=Empty ref='shared/audio/weapon/rifle/rifle.ysncd@empty' kind='ysncd-cue' provider='engine.audio.native' bytes=4528 cached=true status='ready'
[09:17:58.488] [[1;32mINFO [0m] YSNCD resolve dictionary='shared/audio/weapon/rifle/rifle.ysncd' cue='empty' embedded_clip_bytes=4528 clips=1 layers=0 sound_graph_nodes=0
[09:17:58.488] [[1;32mINFO [0m] weapon audio preload: action=ShellEject ref='shared/audio/weapon/rifle/rifle.ysncd@shell_eject' kind='ysncd-cue' provider='engine.audio.native' bytes=41328 cached=true status='ready'
[09:17:58.488] [[1;32mINFO [0m] YSNCD resolve dictionary='shared/audio/weapon/rifle/rifle.ysncd' cue='shell_eject' embedded_clip_bytes=41328 clips=3 layers=0 sound_graph_nodes=0
[09:17:58.489] [[1;32mINFO [0m] audio device prewarm state='ready' init_started=true output_ready=true error=''
[09:17:58.493] [[1;32mINFO [0m] weapon audio preload: action=Fire ref='shared/audio/weapon/pistol/pistol.ysncd@fire' kind='ysncd-cue' provider='engine.audio.native' bytes=318768 cached=true status='ready'
[09:17:58.493] [[1;32mINFO [0m] YSNCD resolve dictionary='shared/audio/weapon/pistol/pistol.ysncd' cue='fire' embedded_clip_bytes=318768 clips=7 layers=3 sound_graph_nodes=0
[09:17:58.493] [[1;32mINFO [0m] audio device prewarm state='ready' init_started=true output_ready=true error=''
[09:17:58.493] [[1;32mINFO [0m] weapon audio preload: action=ReloadStart ref='shared/audio/weapon/pistol/pistol.ysncd@reload' kind='ysncd-cue' provider='engine.audio.native' bytes=49488 cached=true status='ready'
[09:17:58.493] [[1;32mINFO [0m] YSNCD resolve dictionary='shared/audio/weapon/pistol/pistol.ysncd' cue='reload' embedded_clip_bytes=49488 clips=1 layers=0 sound_graph_nodes=0
[09:17:58.494] [[1;32mINFO [0m] audio device prewarm state='ready' init_started=true output_ready=true error=''
[09:17:58.494] [[1;32mINFO [0m] weapon audio preload: action=Equip ref='shared/audio/weapon/pistol/pistol.ysncd@equip' kind='ysncd-cue' provider='engine.audio.native' bytes=43264 cached=true status='ready'
[09:17:58.494] [[1;32mINFO [0m] YSNCD resolve dictionary='shared/audio/weapon/pistol/pistol.ysncd' cue='equip' embedded_clip_bytes=43264 clips=1 layers=0 sound_graph_nodes=0
[09:17:58.494] [[1;32mINFO [0m] weapon audio preload: action=Unequip ref='shared/audio/weapon/pistol/pistol.ysncd@unequip' kind='ysncd-cue' provider='engine.audio.native' bytes=45088 cached=true status='ready'
[09:17:58.495] [[1;32mINFO [0m] YSNCD resolve dictionary='shared/audio/weapon/pistol/pistol.ysncd' cue='unequip' embedded_clip_bytes=45088 clips=1 layers=0 sound_graph_nodes=0
[09:17:58.495] [[1;32mINFO [0m] audio device prewarm state='ready' init_started=true output_ready=true error=''
[09:17:58.495] [[1;32mINFO [0m] weapon audio preload: action=Empty ref='shared/audio/weapon/pistol/pistol.ysncd@empty' kind='ysncd-cue' provider='engine.audio.native' bytes=6608 cached=true status='ready'
[09:17:58.495] [[1;32mINFO [0m] YSNCD resolve dictionary='shared/audio/weapon/pistol/pistol.ysncd' cue='empty' embedded_clip_bytes=6608 clips=1 layers=0 sound_graph_nodes=0
[09:17:58.495] [[1;32mINFO [0m] fps gameplay policy installed provider='newengine.gameplay.fps.script-policy' schema='newengine.gameplay.fps.policy.v1' version=1 items_source='lua structured content' default_loadout='loadout.fps.default' callbacks=[interaction:'on_interaction',hit:'on_hit',mission:'on_mission_event']
[09:17:58.496] [[1;32mINFO [0m] gameplay content provider installed id='newengine.gameplay.fps.content.lua-policy'
[09:17:58.496] [[1;32mINFO [0m] scripted gameplay state-machine committed provider='newengine.gameplay.fps.script-policy' instance='mission.extraction.main' machine='mission.extraction' from='idle' event='activate' next='active' tx='machine-extraction-activate' commands=1
[09:17:58.497] [[1;32mINFO [0m] physics.input.stage.profile: frame=34 fixed_tick=1 total_ms=0.019 body_ms=0.002 terrain_ms=0.000 static_ms=0.001 command_ms=0.000 query_ms=0.014 bodies=15 colliders=0 commands=0 queries=3
[09:17:58.498] [[1;32mINFO [0m] physics.step.profile: frame=34 fixed_tick=1 input_ms=0.238 backend_ms=0.355 apply_ms=0.048 bodies=15 colliders=0 commands=0 queries=3 poses=15 velocities=15 events=15 query_hits=0
[09:17:58.498] [[1;32mINFO [0m] physics.input.stage.profile: frame=35 fixed_tick=2 total_ms=0.007 body_ms=0.002 terrain_ms=0.000 static_ms=0.000 command_ms=0.000 query_ms=0.004 bodies=15 colliders=0 commands=0 queries=3
[09:17:58.498] [[1;32mINFO [0m] physics.step.profile: frame=35 fixed_tick=2 input_ms=0.241 backend_ms=0.097 apply_ms=0.022 bodies=15 colliders=0 commands=0 queries=3 poses=15 velocities=15 events=0 query_hits=0
[09:17:58.499] [[1;32mINFO [0m] camera runtime: director=Gameplay mode=GameplayFirstPerson view=FirstPerson context=GameplayLook gate_blocked=false
[09:17:58.499] [[1;32mINFO [0m] ui gateway: surface visibility applied surface='game.hud' visible=true
NSDIAG gbuffer binding missing color=0 resource=20 expected_target=1879048212
NSDIAG gbuffer binding missing color=1 resource=21 expected_target=1879048212
NSDIAG gbuffer binding missing color=2 resource=22 expected_target=1879048212
NSDIAG gbuffer binding missing depth resource=23 expected_target=1879048212
NSDIAG gbuffer target target_id=1879048212 exists=false recreate=true colors=3 depth=true extent=1280x720
NSDIAG gbuffer native target_id=1879048212 framebuffer=0x7ae5fa0 color_count=3 color0=Some(0xda861670) color1=Some(0xda861c40) color2=Some(0xda85cae0) depth=Some(0xda862210)
NSDIAG deferred-target label='deferred_lighting' gbuffer_target=1879048212 lit_target=1879048196 lit_initialized_before=false
[09:17:58.527] [[1;33mWARN [0m] render controller: material pipeline not ready yet; shader compile remains async and viewport will retry next frame frame=21 err='render service problem render.service_call_failed at Some("invoke"): Shader pending: job_id='shader.compile.shaders_deferred_deferred_lighting.frag.frag.6a5e88cadd07ae29f5259df80df2ba8d' shader='shaders/deferred/deferred_lighting.frag' stage='fragment'; shader is not ready yet and will be retried next frame'
[09:17:58.530] [[1;36mDEBUG[0m] render controller: material texture packet upload queued path='textures/characters/abby.ytd@m00_normal' method='assets.textures.entry_runtime_v1' contract='rgba-base+backend-mips' texture=TextureId(481) frame=21
[09:17:58.536] [[1;36mDEBUG[0m] render controller: material texture packet upload queued path='textures/characters/abby.ytd@m00_roughness' method='assets.textures.entry_runtime_v1' contract='bcn-authored-mips' texture=TextureId(482) frame=21
[09:17:58.536] [[1;36mDEBUG[0m] render controller: texture allocation above pump target path='textures/characters/abby.ytd@m00_roughness' bytes=5592432 elapsed_ms=3.80 budget_ms=2.00
NSDIAG vkCreateSwapchainKHR format=B8G8R8A8_SRGB usage=TRANSFER_SRC | TRANSFER_DST | COLOR_ATTACHMENT bits=0x13 supported=TRANSFER_SRC | TRANSFER_DST | SAMPLED | STORAGE | COLOR_ATTACHMENT | INPUT_ATTACHMENT
[09:17:58.542] [[1;32mINFO [0m] fps-character: equipment pose selected player=4294967312 active=false family='rifle' stance='none' clip='<none>' policy='weapon class selects character-owned authored capability; no cross-family fallback'
[09:17:58.550] [[1;36mDEBUG[0m] assets.materials.load_descriptor_v1: physical library load source='materials/weapon_rifle.nemat' selector='m00' output_kind='asset.list_file_body' policy='one NEMAT read+XML parse -> many selector projections'
[09:17:58.551] [[1;32mINFO [0m] assets.materials: physical NEMAT library cached source='materials/weapon_rifle.nemat' entries=2 body_bytes=1490 policy='single physical read+parse; selector projection from decoded library'
[09:17:58.551] [[1;36mDEBUG[0m] assets.materials.load_descriptor_v1: decoded source='materials/weapon_rifle.nemat' selector='m00' texture_slots=2 params=5
[09:17:58.551] [[1;36mDEBUG[0m] assets.materials.load_descriptor_v1: physical library cache hit source='materials/weapon_rifle.nemat' selector='m01' policy='one NEMAT read+XML parse -> many selector projections'
[09:17:58.551] [[1;36mDEBUG[0m] assets.materials.load_descriptor_v1: decoded source='materials/weapon_rifle.nemat' selector='m01' texture_slots=2 params=5
[09:17:58.551] [[1;36mDEBUG[0m] model.api skeleton metadata: source='shared/models/weapon/rifle/rifle.ymt' format_module='engine.assets.formats.definitions.ymt'
[09:17:58.562] [[1;32mINFO [0m] fps-character: reload animation marker authority admitted owner=4294967312 instance=4107043860265026371 clip_duration=2.166667s marker_mask=0x1f
[09:17:58.563] [[1;32mINFO [0m] fps-character: equipped weapon skeletal animation bound root=4294967376 owner=4294967312 joints=107 idle='animations/weapon/rifle/rifle.ycd@bolt-sniper-idle' fire='animations/weapon/rifle/rifle.ycd@bolt-rifle--pump--gun' reload='animations/weapon/rifle/abby-reload.ycd@fob-car-ride-rifle-vepr-crouch-reload-rear-gun' spawn='animations/weapon/rifle/rifle.ycd@rifle-bolt-spawn-pose'
[09:17:58.563] [[1;32mINFO [0m] fps-character: equipped weapon native skin bound player=4294967312 item='weapon.rifle.standard' model='shared/models/weapon/rifle/rifle.ydd@rifle' joints=107 policy='authored weapon skin + YCD palette; character and weapon reload share PlayerWeaponState'
[09:17:58.564] [[1;32mINFO [0m] physics.input.stage.profile: frame=36 fixed_tick=3 total_ms=0.025 body_ms=0.003 terrain_ms=0.000 static_ms=0.002 command_ms=0.000 query_ms=0.019 bodies=15 colliders=0 commands=0 queries=3
[09:17:58.564] [[1;32mINFO [0m] physics.step.profile: frame=36 fixed_tick=3 input_ms=0.270 backend_ms=0.127 apply_ms=0.029 bodies=15 colliders=0 commands=0 queries=3 poses=15 velocities=15 events=0 query_hits=0
[09:17:58.564] [[1;32mINFO [0m] physics.input.stage.profile: frame=37 fixed_tick=4 total_ms=0.005 body_ms=0.001 terrain_ms=0.000 static_ms=0.000 command_ms=0.000 query_ms=0.003 bodies=15 colliders=0 commands=0 queries=3
NSDIAG gbuffer target target_id=1879048212 exists=true recreate=false colors=3 depth=true extent=1280x720
NSDIAG deferred-target label='deferred_lighting' gbuffer_target=1879048212 lit_target=1879048196 lit_initialized_before=false
[09:17:58.573] [[1;36mDEBUG[0m] render controller: material texture packet upload queued path='textures/characters/abby.ytd@m02_normal' method='assets.textures.entry_runtime_v1' contract='rgba-base+backend-mips' texture=TextureId(804) frame=22
NSDIAG vkCreateSwapchainKHR format=B8G8R8A8_SRGB usage=TRANSFER_SRC | TRANSFER_DST | COLOR_ATTACHMENT bits=0x13 supported=TRANSFER_SRC | TRANSFER_DST | SAMPLED | STORAGE | COLOR_ATTACHMENT | INPUT_ATTACHMENT
[09:17:58.579] [[1;32mINFO [0m] fps-character: equipment pose selected player=4294967312 active=true family='rifle' stance='ready' clip='animations/characters/abby/gun-rifle.ycd@rifle-vepr-grip-carry-arms' policy='weapon class selects character-owned authored capability; no cross-family fallback'
[09:17:58.579] [[1;33mWARN [0m] fps-character: authored equipment support IK failed player=4294967312: native rifle bilateral prop frames diverged beyond the authored weapon-frame contract
NSDIAG gbuffer target target_id=1879048212 exists=true recreate=false colors=3 depth=true extent=1280x720
NSDIAG deferred-target label='deferred_lighting' gbuffer_target=1879048212 lit_target=1879048196 lit_initialized_before=false
NSDIAG vkCreateSwapchainKHR format=B8G8R8A8_SRGB usage=TRANSFER_SRC | TRANSFER_DST | COLOR_ATTACHMENT bits=0x13 supported=TRANSFER_SRC | TRANSFER_DST | SAMPLED | STORAGE | COLOR_ATTACHMENT | INPUT_ATTACHMENT
NSDIAG gbuffer target target_id=1879048212 exists=true recreate=false colors=3 depth=true extent=1280x720
NSDIAG deferred-target label='deferred_lighting' gbuffer_target=1879048212 lit_target=1879048196 lit_initialized_before=false
NSDIAG vkCreateSwapchainKHR format=B8G8R8A8_SRGB usage=TRANSFER_SRC | TRANSFER_DST | COLOR_ATTACHMENT bits=0x13 supported=TRANSFER_SRC | TRANSFER_DST | SAMPLED | STORAGE | COLOR_ATTACHMENT | INPUT_ATTACHMENT
NSDIAG gbuffer target target_id=1879048212 exists=true recreate=false colors=3 depth=true extent=1280x720
NSDIAG deferred-target label='deferred_lighting' gbuffer_target=1879048212 lit_target=1879048196 lit_initialized_before=false
NSDIAG vkCreateSwapchainKHR format=B8G8R8A8_SRGB usage=TRANSFER_SRC | TRANSFER_DST | COLOR_ATTACHMENT bits=0x13 supported=TRANSFER_SRC | TRANSFER_DST | SAMPLED | STORAGE | COLOR_ATTACHMENT | INPUT_ATTACHMENT
NSDIAG gbuffer target target_id=1879048212 exists=true recreate=false colors=3 depth=true extent=1280x720
NSDIAG deferred-target label='deferred_lighting' gbuffer_target=1879048212 lit_target=1879048196 lit_initialized_before=false
NSDIAG vkCreateSwapchainKHR format=B8G8R8A8_SRGB usage=TRANSFER_SRC | TRANSFER_DST | COLOR_ATTACHMENT bits=0x13 supported=TRANSFER_SRC | TRANSFER_DST | SAMPLED | STORAGE | COLOR_ATTACHMENT | INPUT_ATTACHMENT
NSDIAG gbuffer target target_id=1879048212 exists=true recreate=false colors=3 depth=true extent=1280x720
NSDIAG deferred-target label='deferred_lighting' gbuffer_target=1879048212 lit_target=1879048196 lit_initialized_before=false
[09:17:58.624] [[1;36mDEBUG[0m] render controller: material texture packet upload queued path='textures/characters/abby.ytd@m26_normal' method='assets.textures.entry_runtime_v1' contract='rgba-base+backend-mips' texture=TextureId(1457) frame=27
NSDIAG vkCreateSwapchainKHR format=B8G8R8A8_SRGB usage=TRANSFER_SRC | TRANSFER_DST | COLOR_ATTACHMENT bits=0x13 supported=TRANSFER_SRC | TRANSFER_DST | SAMPLED | STORAGE | COLOR_ATTACHMENT | INPUT_ATTACHMENT
NSDIAG gbuffer target target_id=1879048212 exists=true recreate=false colors=3 depth=true extent=1280x720
NSDIAG deferred-target label='deferred_lighting' gbuffer_target=1879048212 lit_target=1879048196 lit_initialized_before=false
[09:17:58.634] [[1;36mDEBUG[0m] render controller: material texture packet upload queued path='textures/characters/abby.ytd@m20_normal' method='assets.textures.entry_runtime_v1' contract='rgba-base+backend-mips' texture=TextureId(1458) frame=28
[09:17:58.634] [[1;36mDEBUG[0m] render controller: material texture pump yielded started=1 active_jobs=2 max_jobs=2 elapsed_ms=2.24 budget_ms=2.00 remaining=34
NSDIAG vkCreateSwapchainKHR format=B8G8R8A8_SRGB usage=TRANSFER_SRC | TRANSFER_DST | COLOR_ATTACHMENT bits=0x13 supported=TRANSFER_SRC | TRANSFER_DST | SAMPLED | STORAGE | COLOR_ATTACHMENT | INPUT_ATTACHMENT
NSDIAG gbuffer target target_id=1879048212 exists=true recreate=false colors=3 depth=true extent=1280x720
NSDIAG deferred-target label='deferred_lighting' gbuffer_target=1879048212 lit_target=1879048196 lit_initialized_before=false
[09:17:58.643] [[1;36mDEBUG[0m] render controller: material texture packet upload queued path='shared/textures/weapon/rifle.ytd@m01_base' method='assets.textures.entry_runtime_v1' contract='bcn-authored-mips' texture=TextureId(1461) frame=29
[09:17:58.644] [[1;36mDEBUG[0m] render controller: material texture packet upload queued path='shared/textures/weapon/rifle.ytd@m01_normal' method='assets.textures.entry_runtime_v1' contract='bcn-authored-mips' texture=TextureId(1462) frame=29
NSDIAG vkCreateSwapchainKHR format=B8G8R8A8_SRGB usage=TRANSFER_SRC | TRANSFER_DST | COLOR_ATTACHMENT bits=0x13 supported=TRANSFER_SRC | TRANSFER_DST | SAMPLED | STORAGE | COLOR_ATTACHMENT | INPUT_ATTACHMENT
NSDIAG gbuffer target target_id=1879048212 exists=true recreate=false colors=3 depth=true extent=1280x720
NSDIAG graph-pass begin frame=30 id=120 label='shadow_cascade_map' kind=ShadowCascadeMap queue=Graphics draws=164
NSDIAG graph-pass end frame=30 id=120 label='shadow_cascade_map' kind=ShadowCascadeMap ok=true
NSDIAG graph-pass begin frame=30 id=560 label='particle_simulation' kind=ParticleSimulation queue=Compute draws=0
NSDIAG graph-pass end frame=30 id=560 label='particle_simulation' kind=ParticleSimulation ok=true
NSDIAG graph-pass begin frame=30 id=300 label='viewport_gbuffer' kind=GBuffer queue=Graphics draws=14
NSDIAG graph-pass end frame=30 id=300 label='viewport_gbuffer' kind=GBuffer ok=true
NSDIAG graph-pass begin frame=30 id=400 label='deferred_lighting' kind=DeferredLighting queue=Graphics draws=0
NSDIAG deferred-target label='deferred_lighting' gbuffer_target=1879048212 lit_target=1879048196 lit_initialized_before=false
NSDIAG graph-pass end frame=30 id=400 label='deferred_lighting' kind=DeferredLighting ok=false
[09:17:58.656] [[1;36mDEBUG[0m] render controller: material texture packet upload queued path='shared/textures/weapon/rifle.ytd@m00_base' method='assets.textures.entry_runtime_v1' contract='bcn-authored-mips' texture=TextureId(1469) frame=30
[09:17:58.657] [[1;36mDEBUG[0m] render controller: material texture packet upload queued path='shared/textures/weapon/rifle.ytd@m00_normal' method='assets.textures.entry_runtime_v1' contract='bcn-authored-mips' texture=TextureId(1470) frame=30
NSDIAG vkCreateSwapchainKHR format=B8G8R8A8_SRGB usage=TRANSFER_SRC | TRANSFER_DST | COLOR_ATTACHMENT bits=0x13 supported=TRANSFER_SRC | TRANSFER_DST | SAMPLED | STORAGE | COLOR_ATTACHMENT | INPUT_ATTACHMENT
NSDIAG gbuffer target target_id=1879048212 exists=true recreate=false colors=3 depth=true extent=1280x720
NSDIAG deferred-target label='deferred_lighting' gbuffer_target=1879048212 lit_target=1879048196 lit_initialized_before=false
NSDIAG vkCreateSwapchainKHR format=B8G8R8A8_SRGB usage=TRANSFER_SRC | TRANSFER_DST | COLOR_ATTACHMENT bits=0x13 supported=TRANSFER_SRC | TRANSFER_DST | SAMPLED | STORAGE | COLOR_ATTACHMENT | INPUT_ATTACHMENT
NSDIAG gbuffer target target_id=1879048212 exists=true recreate=false colors=3 depth=true extent=1280x720
NSDIAG deferred-target label='deferred_lighting' gbuffer_target=1879048212 lit_target=1879048196 lit_initialized_before=false
NSDIAG vkCreateSwapchainKHR format=B8G8R8A8_SRGB usage=TRANSFER_SRC | TRANSFER_DST | COLOR_ATTACHMENT bits=0x13 supported=TRANSFER_SRC | TRANSFER_DST | SAMPLED | STORAGE | COLOR_ATTACHMENT | INPUT_ATTACHMENT
NSDIAG gbuffer target target_id=1879048212 exists=true recreate=false colors=3 depth=true extent=1280x720
NSDIAG deferred-target label='deferred_lighting' gbuffer_target=1879048212 lit_target=1879048196 lit_initialized_before=false
NSDIAG vkCreateSwapchainKHR format=B8G8R8A8_SRGB usage=TRANSFER_SRC | TRANSFER_DST | COLOR_ATTACHMENT bits=0x13 supported=TRANSFER_SRC | TRANSFER_DST | SAMPLED | STORAGE | COLOR_ATTACHMENT | INPUT_ATTACHMENT
NSDIAG gbuffer target target_id=1879048212 exists=true recreate=false colors=3 depth=true extent=1280x720
NSDIAG deferred-target label='deferred_lighting' gbuffer_target=1879048212 lit_target=1879048196 lit_initialized_before=false
[09:17:58.689] [[1;36mDEBUG[0m] render controller: material texture packet upload queued path='textures/characters/abby.ytd@m25_normal' method='assets.textures.entry_runtime_v1' contract='rgba-base+backend-mips' texture=TextureId(1501) frame=34
NSDIAG vkCreateSwapchainKHR format=B8G8R8A8_SRGB usage=TRANSFER_SRC | TRANSFER_DST | COLOR_ATTACHMENT bits=0x13 supported=TRANSFER_SRC | TRANSFER_DST | SAMPLED | STORAGE | COLOR_ATTACHMENT | INPUT_ATTACHMENT
NSDIAG gbuffer target target_id=1879048212 exists=true recreate=false colors=3 depth=true extent=1280x720
NSDIAG deferred-target label='deferred_lighting' gbuffer_target=1879048212 lit_target=1879048196 lit_initialized_before=false
NSDIAG vkCreateSwapchainKHR format=B8G8R8A8_SRGB usage=TRANSFER_SRC | TRANSFER_DST | COLOR_ATTACHMENT bits=0x13 supported=TRANSFER_SRC | TRANSFER_DST | SAMPLED | STORAGE | COLOR_ATTACHMENT | INPUT_ATTACHMENT
NSDIAG gbuffer target target_id=1879048212 exists=true recreate=false colors=3 depth=true extent=1280x720
NSDIAG deferred-target label='deferred_lighting' gbuffer_target=1879048212 lit_target=1879048196 lit_initialized_before=false
[09:17:58.708] [[1;36mDEBUG[0m] render controller: material texture packet upload queued path='textures/characters/abby.ytd@m23_normal' method='assets.textures.entry_runtime_v1' contract='rgba-base+backend-mips' texture=TextureId(1506) frame=36
[09:17:58.708] [[1;36mDEBUG[0m] render controller: texture allocation above pump target path='textures/characters/abby.ytd@m23_normal' bytes=4194304 elapsed_ms=2.14 budget_ms=2.00
[09:17:58.708] [[1;36mDEBUG[0m] render controller: material texture pump yielded started=1 active_jobs=2 max_jobs=2 elapsed_ms=3.17 budget_ms=2.00 remaining=28
NSDIAG vkCreateSwapchainKHR format=B8G8R8A8_SRGB usage=TRANSFER_SRC | TRANSFER_DST | COLOR_ATTACHMENT bits=0x13 supported=TRANSFER_SRC | TRANSFER_DST | SAMPLED | STORAGE | COLOR_ATTACHMENT | INPUT_ATTACHMENT
NSDIAG gbuffer target target_id=1879048212 exists=true recreate=false colors=3 depth=true extent=1280x720
NSDIAG deferred-target label='deferred_lighting' gbuffer_target=1879048212 lit_target=1879048196 lit_initialized_before=false
NSDIAG vkCreateSwapchainKHR format=B8G8R8A8_SRGB usage=TRANSFER_SRC | TRANSFER_DST | COLOR_ATTACHMENT bits=0x13 supported=TRANSFER_SRC | TRANSFER_DST | SAMPLED | STORAGE | COLOR_ATTACHMENT | INPUT_ATTACHMENT
NSDIAG gbuffer target target_id=1879048212 exists=true recreate=false colors=3 depth=true extent=1280x720
NSDIAG deferred-target label='deferred_lighting' gbuffer_target=1879048212 lit_target=1879048196 lit_initialized_before=false
[09:17:58.728] [[1;36mDEBUG[0m] render controller: material texture packet upload queued path='textures/characters/abby.ytd@m19_normal' method='assets.textures.entry_runtime_v1' contract='rgba-base+backend-mips' texture=TextureId(1515) frame=38
[09:17:58.728] [[1;36mDEBUG[0m] render controller: texture allocation above pump target path='textures/characters/abby.ytd@m19_normal' bytes=4194304 elapsed_ms=2.21 budget_ms=2.00
[09:17:58.728] [[1;36mDEBUG[0m] render controller: material texture pump yielded started=1 active_jobs=2 max_jobs=2 elapsed_ms=3.29 budget_ms=2.00 remaining=27
NSDIAG vkCreateSwapchainKHR format=B8G8R8A8_SRGB usage=TRANSFER_SRC | TRANSFER_DST | COLOR_ATTACHMENT bits=0x13 supported=TRANSFER_SRC | TRANSFER_DST | SAMPLED | STORAGE | COLOR_ATTACHMENT | INPUT_ATTACHMENT
NSDIAG gbuffer target target_id=1879048212 exists=true recreate=false colors=3 depth=true extent=1280x720
NSDIAG deferred-target label='deferred_lighting' gbuffer_target=1879048212 lit_target=1879048196 lit_initialized_before=false
NSDIAG vkCreateSwapchainKHR format=B8G8R8A8_SRGB usage=TRANSFER_SRC | TRANSFER_DST | COLOR_ATTACHMENT bits=0x13 supported=TRANSFER_SRC | TRANSFER_DST | SAMPLED | STORAGE | COLOR_ATTACHMENT | INPUT_ATTACHMENT
NSDIAG gbuffer target target_id=1879048212 exists=true recreate=false colors=3 depth=true extent=1280x720
NSDIAG deferred-target label='deferred_lighting' gbuffer_target=1879048212 lit_target=1879048196 lit_initialized_before=false
[09:17:58.750] [[1;36mDEBUG[0m] render controller: material texture packet upload queued path='textures/characters/abby.ytd@m28_normal' method='assets.textures.entry_runtime_v1' contract='bcn-authored-mips' texture=TextureId(1528) frame=40
[09:17:58.750] [[1;36mDEBUG[0m] render controller: texture allocation above pump target path='textures/characters/abby.ytd@m28_normal' bytes=5592432 elapsed_ms=3.96 budget_ms=2.00
[09:17:58.750] [[1;36mDEBUG[0m] render controller: material texture pump yielded started=1 active_jobs=2 max_jobs=2 elapsed_ms=5.38 budget_ms=2.00 remaining=26
NSDIAG vkCreateSwapchainKHR format=B8G8R8A8_SRGB usage=TRANSFER_SRC | TRANSFER_DST | COLOR_ATTACHMENT bits=0x13 supported=TRANSFER_SRC | TRANSFER_DST | SAMPLED | STORAGE | COLOR_ATTACHMENT | INPUT_ATTACHMENT
NSDIAG gbuffer target target_id=1879048212 exists=true recreate=false colors=3 depth=true extent=1280x720
NSDIAG deferred-target label='deferred_lighting' gbuffer_target=1879048212 lit_target=1879048196 lit_initialized_before=false
[09:17:58.763] [[1;36mDEBUG[0m] render controller: material texture packet upload queued path='textures/characters/abby.ytd@m28_roughness' method='assets.textures.entry_runtime_v1' contract='bcn-authored-mips' texture=TextureId(1535) frame=41
[09:17:58.763] [[1;36mDEBUG[0m] render controller: texture allocation above pump target path='textures/characters/abby.ytd@m28_roughness' bytes=5592432 elapsed_ms=2.81 budget_ms=2.00
[09:17:58.763] [[1;36mDEBUG[0m] render controller: material texture pump yielded started=1 active_jobs=2 max_jobs=2 elapsed_ms=3.81 budget_ms=2.00 remaining=25
NSDIAG vkCreateSwapchainKHR format=B8G8R8A8_SRGB usage=TRANSFER_SRC | TRANSFER_DST | COLOR_ATTACHMENT bits=0x13 supported=TRANSFER_SRC | TRANSFER_DST | SAMPLED | STORAGE | COLOR_ATTACHMENT | INPUT_ATTACHMENT
NSDIAG gbuffer target target_id=1879048212 exists=true recreate=false colors=3 depth=true extent=1280x720
NSDIAG deferred-target label='deferred_lighting' gbuffer_target=1879048212 lit_target=1879048196 lit_initialized_before=false
NSDIAG vkCreateSwapchainKHR format=B8G8R8A8_SRGB usage=TRANSFER_SRC | TRANSFER_DST | COLOR_ATTACHMENT bits=0x13 supported=TRANSFER_SRC | TRANSFER_DST | SAMPLED | STORAGE | COLOR_ATTACHMENT | INPUT_ATTACHMENT
NSDIAG gbuffer target target_id=1879048212 exists=true recreate=false colors=3 depth=true extent=1280x720
NSDIAG deferred-target label='deferred_lighting' gbuffer_target=1879048212 lit_target=1879048196 lit_initialized_before=false
[09:17:58.783] [[1;36mDEBUG[0m] render controller: material texture packet upload queued path='textures/characters/abby.ytd@m27_normal' method='assets.textures.entry_runtime_v1' contract='rgba-base+backend-mips' texture=TextureId(1548) frame=43
[09:17:58.784] [[1;36mDEBUG[0m] render controller: texture allocation above pump target path='textures/characters/abby.ytd@m27_normal' bytes=4194304 elapsed_ms=2.12 budget_ms=2.00
[09:17:58.784] [[1;36mDEBUG[0m] render controller: material texture pump yielded started=1 active_jobs=2 max_jobs=2 elapsed_ms=3.19 budget_ms=2.00 remaining=24
NSDIAG vkCreateSwapchainKHR format=B8G8R8A8_SRGB usage=TRANSFER_SRC | TRANSFER_DST | COLOR_ATTACHMENT bits=0x13 supported=TRANSFER_SRC | TRANSFER_DST | SAMPLED | STORAGE | COLOR_ATTACHMENT | INPUT_ATTACHMENT
NSDIAG gbuffer target target_id=1879048212 exists=true recreate=false colors=3 depth=true extent=1280x720
NSDIAG deferred-target label='deferred_lighting' gbuffer_target=1879048212 lit_target=1879048196 lit_initialized_before=false
NSDIAG vkCreateSwapchainKHR format=B8G8R8A8_SRGB usage=TRANSFER_SRC | TRANSFER_DST | COLOR_ATTACHMENT bits=0x13 supported=TRANSFER_SRC | TRANSFER_DST | SAMPLED | STORAGE | COLOR_ATTACHMENT | INPUT_ATTACHMENT
NSDIAG gbuffer target target_id=1879048212 exists=true recreate=false colors=3 depth=true extent=1280x720
NSDIAG deferred-target label='deferred_lighting' gbuffer_target=1879048212 lit_target=1879048196 lit_initialized_before=false
[09:17:58.801] [[1;36mDEBUG[0m] render controller: material texture packet upload queued path='textures/characters/abby.ytd@m22_normal' method='assets.textures.entry_runtime_v1' contract='rgba-base+backend-mips' texture=TextureId(1559) frame=45
[09:17:58.802] [[1;36mDEBUG[0m] render controller: material texture pump yielded started=1 active_jobs=2 max_jobs=2 elapsed_ms=2.29 budget_ms=2.00 remaining=23
NSDIAG vkCreateSwapchainKHR format=B8G8R8A8_SRGB usage=TRANSFER_SRC | TRANSFER_DST | COLOR_ATTACHMENT bits=0x13 supported=TRANSFER_SRC | TRANSFER_DST | SAMPLED | STORAGE | COLOR_ATTACHMENT | INPUT_ATTACHMENT
NSDIAG gbuffer target target_id=1879048212 exists=true recreate=false colors=3 depth=true extent=1280x720
NSDIAG deferred-target label='deferred_lighting' gbuffer_target=1879048212 lit_target=1879048196 lit_initialized_before=false
[09:17:58.810] [[1;36mDEBUG[0m] render controller: material texture packet upload queued path='textures/environment/sky_clouds_v2.ytd@cloud_base_shape' method='assets.textures.entry_runtime_v1' contract='rgba-base+backend-mips' texture=TextureId(1566) frame=46
[09:17:58.811] [[1;36mDEBUG[0m] render controller: material texture packet upload queued path='textures/environment/sky_clouds_v2.ytd@cloud_cirrus' method='assets.textures.entry_runtime_v1' contract='rgba-base+backend-mips' texture=TextureId(1567) frame=46
NSDIAG vkCreateSwapchainKHR format=B8G8R8A8_SRGB usage=TRANSFER_SRC | TRANSFER_DST | COLOR_ATTACHMENT bits=0x13 supported=TRANSFER_SRC | TRANSFER_DST | SAMPLED | STORAGE | COLOR_ATTACHMENT | INPUT_ATTACHMENT
NSDIAG gbuffer target target_id=1879048212 exists=true recreate=false colors=3 depth=true extent=1280x720
NSDIAG deferred-target label='deferred_lighting' gbuffer_target=1879048212 lit_target=1879048196 lit_initialized_before=false
[09:17:58.819] [[1;36mDEBUG[0m] render controller: material texture packet upload queued path='shared/vfx/weapon/bullet_impacts.ytd@impact_concrete_bits' method='assets.textures.entry_runtime_v1' contract='rgba-base+backend-mips' texture=TextureId(1572) frame=47
[09:17:58.820] [[1;36mDEBUG[0m] render controller: material texture packet upload queued path='textures/environment/sky_clouds_v2.ytd@cloud_detail_erosion' method='assets.textures.entry_runtime_v1' contract='rgba-base+backend-mips' texture=TextureId(1573) frame=47
NSDIAG vkCreateSwapchainKHR format=B8G8R8A8_SRGB usage=TRANSFER_SRC | TRANSFER_DST | COLOR_ATTACHMENT bits=0x13 supported=TRANSFER_SRC | TRANSFER_DST | SAMPLED | STORAGE | COLOR_ATTACHMENT | INPUT_ATTACHMENT
NSDIAG gbuffer target target_id=1879048212 exists=true recreate=false colors=3 depth=true extent=1280x720
NSDIAG deferred-target label='deferred_lighting' gbuffer_target=1879048212 lit_target=1879048196 lit_initialized_before=false
[09:17:58.827] [[1;36mDEBUG[0m] render controller: material texture packet upload queued path='shared/vfx/weapon/bullet_impacts.ytd@impact_dust_sideways' method='assets.textures.entry_runtime_v1' contract='rgba-base+backend-mips' texture=TextureId(1580) frame=48
[09:17:58.827] [[1;36mDEBUG[0m] render controller: material texture packet upload queued path='shared/vfx/weapon/bullet_impacts.ytd@impact_sparks' method='assets.textures.entry_runtime_v1' contract='rgba-base+backend-mips' texture=TextureId(1581) frame=48
NSDIAG vkCreateSwapchainKHR format=B8G8R8A8_SRGB usage=TRANSFER_SRC | TRANSFER_DST | COLOR_ATTACHMENT bits=0x13 supported=TRANSFER_SRC | TRANSFER_DST | SAMPLED | STORAGE | COLOR_ATTACHMENT | INPUT_ATTACHMENT
NSDIAG gbuffer target target_id=1879048212 exists=true recreate=false colors=3 depth=true extent=1280x720
NSDIAG deferred-target label='deferred_lighting' gbuffer_target=1879048212 lit_target=1879048196 lit_initialized_before=false
[09:17:58.835] [[1;36mDEBUG[0m] render controller: material texture packet upload queued path='shared/vfx/weapon/bullet_impacts.ytd@impact_wood_shrapnel' method='assets.textures.entry_runtime_v1' contract='rgba-base+backend-mips' texture=TextureId(1586) frame=49
[09:17:58.835] [[1;36mDEBUG[0m] render controller: material texture packet upload queued path='shared/vfx/weapon/northstar_weapon_vfx.ytd@muzzle_main_rgba' method='assets.textures.entry_runtime_v1' contract='bcn-authored-mips' texture=TextureId(1587) frame=49
NSDIAG vkCreateSwapchainKHR format=B8G8R8A8_SRGB usage=TRANSFER_SRC | TRANSFER_DST | COLOR_ATTACHMENT bits=0x13 supported=TRANSFER_SRC | TRANSFER_DST | SAMPLED | STORAGE | COLOR_ATTACHMENT | INPUT_ATTACHMENT
NSDIAG gbuffer target target_id=1879048212 exists=true recreate=false colors=3 depth=true extent=1280x720
NSDIAG deferred-target label='deferred_lighting' gbuffer_target=1879048212 lit_target=1879048196 lit_initialized_before=false
[09:17:58.843] [[1;36mDEBUG[0m] render controller: material texture packet upload queued path='shared/vfx/weapon/northstar_weapon_vfx.ytd@pistol_muzzle_rgba' method='assets.textures.entry_runtime_v1' contract='bcn-authored-mips' texture=TextureId(1592) frame=50
NSDIAG vkCreateSwapchainKHR format=B8G8R8A8_SRGB usage=TRANSFER_SRC | TRANSFER_DST | COLOR_ATTACHMENT bits=0x13 supported=TRANSFER_SRC | TRANSFER_DST | SAMPLED | STORAGE | COLOR_ATTACHMENT | INPUT_ATTACHMENT
NSDIAG gbuffer target target_id=1879048212 exists=true recreate=false colors=3 depth=true extent=1280x720
NSDIAG deferred-target label='deferred_lighting' gbuffer_target=1879048212 lit_target=1879048196 lit_initialized_before=false
NSDIAG vkCreateSwapchainKHR format=B8G8R8A8_SRGB usage=TRANSFER_SRC | TRANSFER_DST | COLOR_ATTACHMENT bits=0x13 supported=TRANSFER_SRC | TRANSFER_DST | SAMPLED | STORAGE | COLOR_ATTACHMENT | INPUT_ATTACHMENT
NSDIAG gbuffer target target_id=1879048212 exists=true recreate=false colors=3 depth=true extent=1280x720
NSDIAG deferred-target label='deferred_lighting' gbuffer_target=1879048212 lit_target=1879048196 lit_initialized_before=false
NSDIAG vkCreateSwapchainKHR format=B8G8R8A8_SRGB usage=TRANSFER_SRC | TRANSFER_DST | COLOR_ATTACHMENT bits=0x13 supported=TRANSFER_SRC | TRANSFER_DST | SAMPLED | STORAGE | COLOR_ATTACHMENT | INPUT_ATTACHMENT
NSDIAG gbuffer target target_id=1879048212 exists=true recreate=false colors=3 depth=true extent=1280x720
NSDIAG deferred-target label='deferred_lighting' gbuffer_target=1879048212 lit_target=1879048196 lit_initialized_before=false
[09:17:58.864] [[1;36mDEBUG[0m] render controller: material texture packet upload queued path='textures/characters/abby.ytd@m03_normal' method='assets.textures.entry_runtime_v1' contract='rgba-base+backend-mips' texture=TextureId(1597) frame=53
NSDIAG vkCreateSwapchainKHR format=B8G8R8A8_SRGB usage=TRANSFER_SRC | TRANSFER_DST | COLOR_ATTACHMENT bits=0x13 supported=TRANSFER_SRC | TRANSFER_DST | SAMPLED | STORAGE | COLOR_ATTACHMENT | INPUT_ATTACHMENT
NSDIAG gbuffer target target_id=1879048212 exists=true recreate=false colors=3 depth=true extent=1280x720
NSDIAG deferred-target label='deferred_lighting' gbuffer_target=1879048212 lit_target=1879048196 lit_initialized_before=false
NSDIAG vkCreateSwapchainKHR format=B8G8R8A8_SRGB usage=TRANSFER_SRC | TRANSFER_DST | COLOR_ATTACHMENT bits=0x13 supported=TRANSFER_SRC | TRANSFER_DST | SAMPLED | STORAGE | COLOR_ATTACHMENT | INPUT_ATTACHMENT
NSDIAG gbuffer target target_id=1879048212 exists=true recreate=false colors=3 depth=true extent=1280x720
NSDIAG deferred-target label='deferred_lighting' gbuffer_target=1879048212 lit_target=1879048196 lit_initialized_before=false
[09:17:58.880] [[1;36mDEBUG[0m] render controller: material texture packet upload queued path='textures/characters/abby.ytd@m04_normal' method='assets.textures.entry_runtime_v1' contract='rgba-base+backend-mips' texture=TextureId(1598) frame=55
NSDIAG vkCreateSwapchainKHR format=B8G8R8A8_SRGB usage=TRANSFER_SRC | TRANSFER_DST | COLOR_ATTACHMENT bits=0x13 supported=TRANSFER_SRC | TRANSFER_DST | SAMPLED | STORAGE | COLOR_ATTACHMENT | INPUT_ATTACHMENT
NSDIAG gbuffer target target_id=1879048212 exists=true recreate=false colors=3 depth=true extent=1280x720
NSDIAG deferred-target label='deferred_lighting' gbuffer_target=1879048212 lit_target=1879048196 lit_initialized_before=false
NSDIAG vkCreateSwapchainKHR format=B8G8R8A8_SRGB usage=TRANSFER_SRC | TRANSFER_DST | COLOR_ATTACHMENT bits=0x13 supported=TRANSFER_SRC | TRANSFER_DST | SAMPLED | STORAGE | COLOR_ATTACHMENT | INPUT_ATTACHMENT
NSDIAG gbuffer target target_id=1879048212 exists=true recreate=false colors=3 depth=true extent=1280x720
NSDIAG deferred-target label='deferred_lighting' gbuffer_target=1879048212 lit_target=1879048196 lit_initialized_before=false
[09:17:58.896] [[1;36mDEBUG[0m] render controller: material texture packet upload queued path='textures/characters/abby.ytd@m05_normal' method='assets.textures.entry_runtime_v1' contract='rgba-base+backend-mips' texture=TextureId(1599) frame=57
NSDIAG vkCreateSwapchainKHR format=B8G8R8A8_SRGB usage=TRANSFER_SRC | TRANSFER_DST | COLOR_ATTACHMENT bits=0x13 supported=TRANSFER_SRC | TRANSFER_DST | SAMPLED | STORAGE | COLOR_ATTACHMENT | INPUT_ATTACHMENT
NSDIAG gbuffer target target_id=1879048212 exists=true recreate=false colors=3 depth=true extent=1280x720
NSDIAG deferred-target label='deferred_lighting' gbuffer_target=1879048212 lit_target=1879048196 lit_initialized_before=false
NSDIAG vkCreateSwapchainKHR format=B8G8R8A8_SRGB usage=TRANSFER_SRC | TRANSFER_DST | COLOR_ATTACHMENT bits=0x13 supported=TRANSFER_SRC | TRANSFER_DST | SAMPLED | STORAGE | COLOR_ATTACHMENT | INPUT_ATTACHMENT
NSDIAG gbuffer target target_id=1879048212 exists=true recreate=false colors=3 depth=true extent=1280x720
NSDIAG deferred-target label='deferred_lighting' gbuffer_target=1879048212 lit_target=1879048196 lit_initialized_before=false
[09:17:58.914] [[1;36mDEBUG[0m] render controller: material texture packet upload queued path='textures/characters/abby.ytd@m06_normal' method='assets.textures.entry_runtime_v1' contract='rgba-base+backend-mips' texture=TextureId(1600) frame=59
[09:17:58.914] [[1;36mDEBUG[0m] render controller: texture allocation above pump target path='textures/characters/abby.ytd@m06_normal' bytes=4194304 elapsed_ms=2.04 budget_ms=2.00
[09:17:58.914] [[1;36mDEBUG[0m] render controller: material texture pump yielded started=1 active_jobs=2 max_jobs=2 elapsed_ms=3.22 budget_ms=2.00 remaining=10
NSDIAG vkCreateSwapchainKHR format=B8G8R8A8_SRGB usage=TRANSFER_SRC | TRANSFER_DST | COLOR_ATTACHMENT bits=0x13 supported=TRANSFER_SRC | TRANSFER_DST | SAMPLED | STORAGE | COLOR_ATTACHMENT | INPUT_ATTACHMENT
NSDIAG gbuffer target target_id=1879048212 exists=true recreate=false colors=3 depth=true extent=1280x720
NSDIAG graph-pass begin frame=60 id=120 label='shadow_cascade_map' kind=ShadowCascadeMap queue=Graphics draws=164
NSDIAG graph-pass end frame=60 id=120 label='shadow_cascade_map' kind=ShadowCascadeMap ok=true
NSDIAG graph-pass begin frame=60 id=560 label='particle_simulation' kind=ParticleSimulation queue=Compute draws=0
NSDIAG graph-pass end frame=60 id=560 label='particle_simulation' kind=ParticleSimulation ok=true
NSDIAG graph-pass begin frame=60 id=300 label='viewport_gbuffer' kind=GBuffer queue=Graphics draws=16
NSDIAG graph-pass end frame=60 id=300 label='viewport_gbuffer' kind=GBuffer ok=true
NSDIAG graph-pass begin frame=60 id=400 label='deferred_lighting' kind=DeferredLighting queue=Graphics draws=0
NSDIAG deferred-target label='deferred_lighting' gbuffer_target=1879048212 lit_target=1879048196 lit_initialized_before=false
NSDIAG graph-pass end frame=60 id=400 label='deferred_lighting' kind=DeferredLighting ok=false
[09:17:58.928] [[1;36mDEBUG[0m] render controller: material texture packet upload queued path='textures/characters/abby.ytd@m07_normal' method='assets.textures.entry_runtime_v1' contract='rgba-base+backend-mips' texture=TextureId(1601) frame=60
NSDIAG vkCreateSwapchainKHR format=B8G8R8A8_SRGB usage=TRANSFER_SRC | TRANSFER_DST | COLOR_ATTACHMENT bits=0x13 supported=TRANSFER_SRC | TRANSFER_DST | SAMPLED | STORAGE | COLOR_ATTACHMENT | INPUT_ATTACHMENT
NSDIAG gbuffer target target_id=1879048212 exists=true recreate=false colors=3 depth=true extent=1280x720
NSDIAG deferred-target label='deferred_lighting' gbuffer_target=1879048212 lit_target=1879048196 lit_initialized_before=false
NSDIAG vkCreateSwapchainKHR format=B8G8R8A8_SRGB usage=TRANSFER_SRC | TRANSFER_DST | COLOR_ATTACHMENT bits=0x13 supported=TRANSFER_SRC | TRANSFER_DST | SAMPLED | STORAGE | COLOR_ATTACHMENT | INPUT_ATTACHMENT
NSDIAG gbuffer target target_id=1879048212 exists=true recreate=false colors=3 depth=true extent=1280x720
NSDIAG deferred-target label='deferred_lighting' gbuffer_target=1879048212 lit_target=1879048196 lit_initialized_before=false
[09:17:58.944] [[1;36mDEBUG[0m] render controller: material texture packet upload queued path='textures/characters/abby.ytd@m08_normal' method='assets.textures.entry_runtime_v1' contract='rgba-base+backend-mips' texture=TextureId(1602) frame=62
NSDIAG vkCreateSwapchainKHR format=B8G8R8A8_SRGB usage=TRANSFER_SRC | TRANSFER_DST | COLOR_ATTACHMENT bits=0x13 supported=TRANSFER_SRC | TRANSFER_DST | SAMPLED | STORAGE | COLOR_ATTACHMENT | INPUT_ATTACHMENT
NSDIAG gbuffer target target_id=1879048212 exists=true recreate=false colors=3 depth=true extent=1280x720
NSDIAG deferred-target label='deferred_lighting' gbuffer_target=1879048212 lit_target=1879048196 lit_initialized_before=false
NSDIAG vkCreateSwapchainKHR format=B8G8R8A8_SRGB usage=TRANSFER_SRC | TRANSFER_DST | COLOR_ATTACHMENT bits=0x13 supported=TRANSFER_SRC | TRANSFER_DST | SAMPLED | STORAGE | COLOR_ATTACHMENT | INPUT_ATTACHMENT
NSDIAG gbuffer target target_id=1879048212 exists=true recreate=false colors=3 depth=true extent=1280x720
NSDIAG deferred-target label='deferred_lighting' gbuffer_target=1879048212 lit_target=1879048196 lit_initialized_before=false
[09:17:58.963] [[1;36mDEBUG[0m] render controller: material texture packet upload queued path='textures/characters/abby.ytd@m08_roughness' method='assets.textures.entry_runtime_v1' contract='rgba-base+backend-mips' texture=TextureId(1603) frame=64
[09:17:58.963] [[1;36mDEBUG[0m] render controller: texture allocation above pump target path='textures/characters/abby.ytd@m08_roughness' bytes=4194304 elapsed_ms=2.08 budget_ms=2.00
[09:17:58.963] [[1;36mDEBUG[0m] render controller: material texture pump yielded started=1 active_jobs=2 max_jobs=2 elapsed_ms=3.23 budget_ms=2.00 remaining=7
NSDIAG vkCreateSwapchainKHR format=B8G8R8A8_SRGB usage=TRANSFER_SRC | TRANSFER_DST | COLOR_ATTACHMENT bits=0x13 supported=TRANSFER_SRC | TRANSFER_DST | SAMPLED | STORAGE | COLOR_ATTACHMENT | INPUT_ATTACHMENT
NSDIAG gbuffer target target_id=1879048212 exists=true recreate=false colors=3 depth=true extent=1280x720
NSDIAG deferred-target label='deferred_lighting' gbuffer_target=1879048212 lit_target=1879048196 lit_initialized_before=false
NSDIAG vkCreateSwapchainKHR format=B8G8R8A8_SRGB usage=TRANSFER_SRC | TRANSFER_DST | COLOR_ATTACHMENT bits=0x13 supported=TRANSFER_SRC | TRANSFER_DST | SAMPLED | STORAGE | COLOR_ATTACHMENT | INPUT_ATTACHMENT
NSDIAG gbuffer target target_id=1879048212 exists=true recreate=false colors=3 depth=true extent=1280x720
NSDIAG deferred-target label='deferred_lighting' gbuffer_target=1879048212 lit_target=1879048196 lit_initialized_before=false
[09:17:58.981] [[1;36mDEBUG[0m] render controller: material texture packet upload queued path='textures/characters/abby.ytd@m09_normal' method='assets.textures.entry_runtime_v1' contract='rgba-base+backend-mips' texture=TextureId(1604) frame=66
[09:17:58.981] [[1;36mDEBUG[0m] render controller: texture allocation above pump target path='textures/characters/abby.ytd@m09_normal' bytes=4194304 elapsed_ms=2.08 budget_ms=2.00
[09:17:58.982] [[1;36mDEBUG[0m] render controller: material texture pump yielded started=1 active_jobs=2 max_jobs=2 elapsed_ms=3.12 budget_ms=2.00 remaining=6
NSDIAG vkCreateSwapchainKHR format=B8G8R8A8_SRGB usage=TRANSFER_SRC | TRANSFER_DST | COLOR_ATTACHMENT bits=0x13 supported=TRANSFER_SRC | TRANSFER_DST | SAMPLED | STORAGE | COLOR_ATTACHMENT | INPUT_ATTACHMENT
NSDIAG gbuffer target target_id=1879048212 exists=true recreate=false colors=3 depth=true extent=1280x720
NSDIAG deferred-target label='deferred_lighting' gbuffer_target=1879048212 lit_target=1879048196 lit_initialized_before=false
NSDIAG vkCreateSwapchainKHR format=B8G8R8A8_SRGB usage=TRANSFER_SRC | TRANSFER_DST | COLOR_ATTACHMENT bits=0x13 supported=TRANSFER_SRC | TRANSFER_DST | SAMPLED | STORAGE | COLOR_ATTACHMENT | INPUT_ATTACHMENT
NSDIAG gbuffer target target_id=1879048212 exists=true recreate=false colors=3 depth=true extent=1280x720
NSDIAG deferred-target label='deferred_lighting' gbuffer_target=1879048212 lit_target=1879048196 lit_initialized_before=false
[09:17:59.000] [[1;36mDEBUG[0m] render controller: material texture packet upload queued path='textures/characters/abby.ytd@m10_normal' method='assets.textures.entry_runtime_v1' contract='rgba-base+backend-mips' texture=TextureId(1605) frame=68
[09:17:59.000] [[1;36mDEBUG[0m] render controller: texture allocation above pump target path='textures/characters/abby.ytd@m10_normal' bytes=4194304 elapsed_ms=2.15 budget_ms=2.00
[09:17:59.001] [[1;36mDEBUG[0m] render controller: material texture pump yielded started=1 active_jobs=2 max_jobs=2 elapsed_ms=3.20 budget_ms=2.00 remaining=5
NSDIAG vkCreateSwapchainKHR format=B8G8R8A8_SRGB usage=TRANSFER_SRC | TRANSFER_DST | COLOR_ATTACHMENT bits=0x13 supported=TRANSFER_SRC | TRANSFER_DST | SAMPLED | STORAGE | COLOR_ATTACHMENT | INPUT_ATTACHMENT
NSDIAG gbuffer target target_id=1879048212 exists=true recreate=false colors=3 depth=true extent=1280x720
NSDIAG deferred-target label='deferred_lighting' gbuffer_target=1879048212 lit_target=1879048196 lit_initialized_before=false
NSDIAG vkCreateSwapchainKHR format=B8G8R8A8_SRGB usage=TRANSFER_SRC | TRANSFER_DST | COLOR_ATTACHMENT bits=0x13 supported=TRANSFER_SRC | TRANSFER_DST | SAMPLED | STORAGE | COLOR_ATTACHMENT | INPUT_ATTACHMENT
NSDIAG gbuffer target target_id=1879048212 exists=true recreate=false colors=3 depth=true extent=1280x720
NSDIAG deferred-target label='deferred_lighting' gbuffer_target=1879048212 lit_target=1879048196 lit_initialized_before=false
[09:17:59.019] [[1;36mDEBUG[0m] render controller: material texture packet upload queued path='textures/characters/abby.ytd@m10_roughness' method='assets.textures.entry_runtime_v1' contract='rgba-base+backend-mips' texture=TextureId(1606) frame=70
[09:17:59.019] [[1;36mDEBUG[0m] render controller: texture allocation above pump target path='textures/characters/abby.ytd@m10_roughness' bytes=4194304 elapsed_ms=2.07 budget_ms=2.00
[09:17:59.020] [[1;36mDEBUG[0m] render controller: material texture pump yielded started=1 active_jobs=2 max_jobs=2 elapsed_ms=3.11 budget_ms=2.00 remaining=4
NSDIAG vkCreateSwapchainKHR format=B8G8R8A8_SRGB usage=TRANSFER_SRC | TRANSFER_DST | COLOR_ATTACHMENT bits=0x13 supported=TRANSFER_SRC | TRANSFER_DST | SAMPLED | STORAGE | COLOR_ATTACHMENT | INPUT_ATTACHMENT
NSDIAG gbuffer target target_id=1879048212 exists=true recreate=false colors=3 depth=true extent=1280x720
NSDIAG deferred-target label='deferred_lighting' gbuffer_target=1879048212 lit_target=1879048196 lit_initialized_before=false
NSDIAG vkCreateSwapchainKHR format=B8G8R8A8_SRGB usage=TRANSFER_SRC | TRANSFER_DST | COLOR_ATTACHMENT bits=0x13 supported=TRANSFER_SRC | TRANSFER_DST | SAMPLED | STORAGE | COLOR_ATTACHMENT | INPUT_ATTACHMENT
NSDIAG gbuffer target target_id=1879048212 exists=true recreate=false colors=3 depth=true extent=1280x720
NSDIAG deferred-target label='deferred_lighting' gbuffer_target=1879048212 lit_target=1879048196 lit_initialized_before=false
[09:17:59.038] [[1;36mDEBUG[0m] render controller: material texture packet upload queued path='textures/characters/abby.ytd@m11_normal' method='assets.textures.entry_runtime_v1' contract='rgba-base+backend-mips' texture=TextureId(1607) frame=72
[09:17:59.038] [[1;36mDEBUG[0m] render controller: texture allocation above pump target path='textures/characters/abby.ytd@m11_normal' bytes=4194304 elapsed_ms=2.09 budget_ms=2.00
[09:17:59.038] [[1;36mDEBUG[0m] render controller: material texture pump yielded started=1 active_jobs=2 max_jobs=2 elapsed_ms=3.15 budget_ms=2.00 remaining=3
NSDIAG vkCreateSwapchainKHR format=B8G8R8A8_SRGB usage=TRANSFER_SRC | TRANSFER_DST | COLOR_ATTACHMENT bits=0x13 supported=TRANSFER_SRC | TRANSFER_DST | SAMPLED | STORAGE | COLOR_ATTACHMENT | INPUT_ATTACHMENT
NSDIAG gbuffer target target_id=1879048212 exists=true recreate=false colors=3 depth=true extent=1280x720
NSDIAG deferred-target label='deferred_lighting' gbuffer_target=1879048212 lit_target=1879048196 lit_initialized_before=false
NSDIAG vkCreateSwapchainKHR format=B8G8R8A8_SRGB usage=TRANSFER_SRC | TRANSFER_DST | COLOR_ATTACHMENT bits=0x13 supported=TRANSFER_SRC | TRANSFER_DST | SAMPLED | STORAGE | COLOR_ATTACHMENT | INPUT_ATTACHMENT
NSDIAG gbuffer target target_id=1879048212 exists=true recreate=false colors=3 depth=true extent=1280x720
NSDIAG deferred-target label='deferred_lighting' gbuffer_target=1879048212 lit_target=1879048196 lit_initialized_before=false
[09:17:59.056] [[1;36mDEBUG[0m] render controller: material texture packet upload queued path='textures/characters/abby.ytd@m12_normal' method='assets.textures.entry_runtime_v1' contract='rgba-base+backend-mips' texture=TextureId(1608) frame=74
[09:17:59.057] [[1;36mDEBUG[0m] render controller: texture allocation above pump target path='textures/characters/abby.ytd@m12_normal' bytes=4194304 elapsed_ms=2.07 budget_ms=2.00
[09:17:59.057] [[1;36mDEBUG[0m] render controller: material texture pump yielded started=1 active_jobs=2 max_jobs=2 elapsed_ms=3.06 budget_ms=2.00 remaining=2
NSDIAG vkCreateSwapchainKHR format=B8G8R8A8_SRGB usage=TRANSFER_SRC | TRANSFER_DST | COLOR_ATTACHMENT bits=0x13 supported=TRANSFER_SRC | TRANSFER_DST | SAMPLED | STORAGE | COLOR_ATTACHMENT | INPUT_ATTACHMENT
NSDIAG gbuffer target target_id=1879048212 exists=true recreate=false colors=3 depth=true extent=1280x720
NSDIAG deferred-target label='deferred_lighting' gbuffer_target=1879048212 lit_target=1879048196 lit_initialized_before=false
NSDIAG vkCreateSwapchainKHR format=B8G8R8A8_SRGB usage=TRANSFER_SRC | TRANSFER_DST | COLOR_ATTACHMENT bits=0x13 supported=TRANSFER_SRC | TRANSFER_DST | SAMPLED | STORAGE | COLOR_ATTACHMENT | INPUT_ATTACHMENT
NSDIAG gbuffer target target_id=1879048212 exists=true recreate=false colors=3 depth=true extent=1280x720
NSDIAG deferred-target label='deferred_lighting' gbuffer_target=1879048212 lit_target=1879048196 lit_initialized_before=false
[09:17:59.075] [[1;36mDEBUG[0m] render controller: material texture packet upload queued path='textures/characters/abby.ytd@m12_roughness' method='assets.textures.entry_runtime_v1' contract='rgba-base+backend-mips' texture=TextureId(1609) frame=76
[09:17:59.075] [[1;36mDEBUG[0m] render controller: texture allocation above pump target path='textures/characters/abby.ytd@m12_roughness' bytes=4194304 elapsed_ms=2.09 budget_ms=2.00
[09:17:59.076] [[1;36mDEBUG[0m] render controller: material texture pump yielded started=1 active_jobs=2 max_jobs=2 elapsed_ms=3.09 budget_ms=2.00 remaining=1
NSDIAG vkCreateSwapchainKHR format=B8G8R8A8_SRGB usage=TRANSFER_SRC | TRANSFER_DST | COLOR_ATTACHMENT bits=0x13 supported=TRANSFER_SRC | TRANSFER_DST | SAMPLED | STORAGE | COLOR_ATTACHMENT | INPUT_ATTACHMENT
NSDIAG gbuffer target target_id=1879048212 exists=true recreate=false colors=3 depth=true extent=1280x720
NSDIAG deferred-target label='deferred_lighting' gbuffer_target=1879048212 lit_target=1879048196 lit_initialized_before=false
NSDIAG vkCreateSwapchainKHR format=B8G8R8A8_SRGB usage=TRANSFER_SRC | TRANSFER_DST | COLOR_ATTACHMENT bits=0x13 supported=TRANSFER_SRC | TRANSFER_DST | SAMPLED | STORAGE | COLOR_ATTACHMENT | INPUT_ATTACHMENT
NSDIAG gbuffer target target_id=1879048212 exists=true recreate=false colors=3 depth=true extent=1280x720
NSDIAG deferred-target label='deferred_lighting' gbuffer_target=1879048212 lit_target=1879048196 lit_initialized_before=false
[09:17:59.094] [[1;36mDEBUG[0m] render controller: material texture packet upload queued path='textures/characters/abby.ytd@m13_normal' method='assets.textures.entry_runtime_v1' contract='rgba-base+backend-mips' texture=TextureId(1610) frame=78
[09:17:59.094] [[1;36mDEBUG[0m] render controller: texture allocation above pump target path='textures/characters/abby.ytd@m13_normal' bytes=4194304 elapsed_ms=2.07 budget_ms=2.00
[09:17:59.094] [[1;36mDEBUG[0m] render controller: material texture pump yielded started=1 active_jobs=2 max_jobs=2 elapsed_ms=3.09 budget_ms=2.00 remaining=0
NSDIAG vkCreateSwapchainKHR format=B8G8R8A8_SRGB usage=TRANSFER_SRC | TRANSFER_DST | COLOR_ATTACHMENT bits=0x13 supported=TRANSFER_SRC | TRANSFER_DST | SAMPLED | STORAGE | COLOR_ATTACHMENT | INPUT_ATTACHMENT
NSDIAG gbuffer target target_id=1879048212 exists=true recreate=false colors=3 depth=true extent=1280x720
NSDIAG deferred-target label='deferred_lighting' gbuffer_target=1879048212 lit_target=1879048196 lit_initialized_before=false
NSDIAG vkCreateSwapchainKHR format=B8G8R8A8_SRGB usage=TRANSFER_SRC | TRANSFER_DST | COLOR_ATTACHMENT bits=0x13 supported=TRANSFER_SRC | TRANSFER_DST | SAMPLED | STORAGE | COLOR_ATTACHMENT | INPUT_ATTACHMENT
[09:17:59.108] [[1;32mINFO [0m] fps-character: landing presentation selected player=4294967312 band=Medium distance_m=2.034 downward_speed=6.176 horizontal_speed=0.000 clip='animations/characters/abby/mm-explore.ycd@abby-mm-med-landing^explore-idle' source=animation-semantic-pulse
NSDIAG gbuffer target target_id=1879048212 exists=true recreate=false colors=3 depth=true extent=1280x720
NSDIAG deferred-target label='deferred_lighting' gbuffer_target=1879048212 lit_target=1879048196 lit_initialized_before=false
[09:17:59.114] [[1;36mDEBUG[0m] render controller: material texture packet upload queued path='textures/characters/abby.ytd@m15_normal' method='assets.textures.entry_runtime_v1' contract='rgba-base+backend-mips' texture=TextureId(1611) frame=80
[09:17:59.115] [[1;36mDEBUG[0m] render controller: texture allocation above pump target path='textures/characters/abby.ytd@m15_normal' bytes=4194304 elapsed_ms=2.60 budget_ms=2.00
NSDIAG vkCreateSwapchainKHR format=B8G8R8A8_SRGB usage=TRANSFER_SRC | TRANSFER_DST | COLOR_ATTACHMENT bits=0x13 supported=TRANSFER_SRC | TRANSFER_DST | SAMPLED | STORAGE | COLOR_ATTACHMENT | INPUT_ATTACHMENT
NSDIAG gbuffer target target_id=1879048212 exists=true recreate=false colors=3 depth=true extent=1280x720
NSDIAG deferred-target label='deferred_lighting' gbuffer_target=1879048212 lit_target=1879048196 lit_initialized_before=false
NSDIAG vkCreateSwapchainKHR format=B8G8R8A8_SRGB usage=TRANSFER_SRC | TRANSFER_DST | COLOR_ATTACHMENT bits=0x13 supported=TRANSFER_SRC | TRANSFER_DST | SAMPLED | STORAGE | COLOR_ATTACHMENT | INPUT_ATTACHMENT
NSDIAG gbuffer target target_id=1879048212 exists=true recreate=false colors=3 depth=true extent=1280x720
NSDIAG deferred-target label='deferred_lighting' gbuffer_target=1879048212 lit_target=1879048196 lit_initialized_before=false
[09:17:59.132] [[1;36mDEBUG[0m] render controller: material texture packet upload queued path='textures/characters/abby.ytd@m17_normal' method='assets.textures.entry_runtime_v1' contract='rgba-base+backend-mips' texture=TextureId(1612) frame=82
NSDIAG vkCreateSwapchainKHR format=B8G8R8A8_SRGB usage=TRANSFER_SRC | TRANSFER_DST | COLOR_ATTACHMENT bits=0x13 supported=TRANSFER_SRC | TRANSFER_DST | SAMPLED | STORAGE | COLOR_ATTACHMENT | INPUT_ATTACHMENT
NSDIAG gbuffer target target_id=1879048212 exists=true recreate=false colors=3 depth=true extent=1280x720
NSDIAG deferred-target label='deferred_lighting' gbuffer_target=1879048212 lit_target=1879048196 lit_initialized_before=false
NSDIAG vkCreateSwapchainKHR format=B8G8R8A8_SRGB usage=TRANSFER_SRC | TRANSFER_DST | COLOR_ATTACHMENT bits=0x13 supported=TRANSFER_SRC | TRANSFER_DST | SAMPLED | STORAGE | COLOR_ATTACHMENT | INPUT_ATTACHMENT
NSDIAG gbuffer target target_id=1879048212 exists=true recreate=false colors=3 depth=true extent=1280x720
NSDIAG deferred-target label='deferred_lighting' gbuffer_target=1879048212 lit_target=1879048196 lit_initialized_before=false
NSDIAG vkCreateSwapchainKHR format=B8G8R8A8_SRGB usage=TRANSFER_SRC | TRANSFER_DST | COLOR_ATTACHMENT bits=0x13 supported=TRANSFER_SRC | TRANSFER_DST | SAMPLED | STORAGE | COLOR_ATTACHMENT | INPUT_ATTACHMENT
NSDIAG gbuffer target target_id=1879048212 exists=true recreate=false colors=3 depth=true extent=1280x720
NSDIAG deferred-target label='deferred_lighting' gbuffer_target=1879048212 lit_target=1879048196 lit_initialized_before=false
NSDIAG vkCreateSwapchainKHR format=B8G8R8A8_SRGB usage=TRANSFER_SRC | TRANSFER_DST | COLOR_ATTACHMENT bits=0x13 supported=TRANSFER_SRC | TRANSFER_DST | SAMPLED | STORAGE | COLOR_ATTACHMENT | INPUT_ATTACHMENT
NSDIAG gbuffer target target_id=1879048212 exists=true recreate=false colors=3 depth=true extent=1280x720
NSDIAG deferred-target label='deferred_lighting' gbuffer_target=1879048212 lit_target=1879048196 lit_initialized_before=false
NSDIAG vkCreateSwapchainKHR format=B8G8R8A8_SRGB usage=TRANSFER_SRC | TRANSFER_DST | COLOR_ATTACHMENT bits=0x13 supported=TRANSFER_SRC | TRANSFER_DST | SAMPLED | STORAGE | COLOR_ATTACHMENT | INPUT_ATTACHMENT
NSDIAG gbuffer target target_id=1879048212 exists=true recreate=false colors=3 depth=true extent=1280x720
NSDIAG deferred-target label='deferred_lighting' gbuffer_target=1879048212 lit_target=1879048196 lit_initialized_before=false
NSDIAG vkCreateSwapchainKHR format=B8G8R8A8_SRGB usage=TRANSFER_SRC | TRANSFER_DST | COLOR_ATTACHMENT bits=0x13 supported=TRANSFER_SRC | TRANSFER_DST | SAMPLED | STORAGE | COLOR_ATTACHMENT | INPUT_ATTACHMENT
NSDIAG gbuffer target target_id=1879048212 exists=true recreate=false colors=3 depth=true extent=1280x720
NSDIAG deferred-target label='deferred_lighting' gbuffer_target=1879048212 lit_target=1879048196 lit_initialized_before=false
NSDIAG vkCreateSwapchainKHR format=B8G8R8A8_SRGB usage=TRANSFER_SRC | TRANSFER_DST | COLOR_ATTACHMENT bits=0x13 supported=TRANSFER_SRC | TRANSFER_DST | SAMPLED | STORAGE | COLOR_ATTACHMENT | INPUT_ATTACHMENT
NSDIAG gbuffer target target_id=1879048212 exists=true recreate=false colors=3 depth=true extent=1280x720
NSDIAG deferred-target label='deferred_lighting' gbuffer_target=1879048212 lit_target=1879048196 lit_initialized_before=false
NSDIAG vkCreateSwapchainKHR format=B8G8R8A8_SRGB usage=TRANSFER_SRC | TRANSFER_DST | COLOR_ATTACHMENT bits=0x13 supported=TRANSFER_SRC | TRANSFER_DST | SAMPLED | STORAGE | COLOR_ATTACHMENT | INPUT_ATTACHMENT
NSDIAG gbuffer target target_id=1879048212 exists=true recreate=false colors=3 depth=true extent=1280x720
NSDIAG graph-pass begin frame=90 id=120 label='shadow_cascade_map' kind=ShadowCascadeMap queue=Graphics draws=164
NSDIAG graph-pass end frame=90 id=120 label='shadow_cascade_map' kind=ShadowCascadeMap ok=true
NSDIAG graph-pass begin frame=90 id=560 label='particle_simulation' kind=ParticleSimulation queue=Compute draws=0
NSDIAG graph-pass end frame=90 id=560 label='particle_simulation' kind=ParticleSimulation ok=true
NSDIAG graph-pass begin frame=90 id=300 label='viewport_gbuffer' kind=GBuffer queue=Graphics draws=16
NSDIAG graph-pass end frame=90 id=300 label='viewport_gbuffer' kind=GBuffer ok=true
NSDIAG graph-pass begin frame=90 id=400 label='deferred_lighting' kind=DeferredLighting queue=Graphics draws=0
NSDIAG deferred-target label='deferred_lighting' gbuffer_target=1879048212 lit_target=1879048196 lit_initialized_before=false
NSDIAG graph-pass end frame=90 id=400 label='deferred_lighting' kind=DeferredLighting ok=false
NSDIAG vkCreateSwapchainKHR format=B8G8R8A8_SRGB usage=TRANSFER_SRC | TRANSFER_DST | COLOR_ATTACHMENT bits=0x13 supported=TRANSFER_SRC | TRANSFER_DST | SAMPLED | STORAGE | COLOR_ATTACHMENT | INPUT_ATTACHMENT
NSDIAG gbuffer target target_id=1879048212 exists=true recreate=false colors=3 depth=true extent=1280x720
NSDIAG deferred-target label='deferred_lighting' gbuffer_target=1879048212 lit_target=1879048196 lit_initialized_before=false
NSDIAG vkCreateSwapchainKHR format=B8G8R8A8_SRGB usage=TRANSFER_SRC | TRANSFER_DST | COLOR_ATTACHMENT bits=0x13 supported=TRANSFER_SRC | TRANSFER_DST | SAMPLED | STORAGE | COLOR_ATTACHMENT | INPUT_ATTACHMENT
NSDIAG gbuffer target target_id=1879048212 exists=true recreate=false colors=3 depth=true extent=1280x720
NSDIAG deferred-target label='deferred_lighting' gbuffer_target=1879048212 lit_target=1879048196 lit_initialized_before=false
NSDIAG vkCreateSwapchainKHR format=B8G8R8A8_SRGB usage=TRANSFER_SRC | TRANSFER_DST | COLOR_ATTACHMENT bits=0x13 supported=TRANSFER_SRC | TRANSFER_DST | SAMPLED | STORAGE | COLOR_ATTACHMENT | INPUT_ATTACHMENT
NSDIAG gbuffer target target_id=1879048212 exists=true recreate=false colors=3 depth=true extent=1280x720
NSDIAG deferred-target label='deferred_lighting' gbuffer_target=1879048212 lit_target=1879048196 lit_initialized_before=false
NSDIAG vkCreateSwapchainKHR format=B8G8R8A8_SRGB usage=TRANSFER_SRC | TRANSFER_DST | COLOR_ATTACHMENT bits=0x13 supported=TRANSFER_SRC | TRANSFER_DST | SAMPLED | STORAGE | COLOR_ATTACHMENT | INPUT_ATTACHMENT
NSDIAG gbuffer target target_id=1879048212 exists=true recreate=false colors=3 depth=true extent=1280x720
NSDIAG deferred-target label='deferred_lighting' gbuffer_target=1879048212 lit_target=1879048196 lit_initialized_before=false
NSDIAG vkCreateSwapchainKHR format=B8G8R8A8_SRGB usage=TRANSFER_SRC | TRANSFER_DST | COLOR_ATTACHMENT bits=0x13 supported=TRANSFER_SRC | TRANSFER_DST | SAMPLED | STORAGE | COLOR_ATTACHMENT | INPUT_ATTACHMENT
NSDIAG gbuffer target target_id=1879048212 exists=true recreate=false colors=3 depth=true extent=1280x720
NSDIAG deferred-target label='deferred_lighting' gbuffer_target=1879048212 lit_target=1879048196 lit_initialized_before=false
NSDIAG vkCreateSwapchainKHR format=B8G8R8A8_SRGB usage=TRANSFER_SRC | TRANSFER_DST | COLOR_ATTACHMENT bits=0x13 supported=TRANSFER_SRC | TRANSFER_DST | SAMPLED | STORAGE | COLOR_ATTACHMENT | INPUT_ATTACHMENT
NSDIAG gbuffer target target_id=1879048212 exists=true recreate=false colors=3 depth=true extent=1280x720
NSDIAG deferred-target label='deferred_lighting' gbuffer_target=1879048212 lit_target=1879048196 lit_initialized_before=false
NSDIAG vkCreateSwapchainKHR format=B8G8R8A8_SRGB usage=TRANSFER_SRC | TRANSFER_DST | COLOR_ATTACHMENT bits=0x13 supported=TRANSFER_SRC | TRANSFER_DST | SAMPLED | STORAGE | COLOR_ATTACHMENT | INPUT_ATTACHMENT
NSDIAG gbuffer target target_id=1879048212 exists=true recreate=false colors=3 depth=true extent=1280x720
NSDIAG deferred-target label='deferred_lighting' gbuffer_target=1879048212 lit_target=1879048196 lit_initialized_before=false
NSDIAG vkCreateSwapchainKHR format=B8G8R8A8_SRGB usage=TRANSFER_SRC | TRANSFER_DST | COLOR_ATTACHMENT bits=0x13 supported=TRANSFER_SRC | TRANSFER_DST | SAMPLED | STORAGE | COLOR_ATTACHMENT | INPUT_ATTACHMENT
NSDIAG gbuffer target target_id=1879048212 exists=true recreate=false colors=3 depth=true extent=1280x720
NSDIAG deferred-target label='deferred_lighting' gbuffer_target=1879048212 lit_target=1879048196 lit_initialized_before=false
NSDIAG vkCreateSwapchainKHR format=B8G8R8A8_SRGB usage=TRANSFER_SRC | TRANSFER_DST | COLOR_ATTACHMENT bits=0x13 supported=TRANSFER_SRC | TRANSFER_DST | SAMPLED | STORAGE | COLOR_ATTACHMENT | INPUT_ATTACHMENT
NSDIAG gbuffer target target_id=1879048212 exists=true recreate=false colors=3 depth=true extent=1280x720
NSDIAG deferred-target label='deferred_lighting' gbuffer_target=1879048212 lit_target=1879048196 lit_initialized_before=false
NSDIAG vkCreateSwapchainKHR format=B8G8R8A8_SRGB usage=TRANSFER_SRC | TRANSFER_DST | COLOR_ATTACHMENT bits=0x13 supported=TRANSFER_SRC | TRANSFER_DST | SAMPLED | STORAGE | COLOR_ATTACHMENT | INPUT_ATTACHMENT
NSDIAG gbuffer target target_id=1879048212 exists=true recreate=false colors=3 depth=true extent=1280x720
NSDIAG deferred-target label='deferred_lighting' gbuffer_target=1879048212 lit_target=1879048196 lit_initialized_before=false
NSDIAG vkCreateSwapchainKHR format=B8G8R8A8_SRGB usage=TRANSFER_SRC | TRANSFER_DST | COLOR_ATTACHMENT bits=0x13 supported=TRANSFER_SRC | TRANSFER_DST | SAMPLED | STORAGE | COLOR_ATTACHMENT | INPUT_ATTACHMENT
NSDIAG gbuffer target target_id=1879048212 exists=true recreate=false colors=3 depth=true extent=1280x720
NSDIAG deferred-target label='deferred_lighting' gbuffer_target=1879048212 lit_target=1879048196 lit_initialized_before=false
NSDIAG vkCreateSwapchainKHR format=B8G8R8A8_SRGB usage=TRANSFER_SRC | TRANSFER_DST | COLOR_ATTACHMENT bits=0x13 supported=TRANSFER_SRC | TRANSFER_DST | SAMPLED | STORAGE | COLOR_ATTACHMENT | INPUT_ATTACHMENT
NSDIAG gbuffer target target_id=1879048212 exists=true recreate=false colors=3 depth=true extent=1280x720
NSDIAG deferred-target label='deferred_lighting' gbuffer_target=1879048212 lit_target=1879048196 lit_initialized_before=false
NSDIAG vkCreateSwapchainKHR format=B8G8R8A8_SRGB usage=TRANSFER_SRC | TRANSFER_DST | COLOR_ATTACHMENT bits=0x13 supported=TRANSFER_SRC | TRANSFER_DST | SAMPLED | STORAGE | COLOR_ATTACHMENT | INPUT_ATTACHMENT
NSDIAG gbuffer target target_id=1879048212 exists=true recreate=false colors=3 depth=true extent=1280x720
NSDIAG deferred-target label='deferred_lighting' gbuffer_target=1879048212 lit_target=1879048196 lit_initialized_before=false
NSDIAG vkCreateSwapchainKHR format=B8G8R8A8_SRGB usage=TRANSFER_SRC | TRANSFER_DST | COLOR_ATTACHMENT bits=0x13 supported=TRANSFER_SRC | TRANSFER_DST | SAMPLED | STORAGE | COLOR_ATTACHMENT | INPUT_ATTACHMENT
NSDIAG gbuffer target target_id=1879048212 exists=true recreate=false colors=3 depth=true extent=1280x720
NSDIAG deferred-target label='deferred_lighting' gbuffer_target=1879048212 lit_target=1879048196 lit_initialized_before=false
NSDIAG vkCreateSwapchainKHR format=B8G8R8A8_SRGB usage=TRANSFER_SRC | TRANSFER_DST | COLOR_ATTACHMENT bits=0x13 supported=TRANSFER_SRC | TRANSFER_DST | SAMPLED | STORAGE | COLOR_ATTACHMENT | INPUT_ATTACHMENT
NSDIAG gbuffer target target_id=1879048212 exists=true recreate=false colors=3 depth=true extent=1280x720
NSDIAG deferred-target label='deferred_lighting' gbuffer_target=1879048212 lit_target=1879048196 lit_initialized_before=false
NSDIAG vkCreateSwapchainKHR format=B8G8R8A8_SRGB usage=TRANSFER_SRC | TRANSFER_DST | COLOR_ATTACHMENT bits=0x13 supported=TRANSFER_SRC | TRANSFER_DST | SAMPLED | STORAGE | COLOR_ATTACHMENT | INPUT_ATTACHMENT
NSDIAG gbuffer target target_id=1879048212 exists=true recreate=false colors=3 depth=true extent=1280x720
NSDIAG deferred-target label='deferred_lighting' gbuffer_target=1879048212 lit_target=1879048196 lit_initialized_before=false
NSDIAG vkCreateSwapchainKHR format=B8G8R8A8_SRGB usage=TRANSFER_SRC | TRANSFER_DST | COLOR_ATTACHMENT bits=0x13 supported=TRANSFER_SRC | TRANSFER_DST | SAMPLED | STORAGE | COLOR_ATTACHMENT | INPUT_ATTACHMENT
NSDIAG gbuffer target target_id=1879048212 exists=true recreate=false colors=3 depth=true extent=1280x720
NSDIAG deferred-target label='deferred_lighting' gbuffer_target=1879048212 lit_target=1879048196 lit_initialized_before=false
NSDIAG vkCreateSwapchainKHR format=B8G8R8A8_SRGB usage=TRANSFER_SRC | TRANSFER_DST | COLOR_ATTACHMENT bits=0x13 supported=TRANSFER_SRC | TRANSFER_DST | SAMPLED | STORAGE | COLOR_ATTACHMENT | INPUT_ATTACHMENT
NSDIAG gbuffer target target_id=1879048212 exists=true recreate=false colors=3 depth=true extent=1280x720
NSDIAG deferred-target label='deferred_lighting' gbuffer_target=1879048212 lit_target=1879048196 lit_initialized_before=false
NSDIAG vkCreateSwapchainKHR format=B8G8R8A8_SRGB usage=TRANSFER_SRC | TRANSFER_DST | COLOR_ATTACHMENT bits=0x13 supported=TRANSFER_SRC | TRANSFER_DST | SAMPLED | STORAGE | COLOR_ATTACHMENT | INPUT_ATTACHMENT
NSDIAG gbuffer target target_id=1879048212 exists=true recreate=false colors=3 depth=true extent=1280x720
NSDIAG deferred-target label='deferred_lighting' gbuffer_target=1879048212 lit_target=1879048196 lit_initialized_before=false
NSDIAG vkCreateSwapchainKHR format=B8G8R8A8_SRGB usage=TRANSFER_SRC | TRANSFER_DST | COLOR_ATTACHMENT bits=0x13 supported=TRANSFER_SRC | TRANSFER_DST | SAMPLED | STORAGE | COLOR_ATTACHMENT | INPUT_ATTACHMENT
NSDIAG gbuffer target target_id=1879048212 exists=true recreate=false colors=3 depth=true extent=1280x720
NSDIAG deferred-target label='deferred_lighting' gbuffer_target=1879048212 lit_target=1879048196 lit_initialized_before=false
NSDIAG vkCreateSwapchainKHR format=B8G8R8A8_SRGB usage=TRANSFER_SRC | TRANSFER_DST | COLOR_ATTACHMENT bits=0x13 supported=TRANSFER_SRC | TRANSFER_DST | SAMPLED | STORAGE | COLOR_ATTACHMENT | INPUT_ATTACHMENT
NSDIAG gbuffer target target_id=1879048212 exists=true recreate=false colors=3 depth=true extent=1280x720
NSDIAG deferred-target label='deferred_lighting' gbuffer_target=1879048212 lit_target=1879048196 lit_initialized_before=false
NSDIAG vkCreateSwapchainKHR format=B8G8R8A8_SRGB usage=TRANSFER_SRC | TRANSFER_DST | COLOR_ATTACHMENT bits=0x13 supported=TRANSFER_SRC | TRANSFER_DST | SAMPLED | STORAGE | COLOR_ATTACHMENT | INPUT_ATTACHMENT
NSDIAG gbuffer target target_id=1879048212 exists=true recreate=false colors=3 depth=true extent=1280x720
NSDIAG deferred-target label='deferred_lighting' gbuffer_target=1879048212 lit_target=1879048196 lit_initialized_before=false
NSDIAG vkCreateSwapchainKHR format=B8G8R8A8_SRGB usage=TRANSFER_SRC | TRANSFER_DST | COLOR_ATTACHMENT bits=0x13 supported=TRANSFER_SRC | TRANSFER_DST | SAMPLED | STORAGE | COLOR_ATTACHMENT | INPUT_ATTACHMENT
NSDIAG gbuffer target target_id=1879048212 exists=true recreate=false colors=3 depth=true extent=1280x720
NSDIAG deferred-target label='deferred_lighting' gbuffer_target=1879048212 lit_target=1879048196 lit_initialized_before=false
NSDIAG vkCreateSwapchainKHR format=B8G8R8A8_SRGB usage=TRANSFER_SRC | TRANSFER_DST | COLOR_ATTACHMENT bits=0x13 supported=TRANSFER_SRC | TRANSFER_DST | SAMPLED | STORAGE | COLOR_ATTACHMENT | INPUT_ATTACHMENT
NSDIAG gbuffer target target_id=1879048212 exists=true recreate=false colors=3 depth=true extent=1280x720
NSDIAG deferred-target label='deferred_lighting' gbuffer_target=1879048212 lit_target=1879048196 lit_initialized_before=false
NSDIAG vkCreateSwapchainKHR format=B8G8R8A8_SRGB usage=TRANSFER_SRC | TRANSFER_DST | COLOR_ATTACHMENT bits=0x13 supported=TRANSFER_SRC | TRANSFER_DST | SAMPLED | STORAGE | COLOR_ATTACHMENT | INPUT_ATTACHMENT
NSDIAG gbuffer target target_id=1879048212 exists=true recreate=false colors=3 depth=true extent=1280x720
NSDIAG deferred-target label='deferred_lighting' gbuffer_target=1879048212 lit_target=1879048196 lit_initialized_before=false
NSDIAG vkCreateSwapchainKHR format=B8G8R8A8_SRGB usage=TRANSFER_SRC | TRANSFER_DST | COLOR_ATTACHMENT bits=0x13 supported=TRANSFER_SRC | TRANSFER_DST | SAMPLED | STORAGE | COLOR_ATTACHMENT | INPUT_ATTACHMENT
NSDIAG gbuffer target target_id=1879048212 exists=true recreate=false colors=3 depth=true extent=1280x720
NSDIAG deferred-target label='deferred_lighting' gbuffer_target=1879048212 lit_target=1879048196 lit_initialized_before=false
NSDIAG vkCreateSwapchainKHR format=B8G8R8A8_SRGB usage=TRANSFER_SRC | TRANSFER_DST | COLOR_ATTACHMENT bits=0x13 supported=TRANSFER_SRC | TRANSFER_DST | SAMPLED | STORAGE | COLOR_ATTACHMENT | INPUT_ATTACHMENT
NSDIAG gbuffer target target_id=1879048212 exists=true recreate=false colors=3 depth=true extent=1280x720
NSDIAG deferred-target label='deferred_lighting' gbuffer_target=1879048212 lit_target=1879048196 lit_initialized_before=false
NSDIAG vkCreateSwapchainKHR format=B8G8R8A8_SRGB usage=TRANSFER_SRC | TRANSFER_DST | COLOR_ATTACHMENT bits=0x13 supported=TRANSFER_SRC | TRANSFER_DST | SAMPLED | STORAGE | COLOR_ATTACHMENT | INPUT_ATTACHMENT
NSDIAG gbuffer target target_id=1879048212 exists=true recreate=false colors=3 depth=true extent=1280x720
NSDIAG deferred-target label='deferred_lighting' gbuffer_target=1879048212 lit_target=1879048196 lit_initialized_before=false
NSDIAG vkCreateSwapchainKHR format=B8G8R8A8_SRGB usage=TRANSFER_SRC | TRANSFER_DST | COLOR_ATTACHMENT bits=0x13 supported=TRANSFER_SRC | TRANSFER_DST | SAMPLED | STORAGE | COLOR_ATTACHMENT | INPUT_ATTACHMENT
NSDIAG gbuffer target target_id=1879048212 exists=true recreate=false colors=3 depth=true extent=1280x720
NSDIAG deferred-target label='deferred_lighting' gbuffer_target=1879048212 lit_target=1879048196 lit_initialized_before=false
NSDIAG vkCreateSwapchainKHR format=B8G8R8A8_SRGB usage=TRANSFER_SRC | TRANSFER_DST | COLOR_ATTACHMENT bits=0x13 supported=TRANSFER_SRC | TRANSFER_DST | SAMPLED | STORAGE | COLOR_ATTACHMENT | INPUT_ATTACHMENT
[09:17:59.402] [[1;32mINFO [0m] render.shadow_setup.profile: frame=120 total_ms=0.016 directional_plan_ms=0.007 directional_admission_ms=0.008 local_plan_ms=0.001 local_admission_ms=0.000 finalize_ms=0.000 render_directional=true render_local=false local_views=0
NSDIAG gbuffer target target_id=1879048212 exists=true recreate=false colors=3 depth=true extent=1280x720
NSDIAG graph-pass begin frame=120 id=120 label='shadow_cascade_map' kind=ShadowCascadeMap queue=Graphics draws=164
NSDIAG graph-pass end frame=120 id=120 label='shadow_cascade_map' kind=ShadowCascadeMap ok=true
NSDIAG graph-pass begin frame=120 id=560 label='particle_simulation' kind=ParticleSimulation queue=Compute draws=0
NSDIAG graph-pass end frame=120 id=560 label='particle_simulation' kind=ParticleSimulation ok=true
NSDIAG graph-pass begin frame=120 id=300 label='viewport_gbuffer' kind=GBuffer queue=Graphics draws=16
NSDIAG graph-pass end frame=120 id=300 label='viewport_gbuffer' kind=GBuffer ok=true
NSDIAG graph-pass begin frame=120 id=400 label='deferred_lighting' kind=DeferredLighting queue=Graphics draws=0
NSDIAG deferred-target label='deferred_lighting' gbuffer_target=1879048212 lit_target=1879048196 lit_initialized_before=false
NSDIAG graph-pass end frame=120 id=400 label='deferred_lighting' kind=DeferredLighting ok=false
NSDIAG vkCreateSwapchainKHR format=B8G8R8A8_SRGB usage=TRANSFER_SRC | TRANSFER_DST | COLOR_ATTACHMENT bits=0x13 supported=TRANSFER_SRC | TRANSFER_DST | SAMPLED | STORAGE | COLOR_ATTACHMENT | INPUT_ATTACHMENT
NSDIAG gbuffer target target_id=1879048212 exists=true recreate=false colors=3 depth=true extent=1280x720
NSDIAG deferred-target label='deferred_lighting' gbuffer_target=1879048212 lit_target=1879048196 lit_initialized_before=false
NSDIAG vkCreateSwapchainKHR format=B8G8R8A8_SRGB usage=TRANSFER_SRC | TRANSFER_DST | COLOR_ATTACHMENT bits=0x13 supported=TRANSFER_SRC | TRANSFER_DST | SAMPLED | STORAGE | COLOR_ATTACHMENT | INPUT_ATTACHMENT
NSDIAG gbuffer target target_id=1879048212 exists=true recreate=false colors=3 depth=true extent=1280x720
NSDIAG deferred-target label='deferred_lighting' gbuffer_target=1879048212 lit_target=1879048196 lit_initialized_before=false
NSDIAG vkCreateSwapchainKHR format=B8G8R8A8_SRGB usage=TRANSFER_SRC | TRANSFER_DST | COLOR_ATTACHMENT bits=0x13 supported=TRANSFER_SRC | TRANSFER_DST | SAMPLED | STORAGE | COLOR_ATTACHMENT | INPUT_ATTACHMENT
NSDIAG gbuffer target target_id=1879048212 exists=true recreate=false colors=3 depth=true extent=1280x720
NSDIAG deferred-target label='deferred_lighting' gbuffer_target=1879048212 lit_target=1879048196 lit_initialized_before=false
NSDIAG vkCreateSwapchainKHR format=B8G8R8A8_SRGB usage=TRANSFER_SRC | TRANSFER_DST | COLOR_ATTACHMENT bits=0x13 supported=TRANSFER_SRC | TRANSFER_DST | SAMPLED | STORAGE | COLOR_ATTACHMENT | INPUT_ATTACHMENT
NSDIAG gbuffer target target_id=1879048212 exists=true recreate=false colors=3 depth=true extent=1280x720
NSDIAG deferred-target label='deferred_lighting' gbuffer_target=1879048212 lit_target=1879048196 lit_initialized_before=false
NSDIAG vkCreateSwapchainKHR format=B8G8R8A8_SRGB usage=TRANSFER_SRC | TRANSFER_DST | COLOR_ATTACHMENT bits=0x13 supported=TRANSFER_SRC | TRANSFER_DST | SAMPLED | STORAGE | COLOR_ATTACHMENT | INPUT_ATTACHMENT
NSDIAG gbuffer target target_id=1879048212 exists=true recreate=false colors=3 depth=true extent=1280x720
NSDIAG deferred-target label='deferred_lighting' gbuffer_target=1879048212 lit_target=1879048196 lit_initialized_before=false
NSDIAG vkCreateSwapchainKHR format=B8G8R8A8_SRGB usage=TRANSFER_SRC | TRANSFER_DST | COLOR_ATTACHMENT bits=0x13 supported=TRANSFER_SRC | TRANSFER_DST | SAMPLED | STORAGE | COLOR_ATTACHMENT | INPUT_ATTACHMENT
NSDIAG gbuffer target target_id=1879048212 exists=true recreate=false colors=3 depth=true extent=1280x720
NSDIAG deferred-target label='deferred_lighting' gbuffer_target=1879048212 lit_target=1879048196 lit_initialized_before=false
NSDIAG vkCreateSwapchainKHR format=B8G8R8A8_SRGB usage=TRANSFER_SRC | TRANSFER_DST | COLOR_ATTACHMENT bits=0x13 supported=TRANSFER_SRC | TRANSFER_DST | SAMPLED | STORAGE | COLOR_ATTACHMENT | INPUT_ATTACHMENT
NSDIAG gbuffer target target_id=1879048212 exists=true recreate=false colors=3 depth=true extent=1280x720
NSDIAG deferred-target label='deferred_lighting' gbuffer_target=1879048212 lit_target=1879048196 lit_initialized_before=false
NSDIAG vkCreateSwapchainKHR format=B8G8R8A8_SRGB usage=TRANSFER_SRC | TRANSFER_DST | COLOR_ATTACHMENT bits=0x13 supported=TRANSFER_SRC | TRANSFER_DST | SAMPLED | STORAGE | COLOR_ATTACHMENT | INPUT_ATTACHMENT
NSDIAG gbuffer target target_id=1879048212 exists=true recreate=false colors=3 depth=true extent=1280x720
NSDIAG deferred-target label='deferred_lighting' gbuffer_target=1879048212 lit_target=1879048196 lit_initialized_before=false
NSDIAG vkCreateSwapchainKHR format=B8G8R8A8_SRGB usage=TRANSFER_SRC | TRANSFER_DST | COLOR_ATTACHMENT bits=0x13 supported=TRANSFER_SRC | TRANSFER_DST | SAMPLED | STORAGE | COLOR_ATTACHMENT | INPUT_ATTACHMENT
NSDIAG gbuffer target target_id=1879048212 exists=true recreate=false colors=3 depth=true extent=1280x720
NSDIAG deferred-target label='deferred_lighting' gbuffer_target=1879048212 lit_target=1879048196 lit_initialized_before=false
NSDIAG vkCreateSwapchainKHR format=B8G8R8A8_SRGB usage=TRANSFER_SRC | TRANSFER_DST | COLOR_ATTACHMENT bits=0x13 supported=TRANSFER_SRC | TRANSFER_DST | SAMPLED | STORAGE | COLOR_ATTACHMENT | INPUT_ATTACHMENT
NSDIAG gbuffer target target_id=1879048212 exists=true recreate=false colors=3 depth=true extent=1280x720
NSDIAG deferred-target label='deferred_lighting' gbuffer_target=1879048212 lit_target=1879048196 lit_initialized_before=false
NSDIAG vkCreateSwapchainKHR format=B8G8R8A8_SRGB usage=TRANSFER_SRC | TRANSFER_DST | COLOR_ATTACHMENT bits=0x13 supported=TRANSFER_SRC | TRANSFER_DST | SAMPLED | STORAGE | COLOR_ATTACHMENT | INPUT_ATTACHMENT
NSDIAG gbuffer target target_id=1879048212 exists=true recreate=false colors=3 depth=true extent=1280x720
NSDIAG deferred-target label='deferred_lighting' gbuffer_target=1879048212 lit_target=1879048196 lit_initialized_before=false
NSDIAG vkCreateSwapchainKHR format=B8G8R8A8_SRGB usage=TRANSFER_SRC | TRANSFER_DST | COLOR_ATTACHMENT bits=0x13 supported=TRANSFER_SRC | TRANSFER_DST | SAMPLED | STORAGE | COLOR_ATTACHMENT | INPUT_ATTACHMENT
NSDIAG gbuffer target target_id=1879048212 exists=true recreate=false colors=3 depth=true extent=1280x720
NSDIAG deferred-target label='deferred_lighting' gbuffer_target=1879048212 lit_target=1879048196 lit_initialized_before=false
NSDIAG vkCreateSwapchainKHR format=B8G8R8A8_SRGB usage=TRANSFER_SRC | TRANSFER_DST | COLOR_ATTACHMENT bits=0x13 supported=TRANSFER_SRC | TRANSFER_DST | SAMPLED | STORAGE | COLOR_ATTACHMENT | INPUT_ATTACHMENT
NSDIAG gbuffer target target_id=1879048212 exists=true recreate=false colors=3 depth=true extent=1280x720
NSDIAG deferred-target label='deferred_lighting' gbuffer_target=1879048212 lit_target=1879048196 lit_initialized_before=false
NSDIAG vkCreateSwapchainKHR format=B8G8R8A8_SRGB usage=TRANSFER_SRC | TRANSFER_DST | COLOR_ATTACHMENT bits=0x13 supported=TRANSFER_SRC | TRANSFER_DST | SAMPLED | STORAGE | COLOR_ATTACHMENT | INPUT_ATTACHMENT
NSDIAG gbuffer target target_id=1879048212 exists=true recreate=false colors=3 depth=true extent=1280x720
NSDIAG deferred-target label='deferred_lighting' gbuffer_target=1879048212 lit_target=1879048196 lit_initialized_before=false
NSDIAG vkCreateSwapchainKHR format=B8G8R8A8_SRGB usage=TRANSFER_SRC | TRANSFER_DST | COLOR_ATTACHMENT bits=0x13 supported=TRANSFER_SRC | TRANSFER_DST | SAMPLED | STORAGE | COLOR_ATTACHMENT | INPUT_ATTACHMENT
NSDIAG gbuffer target target_id=1879048212 exists=true recreate=false colors=3 depth=true extent=1280x720
NSDIAG deferred-target label='deferred_lighting' gbuffer_target=1879048212 lit_target=1879048196 lit_initialized_before=false
NSDIAG vkCreateSwapchainKHR format=B8G8R8A8_SRGB usage=TRANSFER_SRC | TRANSFER_DST | COLOR_ATTACHMENT bits=0x13 supported=TRANSFER_SRC | TRANSFER_DST | SAMPLED | STORAGE | COLOR_ATTACHMENT | INPUT_ATTACHMENT
NSDIAG gbuffer target target_id=1879048212 exists=true recreate=false colors=3 depth=true extent=1280x720
NSDIAG deferred-target label='deferred_lighting' gbuffer_target=1879048212 lit_target=1879048196 lit_initialized_before=false
NSDIAG vkCreateSwapchainKHR format=B8G8R8A8_SRGB usage=TRANSFER_SRC | TRANSFER_DST | COLOR_ATTACHMENT bits=0x13 supported=TRANSFER_SRC | TRANSFER_DST | SAMPLED | STORAGE | COLOR_ATTACHMENT | INPUT_ATTACHMENT
NSDIAG gbuffer target target_id=1879048212 exists=true recreate=false colors=3 depth=true extent=1280x720
NSDIAG deferred-target label='deferred_lighting' gbuffer_target=1879048212 lit_target=1879048196 lit_initialized_before=false
NSDIAG vkCreateSwapchainKHR format=B8G8R8A8_SRGB usage=TRANSFER_SRC | TRANSFER_DST | COLOR_ATTACHMENT bits=0x13 supported=TRANSFER_SRC | TRANSFER_DST | SAMPLED | STORAGE | COLOR_ATTACHMENT | INPUT_ATTACHMENT
NSDIAG gbuffer target target_id=1879048212 exists=true recreate=false colors=3 depth=true extent=1280x720
NSDIAG deferred-target label='deferred_lighting' gbuffer_target=1879048212 lit_target=1879048196 lit_initialized_before=false
NSDIAG vkCreateSwapchainKHR format=B8G8R8A8_SRGB usage=TRANSFER_SRC | TRANSFER_DST | COLOR_ATTACHMENT bits=0x13 supported=TRANSFER_SRC | TRANSFER_DST | SAMPLED | STORAGE | COLOR_ATTACHMENT | INPUT_ATTACHMENT
NSDIAG gbuffer target target_id=1879048212 exists=true recreate=false colors=3 depth=true extent=1280x720
NSDIAG deferred-target label='deferred_lighting' gbuffer_target=1879048212 lit_target=1879048196 lit_initialized_before=false
NSDIAG vkCreateSwapchainKHR format=B8G8R8A8_SRGB usage=TRANSFER_SRC | TRANSFER_DST | COLOR_ATTACHMENT bits=0x13 supported=TRANSFER_SRC | TRANSFER_DST | SAMPLED | STORAGE | COLOR_ATTACHMENT | INPUT_ATTACHMENT
NSDIAG gbuffer target target_id=1879048212 exists=true recreate=false colors=3 depth=true extent=1280x720
NSDIAG deferred-target label='deferred_lighting' gbuffer_target=1879048212 lit_target=1879048196 lit_initialized_before=false
NSDIAG vkCreateSwapchainKHR format=B8G8R8A8_SRGB usage=TRANSFER_SRC | TRANSFER_DST | COLOR_ATTACHMENT bits=0x13 supported=TRANSFER_SRC | TRANSFER_DST | SAMPLED | STORAGE | COLOR_ATTACHMENT | INPUT_ATTACHMENT
NSDIAG gbuffer target target_id=1879048212 exists=true recreate=false colors=3 depth=true extent=1280x720
NSDIAG deferred-target label='deferred_lighting' gbuffer_target=1879048212 lit_target=1879048196 lit_initialized_before=false
NSDIAG vkCreateSwapchainKHR format=B8G8R8A8_SRGB usage=TRANSFER_SRC | TRANSFER_DST | COLOR_ATTACHMENT bits=0x13 supported=TRANSFER_SRC | TRANSFER_DST | SAMPLED | STORAGE | COLOR_ATTACHMENT | INPUT_ATTACHMENT
NSDIAG gbuffer target target_id=1879048212 exists=true recreate=false colors=3 depth=true extent=1280x720
NSDIAG deferred-target label='deferred_lighting' gbuffer_target=1879048212 lit_target=1879048196 lit_initialized_before=false
NSDIAG vkCreateSwapchainKHR format=B8G8R8A8_SRGB usage=TRANSFER_SRC | TRANSFER_DST | COLOR_ATTACHMENT bits=0x13 supported=TRANSFER_SRC | TRANSFER_DST | SAMPLED | STORAGE | COLOR_ATTACHMENT | INPUT_ATTACHMENT
NSDIAG gbuffer target target_id=1879048212 exists=true recreate=false colors=3 depth=true extent=1280x720
NSDIAG deferred-target label='deferred_lighting' gbuffer_target=1879048212 lit_target=1879048196 lit_initialized_before=false
NSDIAG vkCreateSwapchainKHR format=B8G8R8A8_SRGB usage=TRANSFER_SRC | TRANSFER_DST | COLOR_ATTACHMENT bits=0x13 supported=TRANSFER_SRC | TRANSFER_DST | SAMPLED | STORAGE | COLOR_ATTACHMENT | INPUT_ATTACHMENT
NSDIAG gbuffer target target_id=1879048212 exists=true recreate=false colors=3 depth=true extent=1280x720
NSDIAG deferred-target label='deferred_lighting' gbuffer_target=1879048212 lit_target=1879048196 lit_initialized_before=false
NSDIAG vkCreateSwapchainKHR format=B8G8R8A8_SRGB usage=TRANSFER_SRC | TRANSFER_DST | COLOR_ATTACHMENT bits=0x13 supported=TRANSFER_SRC | TRANSFER_DST | SAMPLED | STORAGE | COLOR_ATTACHMENT | INPUT_ATTACHMENT
NSDIAG gbuffer target target_id=1879048212 exists=true recreate=false colors=3 depth=true extent=1280x720
NSDIAG deferred-target label='deferred_lighting' gbuffer_target=1879048212 lit_target=1879048196 lit_initialized_before=false
NSDIAG vkCreateSwapchainKHR format=B8G8R8A8_SRGB usage=TRANSFER_SRC | TRANSFER_DST | COLOR_ATTACHMENT bits=0x13 supported=TRANSFER_SRC | TRANSFER_DST | SAMPLED | STORAGE | COLOR_ATTACHMENT | INPUT_ATTACHMENT
NSDIAG gbuffer target target_id=1879048212 exists=true recreate=false colors=3 depth=true extent=1280x720
NSDIAG deferred-target label='deferred_lighting' gbuffer_target=1879048212 lit_target=1879048196 lit_initialized_before=false
NSDIAG vkCreateSwapchainKHR format=B8G8R8A8_SRGB usage=TRANSFER_SRC | TRANSFER_DST | COLOR_ATTACHMENT bits=0x13 supported=TRANSFER_SRC | TRANSFER_DST | SAMPLED | STORAGE | COLOR_ATTACHMENT | INPUT_ATTACHMENT
NSDIAG gbuffer target target_id=1879048212 exists=true recreate=false colors=3 depth=true extent=1280x720
NSDIAG deferred-target label='deferred_lighting' gbuffer_target=1879048212 lit_target=1879048196 lit_initialized_before=false
NSDIAG vkCreateSwapchainKHR format=B8G8R8A8_SRGB usage=TRANSFER_SRC | TRANSFER_DST | COLOR_ATTACHMENT bits=0x13 supported=TRANSFER_SRC | TRANSFER_DST | SAMPLED | STORAGE | COLOR_ATTACHMENT | INPUT_ATTACHMENT
NSDIAG gbuffer target target_id=1879048212 exists=true recreate=false colors=3 depth=true extent=1280x720
NSDIAG deferred-target label='deferred_lighting' gbuffer_target=1879048212 lit_target=1879048196 lit_initialized_before=false
NSDIAG vkCreateSwapchainKHR format=B8G8R8A8_SRGB usage=TRANSFER_SRC | TRANSFER_DST | COLOR_ATTACHMENT bits=0x13 supported=TRANSFER_SRC | TRANSFER_DST | SAMPLED | STORAGE | COLOR_ATTACHMENT | INPUT_ATTACHMENT
NSDIAG gbuffer target target_id=1879048212 exists=true recreate=false colors=3 depth=true extent=1280x720
NSDIAG deferred-target label='deferred_lighting' gbuffer_target=1879048212 lit_target=1879048196 lit_initialized_before=false
NSDIAG vkCreateSwapchainKHR format=B8G8R8A8_SRGB usage=TRANSFER_SRC | TRANSFER_DST | COLOR_ATTACHMENT bits=0x13 supported=TRANSFER_SRC | TRANSFER_DST | SAMPLED | STORAGE | COLOR_ATTACHMENT | INPUT_ATTACHMENT
NSDIAG gbuffer target target_id=1879048212 exists=true recreate=false colors=3 depth=true extent=1280x720
NSDIAG graph-pass begin frame=150 id=120 label='shadow_cascade_map' kind=ShadowCascadeMap queue=Graphics draws=164
NSDIAG graph-pass end frame=150 id=120 label='shadow_cascade_map' kind=ShadowCascadeMap ok=true
NSDIAG graph-pass begin frame=150 id=560 label='particle_simulation' kind=ParticleSimulation queue=Compute draws=0
NSDIAG graph-pass end frame=150 id=560 label='particle_simulation' kind=ParticleSimulation ok=true
NSDIAG graph-pass begin frame=150 id=300 label='viewport_gbuffer' kind=GBuffer queue=Graphics draws=16
NSDIAG graph-pass end frame=150 id=300 label='viewport_gbuffer' kind=GBuffer ok=true
NSDIAG graph-pass begin frame=150 id=400 label='deferred_lighting' kind=DeferredLighting queue=Graphics draws=0
NSDIAG deferred-target label='deferred_lighting' gbuffer_target=1879048212 lit_target=1879048196 lit_initialized_before=false
NSDIAG graph-pass end frame=150 id=400 label='deferred_lighting' kind=DeferredLighting ok=false
NSDIAG vkCreateSwapchainKHR format=B8G8R8A8_SRGB usage=TRANSFER_SRC | TRANSFER_DST | COLOR_ATTACHMENT bits=0x13 supported=TRANSFER_SRC | TRANSFER_DST | SAMPLED | STORAGE | COLOR_ATTACHMENT | INPUT_ATTACHMENT
NSDIAG gbuffer target target_id=1879048212 exists=true recreate=false colors=3 depth=true extent=1280x720
NSDIAG deferred-target label='deferred_lighting' gbuffer_target=1879048212 lit_target=1879048196 lit_initialized_before=false
NSDIAG vkCreateSwapchainKHR format=B8G8R8A8_SRGB usage=TRANSFER_SRC | TRANSFER_DST | COLOR_ATTACHMENT bits=0x13 supported=TRANSFER_SRC | TRANSFER_DST | SAMPLED | STORAGE | COLOR_ATTACHMENT | INPUT_ATTACHMENT
NSDIAG gbuffer target target_id=1879048212 exists=true recreate=false colors=3 depth=true extent=1280x720
NSDIAG deferred-target label='deferred_lighting' gbuffer_target=1879048212 lit_target=1879048196 lit_initialized_before=false
NSDIAG vkCreateSwapchainKHR format=B8G8R8A8_SRGB usage=TRANSFER_SRC | TRANSFER_DST | COLOR_ATTACHMENT bits=0x13 supported=TRANSFER_SRC | TRANSFER_DST | SAMPLED | STORAGE | COLOR_ATTACHMENT | INPUT_ATTACHMENT
NSDIAG gbuffer target target_id=1879048212 exists=true recreate=false colors=3 depth=true extent=1280x720
NSDIAG deferred-target label='deferred_lighting' gbuffer_target=1879048212 lit_target=1879048196 lit_initialized_before=false
NSDIAG vkCreateSwapchainKHR format=B8G8R8A8_SRGB usage=TRANSFER_SRC | TRANSFER_DST | COLOR_ATTACHMENT bits=0x13 supported=TRANSFER_SRC | TRANSFER_DST | SAMPLED | STORAGE | COLOR_ATTACHMENT | INPUT_ATTACHMENT
NSDIAG gbuffer target target_id=1879048212 exists=true recreate=false colors=3 depth=true extent=1280x720
NSDIAG deferred-target label='deferred_lighting' gbuffer_target=1879048212 lit_target=1879048196 lit_initialized_before=false
NSDIAG vkCreateSwapchainKHR format=B8G8R8A8_SRGB usage=TRANSFER_SRC | TRANSFER_DST | COLOR_ATTACHMENT bits=0x13 supported=TRANSFER_SRC | TRANSFER_DST | SAMPLED | STORAGE | COLOR_ATTACHMENT | INPUT_ATTACHMENT
NSDIAG gbuffer target target_id=1879048212 exists=true recreate=false colors=3 depth=true extent=1280x720
NSDIAG deferred-target label='deferred_lighting' gbuffer_target=1879048212 lit_target=1879048196 lit_initialized_before=false
NSDIAG vkCreateSwapchainKHR format=B8G8R8A8_SRGB usage=TRANSFER_SRC | TRANSFER_DST | COLOR_ATTACHMENT bits=0x13 supported=TRANSFER_SRC | TRANSFER_DST | SAMPLED | STORAGE | COLOR_ATTACHMENT | INPUT_ATTACHMENT
NSDIAG gbuffer target target_id=1879048212 exists=true recreate=false colors=3 depth=true extent=1280x720
NSDIAG deferred-target label='deferred_lighting' gbuffer_target=1879048212 lit_target=1879048196 lit_initialized_before=false
NSDIAG vkCreateSwapchainKHR format=B8G8R8A8_SRGB usage=TRANSFER_SRC | TRANSFER_DST | COLOR_ATTACHMENT bits=0x13 supported=TRANSFER_SRC | TRANSFER_DST | SAMPLED | STORAGE | COLOR_ATTACHMENT | INPUT_ATTACHMENT
NSDIAG gbuffer target target_id=1879048212 exists=true recreate=false colors=3 depth=true extent=1280x720
NSDIAG deferred-target label='deferred_lighting' gbuffer_target=1879048212 lit_target=1879048196 lit_initialized_before=false
NSDIAG vkCreateSwapchainKHR format=B8G8R8A8_SRGB usage=TRANSFER_SRC | TRANSFER_DST | COLOR_ATTACHMENT bits=0x13 supported=TRANSFER_SRC | TRANSFER_DST | SAMPLED | STORAGE | COLOR_ATTACHMENT | INPUT_ATTACHMENT
NSDIAG gbuffer target target_id=1879048212 exists=true recreate=false colors=3 depth=true extent=1280x720
NSDIAG deferred-target label='deferred_lighting' gbuffer_target=1879048212 lit_target=1879048196 lit_initialized_before=false
NSDIAG vkCreateSwapchainKHR format=B8G8R8A8_SRGB usage=TRANSFER_SRC | TRANSFER_DST | COLOR_ATTACHMENT bits=0x13 supported=TRANSFER_SRC | TRANSFER_DST | SAMPLED | STORAGE | COLOR_ATTACHMENT | INPUT_ATTACHMENT
NSDIAG gbuffer target target_id=1879048212 exists=true recreate=false colors=3 depth=true extent=1280x720
NSDIAG deferred-target label='deferred_lighting' gbuffer_target=1879048212 lit_target=1879048196 lit_initialized_before=false
NSDIAG vkCreateSwapchainKHR format=B8G8R8A8_SRGB usage=TRANSFER_SRC | TRANSFER_DST | COLOR_ATTACHMENT bits=0x13 supported=TRANSFER_SRC | TRANSFER_DST | SAMPLED | STORAGE | COLOR_ATTACHMENT | INPUT_ATTACHMENT
NSDIAG gbuffer target target_id=1879048212 exists=true recreate=false colors=3 depth=true extent=1280x720
NSDIAG deferred-target label='deferred_lighting' gbuffer_target=1879048212 lit_target=1879048196 lit_initialized_before=false
NSDIAG vkCreateSwapchainKHR format=B8G8R8A8_SRGB usage=TRANSFER_SRC | TRANSFER_DST | COLOR_ATTACHMENT bits=0x13 supported=TRANSFER_SRC | TRANSFER_DST | SAMPLED | STORAGE | COLOR_ATTACHMENT | INPUT_ATTACHMENT
NSDIAG gbuffer target target_id=1879048212 exists=true recreate=false colors=3 depth=true extent=1280x720
NSDIAG deferred-target label='deferred_lighting' gbuffer_target=1879048212 lit_target=1879048196 lit_initialized_before=false
NSDIAG vkCreateSwapchainKHR format=B8G8R8A8_SRGB usage=TRANSFER_SRC | TRANSFER_DST | COLOR_ATTACHMENT bits=0x13 supported=TRANSFER_SRC | TRANSFER_DST | SAMPLED | STORAGE | COLOR_ATTACHMENT | INPUT_ATTACHMENT
NSDIAG gbuffer target target_id=1879048212 exists=true recreate=false colors=3 depth=true extent=1280x720
NSDIAG deferred-target label='deferred_lighting' gbuffer_target=1879048212 lit_target=1879048196 lit_initialized_before=false
NSDIAG vkCreateSwapchainKHR format=B8G8R8A8_SRGB usage=TRANSFER_SRC | TRANSFER_DST | COLOR_ATTACHMENT bits=0x13 supported=TRANSFER_SRC | TRANSFER_DST | SAMPLED | STORAGE | COLOR_ATTACHMENT | INPUT_ATTACHMENT
NSDIAG gbuffer target target_id=1879048212 exists=true recreate=false colors=3 depth=true extent=1280x720
NSDIAG deferred-target label='deferred_lighting' gbuffer_target=1879048212 lit_target=1879048196 lit_initialized_before=false
NSDIAG vkCreateSwapchainKHR format=B8G8R8A8_SRGB usage=TRANSFER_SRC | TRANSFER_DST | COLOR_ATTACHMENT bits=0x13 supported=TRANSFER_SRC | TRANSFER_DST | SAMPLED | STORAGE | COLOR_ATTACHMENT | INPUT_ATTACHMENT
NSDIAG gbuffer target target_id=1879048212 exists=true recreate=false colors=3 depth=true extent=1280x720
NSDIAG deferred-target label='deferred_lighting' gbuffer_target=1879048212 lit_target=1879048196 lit_initialized_before=false
NSDIAG vkCreateSwapchainKHR format=B8G8R8A8_SRGB usage=TRANSFER_SRC | TRANSFER_DST | COLOR_ATTACHMENT bits=0x13 supported=TRANSFER_SRC | TRANSFER_DST | SAMPLED | STORAGE | COLOR_ATTACHMENT | INPUT_ATTACHMENT
NSDIAG gbuffer target target_id=1879048212 exists=true recreate=false colors=3 depth=true extent=1280x720
NSDIAG deferred-target label='deferred_lighting' gbuffer_target=1879048212 lit_target=1879048196 lit_initialized_before=false
NSDIAG vkCreateSwapchainKHR format=B8G8R8A8_SRGB usage=TRANSFER_SRC | TRANSFER_DST | COLOR_ATTACHMENT bits=0x13 supported=TRANSFER_SRC | TRANSFER_DST | SAMPLED | STORAGE | COLOR_ATTACHMENT | INPUT_ATTACHMENT
NSDIAG gbuffer target target_id=1879048212 exists=true recreate=false colors=3 depth=true extent=1280x720
NSDIAG deferred-target label='deferred_lighting' gbuffer_target=1879048212 lit_target=1879048196 lit_initialized_before=false
NSDIAG vkCreateSwapchainKHR format=B8G8R8A8_SRGB usage=TRANSFER_SRC | TRANSFER_DST | COLOR_ATTACHMENT bits=0x13 supported=TRANSFER_SRC | TRANSFER_DST | SAMPLED | STORAGE | COLOR_ATTACHMENT | INPUT_ATTACHMENT
NSDIAG gbuffer target target_id=1879048212 exists=true recreate=false colors=3 depth=true extent=1280x720
NSDIAG deferred-target label='deferred_lighting' gbuffer_target=1879048212 lit_target=1879048196 lit_initialized_before=false
NSDIAG vkCreateSwapchainKHR format=B8G8R8A8_SRGB usage=TRANSFER_SRC | TRANSFER_DST | COLOR_ATTACHMENT bits=0x13 supported=TRANSFER_SRC | TRANSFER_DST | SAMPLED | STORAGE | COLOR_ATTACHMENT | INPUT_ATTACHMENT
NSDIAG gbuffer target target_id=1879048212 exists=true recreate=false colors=3 depth=true extent=1280x720
NSDIAG deferred-target label='deferred_lighting' gbuffer_target=1879048212 lit_target=1879048196 lit_initialized_before=false
NSDIAG vkCreateSwapchainKHR format=B8G8R8A8_SRGB usage=TRANSFER_SRC | TRANSFER_DST | COLOR_ATTACHMENT bits=0x13 supported=TRANSFER_SRC | TRANSFER_DST | SAMPLED | STORAGE | COLOR_ATTACHMENT | INPUT_ATTACHMENT
NSDIAG gbuffer target target_id=1879048212 exists=true recreate=false colors=3 depth=true extent=1280x720
NSDIAG deferred-target label='deferred_lighting' gbuffer_target=1879048212 lit_target=1879048196 lit_initialized_before=false
NSDIAG vkCreateSwapchainKHR format=B8G8R8A8_SRGB usage=TRANSFER_SRC | TRANSFER_DST | COLOR_ATTACHMENT bits=0x13 supported=TRANSFER_SRC | TRANSFER_DST | SAMPLED | STORAGE | COLOR_ATTACHMENT | INPUT_ATTACHMENT
NSDIAG gbuffer target target_id=1879048212 exists=true recreate=false colors=3 depth=true extent=1280x720
NSDIAG deferred-target label='deferred_lighting' gbuffer_target=1879048212 lit_target=1879048196 lit_initialized_before=false
NSDIAG vkCreateSwapchainKHR format=B8G8R8A8_SRGB usage=TRANSFER_SRC | TRANSFER_DST | COLOR_ATTACHMENT bits=0x13 supported=TRANSFER_SRC | TRANSFER_DST | SAMPLED | STORAGE | COLOR_ATTACHMENT | INPUT_ATTACHMENT
NSDIAG gbuffer target target_id=1879048212 exists=true recreate=false colors=3 depth=true extent=1280x720
NSDIAG deferred-target label='deferred_lighting' gbuffer_target=1879048212 lit_target=1879048196 lit_initialized_before=false
NSDIAG vkCreateSwapchainKHR format=B8G8R8A8_SRGB usage=TRANSFER_SRC | TRANSFER_DST | COLOR_ATTACHMENT bits=0x13 supported=TRANSFER_SRC | TRANSFER_DST | SAMPLED | STORAGE | COLOR_ATTACHMENT | INPUT_ATTACHMENT
NSDIAG gbuffer target target_id=1879048212 exists=true recreate=false colors=3 depth=true extent=1280x720
NSDIAG deferred-target label='deferred_lighting' gbuffer_target=1879048212 lit_target=1879048196 lit_initialized_before=false
NSDIAG vkCreateSwapchainKHR format=B8G8R8A8_SRGB usage=TRANSFER_SRC | TRANSFER_DST | COLOR_ATTACHMENT bits=0x13 supported=TRANSFER_SRC | TRANSFER_DST | SAMPLED | STORAGE | COLOR_ATTACHMENT | INPUT_ATTACHMENT
NSDIAG gbuffer target target_id=1879048212 exists=true recreate=false colors=3 depth=true extent=1280x720
NSDIAG deferred-target label='deferred_lighting' gbuffer_target=1879048212 lit_target=1879048196 lit_initialized_before=false
NSDIAG vkCreateSwapchainKHR format=B8G8R8A8_SRGB usage=TRANSFER_SRC | TRANSFER_DST | COLOR_ATTACHMENT bits=0x13 supported=TRANSFER_SRC | TRANSFER_DST | SAMPLED | STORAGE | COLOR_ATTACHMENT | INPUT_ATTACHMENT
NSDIAG gbuffer target target_id=1879048212 exists=true recreate=false colors=3 depth=true extent=1280x720
NSDIAG deferred-target label='deferred_lighting' gbuffer_target=1879048212 lit_target=1879048196 lit_initialized_before=false
NSDIAG vkCreateSwapchainKHR format=B8G8R8A8_SRGB usage=TRANSFER_SRC | TRANSFER_DST | COLOR_ATTACHMENT bits=0x13 supported=TRANSFER_SRC | TRANSFER_DST | SAMPLED | STORAGE | COLOR_ATTACHMENT | INPUT_ATTACHMENT
NSDIAG gbuffer target target_id=1879048212 exists=true recreate=false colors=3 depth=true extent=1280x720
NSDIAG deferred-target label='deferred_lighting' gbuffer_target=1879048212 lit_target=1879048196 lit_initialized_before=false
NSDIAG vkCreateSwapchainKHR format=B8G8R8A8_SRGB usage=TRANSFER_SRC | TRANSFER_DST | COLOR_ATTACHMENT bits=0x13 supported=TRANSFER_SRC | TRANSFER_DST | SAMPLED | STORAGE | COLOR_ATTACHMENT | INPUT_ATTACHMENT
NSDIAG gbuffer target target_id=1879048212 exists=true recreate=false colors=3 depth=true extent=1280x720
NSDIAG deferred-target label='deferred_lighting' gbuffer_target=1879048212 lit_target=1879048196 lit_initialized_before=false
NSDIAG vkCreateSwapchainKHR format=B8G8R8A8_SRGB usage=TRANSFER_SRC | TRANSFER_DST | COLOR_ATTACHMENT bits=0x13 supported=TRANSFER_SRC | TRANSFER_DST | SAMPLED | STORAGE | COLOR_ATTACHMENT | INPUT_ATTACHMENT
NSDIAG gbuffer target target_id=1879048212 exists=true recreate=false colors=3 depth=true extent=1280x720
NSDIAG deferred-target label='deferred_lighting' gbuffer_target=1879048212 lit_target=1879048196 lit_initialized_before=false
NSDIAG vkCreateSwapchainKHR format=B8G8R8A8_SRGB usage=TRANSFER_SRC | TRANSFER_DST | COLOR_ATTACHMENT bits=0x13 supported=TRANSFER_SRC | TRANSFER_DST | SAMPLED | STORAGE | COLOR_ATTACHMENT | INPUT_ATTACHMENT
NSDIAG gbuffer target target_id=1879048212 exists=true recreate=false colors=3 depth=true extent=1280x720
NSDIAG deferred-target label='deferred_lighting' gbuffer_target=1879048212 lit_target=1879048196 lit_initialized_before=false
NSDIAG vkCreateSwapchainKHR format=B8G8R8A8_SRGB usage=TRANSFER_SRC | TRANSFER_DST | COLOR_ATTACHMENT bits=0x13 supported=TRANSFER_SRC | TRANSFER_DST | SAMPLED | STORAGE | COLOR_ATTACHMENT | INPUT_ATTACHMENT
NSDIAG gbuffer target target_id=1879048212 exists=true recreate=false colors=3 depth=true extent=1280x720
NSDIAG deferred-target label='deferred_lighting' gbuffer_target=1879048212 lit_target=1879048196 lit_initialized_before=false
NSDIAG vkCreateSwapchainKHR format=B8G8R8A8_SRGB usage=TRANSFER_SRC | TRANSFER_DST | COLOR_ATTACHMENT bits=0x13 supported=TRANSFER_SRC | TRANSFER_DST | SAMPLED | STORAGE | COLOR_ATTACHMENT | INPUT_ATTACHMENT
NSDIAG gbuffer target target_id=1879048212 exists=true recreate=false colors=3 depth=true extent=1280x720
NSDIAG graph-pass begin frame=180 id=120 label='shadow_cascade_map' kind=ShadowCascadeMap queue=Graphics draws=164
NSDIAG graph-pass end frame=180 id=120 label='shadow_cascade_map' kind=ShadowCascadeMap ok=true
NSDIAG graph-pass begin frame=180 id=560 label='particle_simulation' kind=ParticleSimulation queue=Compute draws=0
NSDIAG graph-pass end frame=180 id=560 label='particle_simulation' kind=ParticleSimulation ok=true
NSDIAG graph-pass begin frame=180 id=300 label='viewport_gbuffer' kind=GBuffer queue=Graphics draws=16
NSDIAG graph-pass end frame=180 id=300 label='viewport_gbuffer' kind=GBuffer ok=true
NSDIAG graph-pass begin frame=180 id=400 label='deferred_lighting' kind=DeferredLighting queue=Graphics draws=0
NSDIAG deferred-target label='deferred_lighting' gbuffer_target=1879048212 lit_target=1879048196 lit_initialized_before=false
NSDIAG graph-pass end frame=180 id=400 label='deferred_lighting' kind=DeferredLighting ok=false
NSDIAG vkCreateSwapchainKHR format=B8G8R8A8_SRGB usage=TRANSFER_SRC | TRANSFER_DST | COLOR_ATTACHMENT bits=0x13 supported=TRANSFER_SRC | TRANSFER_DST | SAMPLED | STORAGE | COLOR_ATTACHMENT | INPUT_ATTACHMENT
NSDIAG gbuffer target target_id=1879048212 exists=true recreate=false colors=3 depth=true extent=1280x720
NSDIAG deferred-target label='deferred_lighting' gbuffer_target=1879048212 lit_target=1879048196 lit_initialized_before=false
NSDIAG vkCreateSwapchainKHR format=B8G8R8A8_SRGB usage=TRANSFER_SRC | TRANSFER_DST | COLOR_ATTACHMENT bits=0x13 supported=TRANSFER_SRC | TRANSFER_DST | SAMPLED | STORAGE | COLOR_ATTACHMENT | INPUT_ATTACHMENT
NSDIAG gbuffer target target_id=1879048212 exists=true recreate=false colors=3 depth=true extent=1280x720
NSDIAG deferred-target label='deferred_lighting' gbuffer_target=1879048212 lit_target=1879048196 lit_initialized_before=false
NSDIAG vkCreateSwapchainKHR format=B8G8R8A8_SRGB usage=TRANSFER_SRC | TRANSFER_DST | COLOR_ATTACHMENT bits=0x13 supported=TRANSFER_SRC | TRANSFER_DST | SAMPLED | STORAGE | COLOR_ATTACHMENT | INPUT_ATTACHMENT
NSDIAG gbuffer target target_id=1879048212 exists=true recreate=false colors=3 depth=true extent=1280x720
NSDIAG deferred-target label='deferred_lighting' gbuffer_target=1879048212 lit_target=1879048196 lit_initialized_before=false
NSDIAG vkCreateSwapchainKHR format=B8G8R8A8_SRGB usage=TRANSFER_SRC | TRANSFER_DST | COLOR_ATTACHMENT bits=0x13 supported=TRANSFER_SRC | TRANSFER_DST | SAMPLED | STORAGE | COLOR_ATTACHMENT | INPUT_ATTACHMENT
NSDIAG gbuffer target target_id=1879048212 exists=true recreate=false colors=3 depth=true extent=1280x720
NSDIAG deferred-target label='deferred_lighting' gbuffer_target=1879048212 lit_target=1879048196 lit_initialized_before=false
NSDIAG vkCreateSwapchainKHR format=B8G8R8A8_SRGB usage=TRANSFER_SRC | TRANSFER_DST | COLOR_ATTACHMENT bits=0x13 supported=TRANSFER_SRC | TRANSFER_DST | SAMPLED | STORAGE | COLOR_ATTACHMENT | INPUT_ATTACHMENT
NSDIAG gbuffer target target_id=1879048212 exists=true recreate=false colors=3 depth=true extent=1280x720
NSDIAG deferred-target label='deferred_lighting' gbuffer_target=1879048212 lit_target=1879048196 lit_initialized_before=false
NSDIAG vkCreateSwapchainKHR format=B8G8R8A8_SRGB usage=TRANSFER_SRC | TRANSFER_DST | COLOR_ATTACHMENT bits=0x13 supported=TRANSFER_SRC | TRANSFER_DST | SAMPLED | STORAGE | COLOR_ATTACHMENT | INPUT_ATTACHMENT
NSDIAG gbuffer target target_id=1879048212 exists=true recreate=false colors=3 depth=true extent=1280x720
NSDIAG deferred-target label='deferred_lighting' gbuffer_target=1879048212 lit_target=1879048196 lit_initialized_before=false
NSDIAG vkCreateSwapchainKHR format=B8G8R8A8_SRGB usage=TRANSFER_SRC | TRANSFER_DST | COLOR_ATTACHMENT bits=0x13 supported=TRANSFER_SRC | TRANSFER_DST | SAMPLED | STORAGE | COLOR_ATTACHMENT | INPUT_ATTACHMENT
NSDIAG gbuffer target target_id=1879048212 exists=true recreate=false colors=3 depth=true extent=1280x720
NSDIAG deferred-target label='deferred_lighting' gbuffer_target=1879048212 lit_target=1879048196 lit_initialized_before=false
NSDIAG vkCreateSwapchainKHR format=B8G8R8A8_SRGB usage=TRANSFER_SRC | TRANSFER_DST | COLOR_ATTACHMENT bits=0x13 supported=TRANSFER_SRC | TRANSFER_DST | SAMPLED | STORAGE | COLOR_ATTACHMENT | INPUT_ATTACHMENT
NSDIAG gbuffer target target_id=1879048212 exists=true recreate=false colors=3 depth=true extent=1280x720
NSDIAG deferred-target label='deferred_lighting' gbuffer_target=1879048212 lit_target=1879048196 lit_initialized_before=false
NSDIAG vkCreateSwapchainKHR format=B8G8R8A8_SRGB usage=TRANSFER_SRC | TRANSFER_DST | COLOR_ATTACHMENT bits=0x13 supported=TRANSFER_SRC | TRANSFER_DST | SAMPLED | STORAGE | COLOR_ATTACHMENT | INPUT_ATTACHMENT
NSDIAG gbuffer target target_id=1879048212 exists=true recreate=false colors=3 depth=true extent=1280x720
NSDIAG deferred-target label='deferred_lighting' gbuffer_target=1879048212 lit_target=1879048196 lit_initialized_before=false
NSDIAG vkCreateSwapchainKHR format=B8G8R8A8_SRGB usage=TRANSFER_SRC | TRANSFER_DST | COLOR_ATTACHMENT bits=0x13 supported=TRANSFER_SRC | TRANSFER_DST | SAMPLED | STORAGE | COLOR_ATTACHMENT | INPUT_ATTACHMENT
NSDIAG gbuffer target target_id=1879048212 exists=true recreate=false colors=3 depth=true extent=1280x720
NSDIAG deferred-target label='deferred_lighting' gbuffer_target=1879048212 lit_target=1879048196 lit_initialized_before=false
NSDIAG vkCreateSwapchainKHR format=B8G8R8A8_SRGB usage=TRANSFER_SRC | TRANSFER_DST | COLOR_ATTACHMENT bits=0x13 supported=TRANSFER_SRC | TRANSFER_DST | SAMPLED | STORAGE | COLOR_ATTACHMENT | INPUT_ATTACHMENT
NSDIAG gbuffer target target_id=1879048212 exists=true recreate=false colors=3 depth=true extent=1280x720
NSDIAG deferred-target label='deferred_lighting' gbuffer_target=1879048212 lit_target=1879048196 lit_initialized_before=false
NSDIAG vkCreateSwapchainKHR format=B8G8R8A8_SRGB usage=TRANSFER_SRC | TRANSFER_DST | COLOR_ATTACHMENT bits=0x13 supported=TRANSFER_SRC | TRANSFER_DST | SAMPLED | STORAGE | COLOR_ATTACHMENT | INPUT_ATTACHMENT
NSDIAG gbuffer target target_id=1879048212 exists=true recreate=false colors=3 depth=true extent=1280x720
NSDIAG deferred-target label='deferred_lighting' gbuffer_target=1879048212 lit_target=1879048196 lit_initialized_before=false
NSDIAG vkCreateSwapchainKHR format=B8G8R8A8_SRGB usage=TRANSFER_SRC | TRANSFER_DST | COLOR_ATTACHMENT bits=0x13 supported=TRANSFER_SRC | TRANSFER_DST | SAMPLED | STORAGE | COLOR_ATTACHMENT | INPUT_ATTACHMENT
NSDIAG gbuffer target target_id=1879048212 exists=true recreate=false colors=3 depth=true extent=1280x720
NSDIAG deferred-target label='deferred_lighting' gbuffer_target=1879048212 lit_target=1879048196 lit_initialized_before=false
NSDIAG vkCreateSwapchainKHR format=B8G8R8A8_SRGB usage=TRANSFER_SRC | TRANSFER_DST | COLOR_ATTACHMENT bits=0x13 supported=TRANSFER_SRC | TRANSFER_DST | SAMPLED | STORAGE | COLOR_ATTACHMENT | INPUT_ATTACHMENT
NSDIAG gbuffer target target_id=1879048212 exists=true recreate=false colors=3 depth=true extent=1280x720
NSDIAG deferred-target label='deferred_lighting' gbuffer_target=1879048212 lit_target=1879048196 lit_initialized_before=false
NSDIAG vkCreateSwapchainKHR format=B8G8R8A8_SRGB usage=TRANSFER_SRC | TRANSFER_DST | COLOR_ATTACHMENT bits=0x13 supported=TRANSFER_SRC | TRANSFER_DST | SAMPLED | STORAGE | COLOR_ATTACHMENT | INPUT_ATTACHMENT
NSDIAG gbuffer target target_id=1879048212 exists=true recreate=false colors=3 depth=true extent=1280x720
NSDIAG deferred-target label='deferred_lighting' gbuffer_target=1879048212 lit_target=1879048196 lit_initialized_before=false
NSDIAG vkCreateSwapchainKHR format=B8G8R8A8_SRGB usage=TRANSFER_SRC | TRANSFER_DST | COLOR_ATTACHMENT bits=0x13 supported=TRANSFER_SRC | TRANSFER_DST | SAMPLED | STORAGE | COLOR_ATTACHMENT | INPUT_ATTACHMENT
NSDIAG gbuffer target target_id=1879048212 exists=true recreate=false colors=3 depth=true extent=1280x720
NSDIAG deferred-target label='deferred_lighting' gbuffer_target=1879048212 lit_target=1879048196 lit_initialized_before=false
NSDIAG vkCreateSwapchainKHR format=B8G8R8A8_SRGB usage=TRANSFER_SRC | TRANSFER_DST | COLOR_ATTACHMENT bits=0x13 supported=TRANSFER_SRC | TRANSFER_DST | SAMPLED | STORAGE | COLOR_ATTACHMENT | INPUT_ATTACHMENT
NSDIAG gbuffer target target_id=1879048212 exists=true recreate=false colors=3 depth=true extent=1280x720
NSDIAG deferred-target label='deferred_lighting' gbuffer_target=1879048212 lit_target=1879048196 lit_initialized_before=false
NSDIAG vkCreateSwapchainKHR format=B8G8R8A8_SRGB usage=TRANSFER_SRC | TRANSFER_DST | COLOR_ATTACHMENT bits=0x13 supported=TRANSFER_SRC | TRANSFER_DST | SAMPLED | STORAGE | COLOR_ATTACHMENT | INPUT_ATTACHMENT
NSDIAG gbuffer target target_id=1879048212 exists=true recreate=false colors=3 depth=true extent=1280x720
NSDIAG deferred-target label='deferred_lighting' gbuffer_target=1879048212 lit_target=1879048196 lit_initialized_before=false
NSDIAG vkCreateSwapchainKHR format=B8G8R8A8_SRGB usage=TRANSFER_SRC | TRANSFER_DST | COLOR_ATTACHMENT bits=0x13 supported=TRANSFER_SRC | TRANSFER_DST | SAMPLED | STORAGE | COLOR_ATTACHMENT | INPUT_ATTACHMENT
NSDIAG gbuffer target target_id=1879048212 exists=true recreate=false colors=3 depth=true extent=1280x720
NSDIAG deferred-target label='deferred_lighting' gbuffer_target=1879048212 lit_target=1879048196 lit_initialized_before=false
NSDIAG vkCreateSwapchainKHR format=B8G8R8A8_SRGB usage=TRANSFER_SRC | TRANSFER_DST | COLOR_ATTACHMENT bits=0x13 supported=TRANSFER_SRC | TRANSFER_DST | SAMPLED | STORAGE | COLOR_ATTACHMENT | INPUT_ATTACHMENT
NSDIAG gbuffer target target_id=1879048212 exists=true recreate=false colors=3 depth=true extent=1280x720
NSDIAG deferred-target label='deferred_lighting' gbuffer_target=1879048212 lit_target=1879048196 lit_initialized_before=false
NSDIAG vkCreateSwapchainKHR format=B8G8R8A8_SRGB usage=TRANSFER_SRC | TRANSFER_DST | COLOR_ATTACHMENT bits=0x13 supported=TRANSFER_SRC | TRANSFER_DST | SAMPLED | STORAGE | COLOR_ATTACHMENT | INPUT_ATTACHMENT
NSDIAG gbuffer target target_id=1879048212 exists=true recreate=false colors=3 depth=true extent=1280x720
NSDIAG deferred-target label='deferred_lighting' gbuffer_target=1879048212 lit_target=1879048196 lit_initialized_before=false
NSDIAG vkCreateSwapchainKHR format=B8G8R8A8_SRGB usage=TRANSFER_SRC | TRANSFER_DST | COLOR_ATTACHMENT bits=0x13 supported=TRANSFER_SRC | TRANSFER_DST | SAMPLED | STORAGE | COLOR_ATTACHMENT | INPUT_ATTACHMENT
NSDIAG gbuffer target target_id=1879048212 exists=true recreate=false colors=3 depth=true extent=1280x720
NSDIAG deferred-target label='deferred_lighting' gbuffer_target=1879048212 lit_target=1879048196 lit_initialized_before=false
NSDIAG vkCreateSwapchainKHR format=B8G8R8A8_SRGB usage=TRANSFER_SRC | TRANSFER_DST | COLOR_ATTACHMENT bits=0x13 supported=TRANSFER_SRC | TRANSFER_DST | SAMPLED | STORAGE | COLOR_ATTACHMENT | INPUT_ATTACHMENT
NSDIAG gbuffer target target_id=1879048212 exists=true recreate=false colors=3 depth=true extent=1280x720
NSDIAG deferred-target label='deferred_lighting' gbuffer_target=1879048212 lit_target=1879048196 lit_initialized_before=false
NSDIAG vkCreateSwapchainKHR format=B8G8R8A8_SRGB usage=TRANSFER_SRC | TRANSFER_DST | COLOR_ATTACHMENT bits=0x13 supported=TRANSFER_SRC | TRANSFER_DST | SAMPLED | STORAGE | COLOR_ATTACHMENT | INPUT_ATTACHMENT
NSDIAG gbuffer target target_id=1879048212 exists=true recreate=false colors=3 depth=true extent=1280x720
NSDIAG deferred-target label='deferred_lighting' gbuffer_target=1879048212 lit_target=1879048196 lit_initialized_before=false
NSDIAG vkCreateSwapchainKHR format=B8G8R8A8_SRGB usage=TRANSFER_SRC | TRANSFER_DST | COLOR_ATTACHMENT bits=0x13 supported=TRANSFER_SRC | TRANSFER_DST | SAMPLED | STORAGE | COLOR_ATTACHMENT | INPUT_ATTACHMENT
NSDIAG gbuffer target target_id=1879048212 exists=true recreate=false colors=3 depth=true extent=1280x720
NSDIAG deferred-target label='deferred_lighting' gbuffer_target=1879048212 lit_target=1879048196 lit_initialized_before=false
NSDIAG vkCreateSwapchainKHR format=B8G8R8A8_SRGB usage=TRANSFER_SRC | TRANSFER_DST | COLOR_ATTACHMENT bits=0x13 supported=TRANSFER_SRC | TRANSFER_DST | SAMPLED | STORAGE | COLOR_ATTACHMENT | INPUT_ATTACHMENT
NSDIAG gbuffer target target_id=1879048212 exists=true recreate=false colors=3 depth=true extent=1280x720
NSDIAG deferred-target label='deferred_lighting' gbuffer_target=1879048212 lit_target=1879048196 lit_initialized_before=false
NSDIAG vkCreateSwapchainKHR format=B8G8R8A8_SRGB usage=TRANSFER_SRC | TRANSFER_DST | COLOR_ATTACHMENT bits=0x13 supported=TRANSFER_SRC | TRANSFER_DST | SAMPLED | STORAGE | COLOR_ATTACHMENT | INPUT_ATTACHMENT
NSDIAG gbuffer target target_id=1879048212 exists=true recreate=false colors=3 depth=true extent=1280x720
NSDIAG deferred-target label='deferred_lighting' gbuffer_target=1879048212 lit_target=1879048196 lit_initialized_before=false
NSDIAG vkCreateSwapchainKHR format=B8G8R8A8_SRGB usage=TRANSFER_SRC | TRANSFER_DST | COLOR_ATTACHMENT bits=0x13 supported=TRANSFER_SRC | TRANSFER_DST | SAMPLED | STORAGE | COLOR_ATTACHMENT | INPUT_ATTACHMENT
NSDIAG gbuffer target target_id=1879048212 exists=true recreate=false colors=3 depth=true extent=1280x720
NSDIAG deferred-target label='deferred_lighting' gbuffer_target=1879048212 lit_target=1879048196 lit_initialized_before=false
NSDIAG vkCreateSwapchainKHR format=B8G8R8A8_SRGB usage=TRANSFER_SRC | TRANSFER_DST | COLOR_ATTACHMENT bits=0x13 supported=TRANSFER_SRC | TRANSFER_DST | SAMPLED | STORAGE | COLOR_ATTACHMENT | INPUT_ATTACHMENT
NSDIAG gbuffer target target_id=1879048212 exists=true recreate=false colors=3 depth=true extent=1280x720
NSDIAG deferred-target label='deferred_lighting' gbuffer_target=1879048212 lit_target=1879048196 lit_initialized_before=false
NSDIAG vkCreateSwapchainKHR format=B8G8R8A8_SRGB usage=TRANSFER_SRC | TRANSFER_DST | COLOR_ATTACHMENT bits=0x13 supported=TRANSFER_SRC | TRANSFER_DST | SAMPLED | STORAGE | COLOR_ATTACHMENT | INPUT_ATTACHMENT
NSDIAG gbuffer target target_id=1879048212 exists=true recreate=false colors=3 depth=true extent=1280x720
NSDIAG graph-pass begin frame=210 id=120 label='shadow_cascade_map' kind=ShadowCascadeMap queue=Graphics draws=164
NSDIAG graph-pass end frame=210 id=120 label='shadow_cascade_map' kind=ShadowCascadeMap ok=true
NSDIAG graph-pass begin frame=210 id=560 label='particle_simulation' kind=ParticleSimulation queue=Compute draws=0
NSDIAG graph-pass end frame=210 id=560 label='particle_simulation' kind=ParticleSimulation ok=true
NSDIAG graph-pass begin frame=210 id=300 label='viewport_gbuffer' kind=GBuffer queue=Graphics draws=16
NSDIAG graph-pass end frame=210 id=300 label='viewport_gbuffer' kind=GBuffer ok=true
NSDIAG graph-pass begin frame=210 id=400 label='deferred_lighting' kind=DeferredLighting queue=Graphics draws=0
NSDIAG deferred-target label='deferred_lighting' gbuffer_target=1879048212 lit_target=1879048196 lit_initialized_before=false
NSDIAG graph-pass end frame=210 id=400 label='deferred_lighting' kind=DeferredLighting ok=false
NSDIAG vkCreateSwapchainKHR format=B8G8R8A8_SRGB usage=TRANSFER_SRC | TRANSFER_DST | COLOR_ATTACHMENT bits=0x13 supported=TRANSFER_SRC | TRANSFER_DST | SAMPLED | STORAGE | COLOR_ATTACHMENT | INPUT_ATTACHMENT
NSDIAG gbuffer target target_id=1879048212 exists=true recreate=false colors=3 depth=true extent=1280x720
NSDIAG deferred-target label='deferred_lighting' gbuffer_target=1879048212 lit_target=1879048196 lit_initialized_before=false
NSDIAG vkCreateSwapchainKHR format=B8G8R8A8_SRGB usage=TRANSFER_SRC | TRANSFER_DST | COLOR_ATTACHMENT bits=0x13 supported=TRANSFER_SRC | TRANSFER_DST | SAMPLED | STORAGE | COLOR_ATTACHMENT | INPUT_ATTACHMENT
NSDIAG gbuffer target target_id=1879048212 exists=true recreate=false colors=3 depth=true extent=1280x720
NSDIAG deferred-target label='deferred_lighting' gbuffer_target=1879048212 lit_target=1879048196 lit_initialized_before=false
NSDIAG vkCreateSwapchainKHR format=B8G8R8A8_SRGB usage=TRANSFER_SRC | TRANSFER_DST | COLOR_ATTACHMENT bits=0x13 supported=TRANSFER_SRC | TRANSFER_DST | SAMPLED | STORAGE | COLOR_ATTACHMENT | INPUT_ATTACHMENT
NSDIAG gbuffer target target_id=1879048212 exists=true recreate=false colors=3 depth=true extent=1280x720
NSDIAG deferred-target label='deferred_lighting' gbuffer_target=1879048212 lit_target=1879048196 lit_initialized_before=false
NSDIAG vkCreateSwapchainKHR format=B8G8R8A8_SRGB usage=TRANSFER_SRC | TRANSFER_DST | COLOR_ATTACHMENT bits=0x13 supported=TRANSFER_SRC | TRANSFER_DST | SAMPLED | STORAGE | COLOR_ATTACHMENT | INPUT_ATTACHMENT
NSDIAG gbuffer target target_id=1879048212 exists=true recreate=false colors=3 depth=true extent=1280x720
NSDIAG deferred-target label='deferred_lighting' gbuffer_target=1879048212 lit_target=1879048196 lit_initialized_before=false
NSDIAG vkCreateSwapchainKHR format=B8G8R8A8_SRGB usage=TRANSFER_SRC | TRANSFER_DST | COLOR_ATTACHMENT bits=0x13 supported=TRANSFER_SRC | TRANSFER_DST | SAMPLED | STORAGE | COLOR_ATTACHMENT | INPUT_ATTACHMENT
NSDIAG gbuffer target target_id=1879048212 exists=true recreate=false colors=3 depth=true extent=1280x720
NSDIAG deferred-target label='deferred_lighting' gbuffer_target=1879048212 lit_target=1879048196 lit_initialized_before=false
NSDIAG vkCreateSwapchainKHR format=B8G8R8A8_SRGB usage=TRANSFER_SRC | TRANSFER_DST | COLOR_ATTACHMENT bits=0x13 supported=TRANSFER_SRC | TRANSFER_DST | SAMPLED | STORAGE | COLOR_ATTACHMENT | INPUT_ATTACHMENT
NSDIAG gbuffer target target_id=1879048212 exists=true recreate=false colors=3 depth=true extent=1280x720
NSDIAG deferred-target label='deferred_lighting' gbuffer_target=1879048212 lit_target=1879048196 lit_initialized_before=false
NSDIAG vkCreateSwapchainKHR format=B8G8R8A8_SRGB usage=TRANSFER_SRC | TRANSFER_DST | COLOR_ATTACHMENT bits=0x13 supported=TRANSFER_SRC | TRANSFER_DST | SAMPLED | STORAGE | COLOR_ATTACHMENT | INPUT_ATTACHMENT
NSDIAG gbuffer target target_id=1879048212 exists=true recreate=false colors=3 depth=true extent=1280x720
NSDIAG deferred-target label='deferred_lighting' gbuffer_target=1879048212 lit_target=1879048196 lit_initialized_before=false
NSDIAG vkCreateSwapchainKHR format=B8G8R8A8_SRGB usage=TRANSFER_SRC | TRANSFER_DST | COLOR_ATTACHMENT bits=0x13 supported=TRANSFER_SRC | TRANSFER_DST | SAMPLED | STORAGE | COLOR_ATTACHMENT | INPUT_ATTACHMENT
NSDIAG gbuffer target target_id=1879048212 exists=true recreate=false colors=3 depth=true extent=1280x720
NSDIAG deferred-target label='deferred_lighting' gbuffer_target=1879048212 lit_target=1879048196 lit_initialized_before=false
NSDIAG vkCreateSwapchainKHR format=B8G8R8A8_SRGB usage=TRANSFER_SRC | TRANSFER_DST | COLOR_ATTACHMENT bits=0x13 supported=TRANSFER_SRC | TRANSFER_DST | SAMPLED | STORAGE | COLOR_ATTACHMENT | INPUT_ATTACHMENT
NSDIAG gbuffer target target_id=1879048212 exists=true recreate=false colors=3 depth=true extent=1280x720
NSDIAG deferred-target label='deferred_lighting' gbuffer_target=1879048212 lit_target=1879048196 lit_initialized_before=false
NSDIAG vkCreateSwapchainKHR format=B8G8R8A8_SRGB usage=TRANSFER_SRC | TRANSFER_DST | COLOR_ATTACHMENT bits=0x13 supported=TRANSFER_SRC | TRANSFER_DST | SAMPLED | STORAGE | COLOR_ATTACHMENT | INPUT_ATTACHMENT
NSDIAG gbuffer target target_id=1879048212 exists=true recreate=false colors=3 depth=true extent=1280x720
NSDIAG deferred-target label='deferred_lighting' gbuffer_target=1879048212 lit_target=1879048196 lit_initialized_before=false
NSDIAG vkCreateSwapchainKHR format=B8G8R8A8_SRGB usage=TRANSFER_SRC | TRANSFER_DST | COLOR_ATTACHMENT bits=0x13 supported=TRANSFER_SRC | TRANSFER_DST | SAMPLED | STORAGE | COLOR_ATTACHMENT | INPUT_ATTACHMENT
NSDIAG gbuffer target target_id=1879048212 exists=true recreate=false colors=3 depth=true extent=1280x720
NSDIAG deferred-target label='deferred_lighting' gbuffer_target=1879048212 lit_target=1879048196 lit_initialized_before=false
NSDIAG vkCreateSwapchainKHR format=B8G8R8A8_SRGB usage=TRANSFER_SRC | TRANSFER_DST | COLOR_ATTACHMENT bits=0x13 supported=TRANSFER_SRC | TRANSFER_DST | SAMPLED | STORAGE | COLOR_ATTACHMENT | INPUT_ATTACHMENT
NSDIAG gbuffer target target_id=1879048212 exists=true recreate=false colors=3 depth=true extent=1280x720
NSDIAG deferred-target label='deferred_lighting' gbuffer_target=1879048212 lit_target=1879048196 lit_initialized_before=false
NSDIAG vkCreateSwapchainKHR format=B8G8R8A8_SRGB usage=TRANSFER_SRC | TRANSFER_DST | COLOR_ATTACHMENT bits=0x13 supported=TRANSFER_SRC | TRANSFER_DST | SAMPLED | STORAGE | COLOR_ATTACHMENT | INPUT_ATTACHMENT
NSDIAG gbuffer target target_id=1879048212 exists=true recreate=false colors=3 depth=true extent=1280x720
NSDIAG deferred-target label='deferred_lighting' gbuffer_target=1879048212 lit_target=1879048196 lit_initialized_before=false
NSDIAG vkCreateSwapchainKHR format=B8G8R8A8_SRGB usage=TRANSFER_SRC | TRANSFER_DST | COLOR_ATTACHMENT bits=0x13 supported=TRANSFER_SRC | TRANSFER_DST | SAMPLED | STORAGE | COLOR_ATTACHMENT | INPUT_ATTACHMENT
NSDIAG gbuffer target target_id=1879048212 exists=true recreate=false colors=3 depth=true extent=1280x720
NSDIAG deferred-target label='deferred_lighting' gbuffer_target=1879048212 lit_target=1879048196 lit_initialized_before=false
NSDIAG vkCreateSwapchainKHR format=B8G8R8A8_SRGB usage=TRANSFER_SRC | TRANSFER_DST | COLOR_ATTACHMENT bits=0x13 supported=TRANSFER_SRC | TRANSFER_DST | SAMPLED | STORAGE | COLOR_ATTACHMENT | INPUT_ATTACHMENT
NSDIAG gbuffer target target_id=1879048212 exists=true recreate=false colors=3 depth=true extent=1280x720
NSDIAG deferred-target label='deferred_lighting' gbuffer_target=1879048212 lit_target=1879048196 lit_initialized_before=false
NSDIAG vkCreateSwapchainKHR format=B8G8R8A8_SRGB usage=TRANSFER_SRC | TRANSFER_DST | COLOR_ATTACHMENT bits=0x13 supported=TRANSFER_SRC | TRANSFER_DST | SAMPLED | STORAGE | COLOR_ATTACHMENT | INPUT_ATTACHMENT
NSDIAG gbuffer target target_id=1879048212 exists=true recreate=false colors=3 depth=true extent=1280x720
NSDIAG deferred-target label='deferred_lighting' gbuffer_target=1879048212 lit_target=1879048196 lit_initialized_before=false
NSDIAG vkCreateSwapchainKHR format=B8G8R8A8_SRGB usage=TRANSFER_SRC | TRANSFER_DST | COLOR_ATTACHMENT bits=0x13 supported=TRANSFER_SRC | TRANSFER_DST | SAMPLED | STORAGE | COLOR_ATTACHMENT | INPUT_ATTACHMENT
NSDIAG gbuffer target target_id=1879048212 exists=true recreate=false colors=3 depth=true extent=1280x720
NSDIAG deferred-target label='deferred_lighting' gbuffer_target=1879048212 lit_target=1879048196 lit_initialized_before=false
NSDIAG vkCreateSwapchainKHR format=B8G8R8A8_SRGB usage=TRANSFER_SRC | TRANSFER_DST | COLOR_ATTACHMENT bits=0x13 supported=TRANSFER_SRC | TRANSFER_DST | SAMPLED | STORAGE | COLOR_ATTACHMENT | INPUT_ATTACHMENT
NSDIAG gbuffer target target_id=1879048212 exists=true recreate=false colors=3 depth=true extent=1280x720
NSDIAG deferred-target label='deferred_lighting' gbuffer_target=1879048212 lit_target=1879048196 lit_initialized_before=false
NSDIAG vkCreateSwapchainKHR format=B8G8R8A8_SRGB usage=TRANSFER_SRC | TRANSFER_DST | COLOR_ATTACHMENT bits=0x13 supported=TRANSFER_SRC | TRANSFER_DST | SAMPLED | STORAGE | COLOR_ATTACHMENT | INPUT_ATTACHMENT
NSDIAG gbuffer target target_id=1879048212 exists=true recreate=false colors=3 depth=true extent=1280x720
NSDIAG deferred-target label='deferred_lighting' gbuffer_target=1879048212 lit_target=1879048196 lit_initialized_before=false
NSDIAG vkCreateSwapchainKHR format=B8G8R8A8_SRGB usage=TRANSFER_SRC | TRANSFER_DST | COLOR_ATTACHMENT bits=0x13 supported=TRANSFER_SRC | TRANSFER_DST | SAMPLED | STORAGE | COLOR_ATTACHMENT | INPUT_ATTACHMENT
NSDIAG gbuffer target target_id=1879048212 exists=true recreate=false colors=3 depth=true extent=1280x720
NSDIAG deferred-target label='deferred_lighting' gbuffer_target=1879048212 lit_target=1879048196 lit_initialized_before=false
NSDIAG vkCreateSwapchainKHR format=B8G8R8A8_SRGB usage=TRANSFER_SRC | TRANSFER_DST | COLOR_ATTACHMENT bits=0x13 supported=TRANSFER_SRC | TRANSFER_DST | SAMPLED | STORAGE | COLOR_ATTACHMENT | INPUT_ATTACHMENT
NSDIAG gbuffer target target_id=1879048212 exists=true recreate=false colors=3 depth=true extent=1280x720
NSDIAG deferred-target label='deferred_lighting' gbuffer_target=1879048212 lit_target=1879048196 lit_initialized_before=false
NSDIAG vkCreateSwapchainKHR format=B8G8R8A8_SRGB usage=TRANSFER_SRC | TRANSFER_DST | COLOR_ATTACHMENT bits=0x13 supported=TRANSFER_SRC | TRANSFER_DST | SAMPLED | STORAGE | COLOR_ATTACHMENT | INPUT_ATTACHMENT
NSDIAG gbuffer target target_id=1879048212 exists=true recreate=false colors=3 depth=true extent=1280x720
NSDIAG deferred-target label='deferred_lighting' gbuffer_target=1879048212 lit_target=1879048196 lit_initialized_before=false
NSDIAG vkCreateSwapchainKHR format=B8G8R8A8_SRGB usage=TRANSFER_SRC | TRANSFER_DST | COLOR_ATTACHMENT bits=0x13 supported=TRANSFER_SRC | TRANSFER_DST | SAMPLED | STORAGE | COLOR_ATTACHMENT | INPUT_ATTACHMENT
NSDIAG gbuffer target target_id=1879048212 exists=true recreate=false colors=3 depth=true extent=1280x720
NSDIAG deferred-target label='deferred_lighting' gbuffer_target=1879048212 lit_target=1879048196 lit_initialized_before=false
NSDIAG vkCreateSwapchainKHR format=B8G8R8A8_SRGB usage=TRANSFER_SRC | TRANSFER_DST | COLOR_ATTACHMENT bits=0x13 supported=TRANSFER_SRC | TRANSFER_DST | SAMPLED | STORAGE | COLOR_ATTACHMENT | INPUT_ATTACHMENT
NSDIAG gbuffer target target_id=1879048212 exists=true recreate=false colors=3 depth=true extent=1280x720
NSDIAG deferred-target label='deferred_lighting' gbuffer_target=1879048212 lit_target=1879048196 lit_initialized_before=false
NSDIAG vkCreateSwapchainKHR format=B8G8R8A8_SRGB usage=TRANSFER_SRC | TRANSFER_DST | COLOR_ATTACHMENT bits=0x13 supported=TRANSFER_SRC | TRANSFER_DST | SAMPLED | STORAGE | COLOR_ATTACHMENT | INPUT_ATTACHMENT
NSDIAG gbuffer target target_id=1879048212 exists=true recreate=false colors=3 depth=true extent=1280x720
NSDIAG deferred-target label='deferred_lighting' gbuffer_target=1879048212 lit_target=1879048196 lit_initialized_before=false
NSDIAG vkCreateSwapchainKHR format=B8G8R8A8_SRGB usage=TRANSFER_SRC | TRANSFER_DST | COLOR_ATTACHMENT bits=0x13 supported=TRANSFER_SRC | TRANSFER_DST | SAMPLED | STORAGE | COLOR_ATTACHMENT | INPUT_ATTACHMENT
NSDIAG gbuffer target target_id=1879048212 exists=true recreate=false colors=3 depth=true extent=1280x720
NSDIAG deferred-target label='deferred_lighting' gbuffer_target=1879048212 lit_target=1879048196 lit_initialized_before=false
NSDIAG vkCreateSwapchainKHR format=B8G8R8A8_SRGB usage=TRANSFER_SRC | TRANSFER_DST | COLOR_ATTACHMENT bits=0x13 supported=TRANSFER_SRC | TRANSFER_DST | SAMPLED | STORAGE | COLOR_ATTACHMENT | INPUT_ATTACHMENT
NSDIAG gbuffer target target_id=1879048212 exists=true recreate=false colors=3 depth=true extent=1280x720
NSDIAG deferred-target label='deferred_lighting' gbuffer_target=1879048212 lit_target=1879048196 lit_initialized_before=false
NSDIAG vkCreateSwapchainKHR format=B8G8R8A8_SRGB usage=TRANSFER_SRC | TRANSFER_DST | COLOR_ATTACHMENT bits=0x13 supported=TRANSFER_SRC | TRANSFER_DST | SAMPLED | STORAGE | COLOR_ATTACHMENT | INPUT_ATTACHMENT
NSDIAG gbuffer target target_id=1879048212 exists=true recreate=false colors=3 depth=true extent=1280x720
NSDIAG deferred-target label='deferred_lighting' gbuffer_target=1879048212 lit_target=1879048196 lit_initialized_before=false
NSDIAG vkCreateSwapchainKHR format=B8G8R8A8_SRGB usage=TRANSFER_SRC | TRANSFER_DST | COLOR_ATTACHMENT bits=0x13 supported=TRANSFER_SRC | TRANSFER_DST | SAMPLED | STORAGE | COLOR_ATTACHMENT | INPUT_ATTACHMENT
NSDIAG gbuffer target target_id=1879048212 exists=true recreate=false colors=3 depth=true extent=1280x720
NSDIAG deferred-target label='deferred_lighting' gbuffer_target=1879048212 lit_target=1879048196 lit_initialized_before=false
NSDIAG vkCreateSwapchainKHR format=B8G8R8A8_SRGB usage=TRANSFER_SRC | TRANSFER_DST | COLOR_ATTACHMENT bits=0x13 supported=TRANSFER_SRC | TRANSFER_DST | SAMPLED | STORAGE | COLOR_ATTACHMENT | INPUT_ATTACHMENT
[09:18:00.307] [[1;32mINFO [0m] render.shadow_setup.profile: frame=240 total_ms=0.017 directional_plan_ms=0.007 directional_admission_ms=0.009 local_plan_ms=0.001 local_admission_ms=0.000 finalize_ms=0.000 render_directional=true render_local=false local_views=0
NSDIAG gbuffer target target_id=1879048212 exists=true recreate=false colors=3 depth=true extent=1280x720
NSDIAG graph-pass begin frame=240 id=120 label='shadow_cascade_map' kind=ShadowCascadeMap queue=Graphics draws=164
NSDIAG graph-pass end frame=240 id=120 label='shadow_cascade_map' kind=ShadowCascadeMap ok=true
NSDIAG graph-pass begin frame=240 id=560 label='particle_simulation' kind=ParticleSimulation queue=Compute draws=0
NSDIAG graph-pass end frame=240 id=560 label='particle_simulation' kind=ParticleSimulation ok=true
NSDIAG graph-pass begin frame=240 id=300 label='viewport_gbuffer' kind=GBuffer queue=Graphics draws=16
NSDIAG graph-pass end frame=240 id=300 label='viewport_gbuffer' kind=GBuffer ok=true
NSDIAG graph-pass begin frame=240 id=400 label='deferred_lighting' kind=DeferredLighting queue=Graphics draws=0
NSDIAG deferred-target label='deferred_lighting' gbuffer_target=1879048212 lit_target=1879048196 lit_initialized_before=false
NSDIAG graph-pass end frame=240 id=400 label='deferred_lighting' kind=DeferredLighting ok=false
[09:18:00.313] [[1;36mDEBUG[0m] render controller: material pipeline still pending heartbeat frame=240 waiting_for='renderer.shader_compile_event'
NSDIAG vkCreateSwapchainKHR format=B8G8R8A8_SRGB usage=TRANSFER_SRC | TRANSFER_DST | COLOR_ATTACHMENT bits=0x13 supported=TRANSFER_SRC | TRANSFER_DST | SAMPLED | STORAGE | COLOR_ATTACHMENT | INPUT_ATTACHMENT
NSDIAG gbuffer target target_id=1879048212 exists=true recreate=false colors=3 depth=true extent=1280x720
NSDIAG deferred-target label='deferred_lighting' gbuffer_target=1879048212 lit_target=1879048196 lit_initialized_before=false
NSDIAG vkCreateSwapchainKHR format=B8G8R8A8_SRGB usage=TRANSFER_SRC | TRANSFER_DST | COLOR_ATTACHMENT bits=0x13 supported=TRANSFER_SRC | TRANSFER_DST | SAMPLED | STORAGE | COLOR_ATTACHMENT | INPUT_ATTACHMENT
NSDIAG gbuffer target target_id=1879048212 exists=true recreate=false colors=3 depth=true extent=1280x720
NSDIAG deferred-target label='deferred_lighting' gbuffer_target=1879048212 lit_target=1879048196 lit_initialized_before=false
NSDIAG vkCreateSwapchainKHR format=B8G8R8A8_SRGB usage=TRANSFER_SRC | TRANSFER_DST | COLOR_ATTACHMENT bits=0x13 supported=TRANSFER_SRC | TRANSFER_DST | SAMPLED | STORAGE | COLOR_ATTACHMENT | INPUT_ATTACHMENT
NSDIAG gbuffer target target_id=1879048212 exists=true recreate=false colors=3 depth=true extent=1280x720
NSDIAG deferred-target label='deferred_lighting' gbuffer_target=1879048212 lit_target=1879048196 lit_initialized_before=false
NSDIAG vkCreateSwapchainKHR format=B8G8R8A8_SRGB usage=TRANSFER_SRC | TRANSFER_DST | COLOR_ATTACHMENT bits=0x13 supported=TRANSFER_SRC | TRANSFER_DST | SAMPLED | STORAGE | COLOR_ATTACHMENT | INPUT_ATTACHMENT
NSDIAG gbuffer target target_id=1879048212 exists=true recreate=false colors=3 depth=true extent=1280x720
NSDIAG deferred-target label='deferred_lighting' gbuffer_target=1879048212 lit_target=1879048196 lit_initialized_before=false
NSDIAG vkCreateSwapchainKHR format=B8G8R8A8_SRGB usage=TRANSFER_SRC | TRANSFER_DST | COLOR_ATTACHMENT bits=0x13 supported=TRANSFER_SRC | TRANSFER_DST | SAMPLED | STORAGE | COLOR_ATTACHMENT | INPUT_ATTACHMENT
NSDIAG gbuffer target target_id=1879048212 exists=true recreate=false colors=3 depth=true extent=1280x720
NSDIAG deferred-target label='deferred_lighting' gbuffer_target=1879048212 lit_target=1879048196 lit_initialized_before=false
NSDIAG vkCreateSwapchainKHR format=B8G8R8A8_SRGB usage=TRANSFER_SRC | TRANSFER_DST | COLOR_ATTACHMENT bits=0x13 supported=TRANSFER_SRC | TRANSFER_DST | SAMPLED | STORAGE | COLOR_ATTACHMENT | INPUT_ATTACHMENT
NSDIAG gbuffer target target_id=1879048212 exists=true recreate=false colors=3 depth=true extent=1280x720
NSDIAG deferred-target label='deferred_lighting' gbuffer_target=1879048212 lit_target=1879048196 lit_initialized_before=false
NSDIAG vkCreateSwapchainKHR format=B8G8R8A8_SRGB usage=TRANSFER_SRC | TRANSFER_DST | COLOR_ATTACHMENT bits=0x13 supported=TRANSFER_SRC | TRANSFER_DST | SAMPLED | STORAGE | COLOR_ATTACHMENT | INPUT_ATTACHMENT
NSDIAG gbuffer target target_id=1879048212 exists=true recreate=false colors=3 depth=true extent=1280x720
NSDIAG deferred-target label='deferred_lighting' gbuffer_target=1879048212 lit_target=1879048196 lit_initialized_before=false
NSDIAG vkCreateSwapchainKHR format=B8G8R8A8_SRGB usage=TRANSFER_SRC | TRANSFER_DST | COLOR_ATTACHMENT bits=0x13 supported=TRANSFER_SRC | TRANSFER_DST | SAMPLED | STORAGE | COLOR_ATTACHMENT | INPUT_ATTACHMENT
NSDIAG gbuffer target target_id=1879048212 exists=true recreate=false colors=3 depth=true extent=1280x720
NSDIAG deferred-target label='deferred_lighting' gbuffer_target=1879048212 lit_target=1879048196 lit_initialized_before=false
NSDIAG vkCreateSwapchainKHR format=B8G8R8A8_SRGB usage=TRANSFER_SRC | TRANSFER_DST | COLOR_ATTACHMENT bits=0x13 supported=TRANSFER_SRC | TRANSFER_DST | SAMPLED | STORAGE | COLOR_ATTACHMENT | INPUT_ATTACHMENT
NSDIAG gbuffer target target_id=1879048212 exists=true recreate=false colors=3 depth=true extent=1280x720
NSDIAG deferred-target label='deferred_lighting' gbuffer_target=1879048212 lit_target=1879048196 lit_initialized_before=false
NSDIAG vkCreateSwapchainKHR format=B8G8R8A8_SRGB usage=TRANSFER_SRC | TRANSFER_DST | COLOR_ATTACHMENT bits=0x13 supported=TRANSFER_SRC | TRANSFER_DST | SAMPLED | STORAGE | COLOR_ATTACHMENT | INPUT_ATTACHMENT
NSDIAG gbuffer target target_id=1879048212 exists=true recreate=false colors=3 depth=true extent=1280x720
NSDIAG deferred-target label='deferred_lighting' gbuffer_target=1879048212 lit_target=1879048196 lit_initialized_before=false
NSDIAG vkCreateSwapchainKHR format=B8G8R8A8_SRGB usage=TRANSFER_SRC | TRANSFER_DST | COLOR_ATTACHMENT bits=0x13 supported=TRANSFER_SRC | TRANSFER_DST | SAMPLED | STORAGE | COLOR_ATTACHMENT | INPUT_ATTACHMENT
NSDIAG gbuffer target target_id=1879048212 exists=true recreate=false colors=3 depth=true extent=1280x720
NSDIAG deferred-target label='deferred_lighting' gbuffer_target=1879048212 lit_target=1879048196 lit_initialized_before=false
NSDIAG vkCreateSwapchainKHR format=B8G8R8A8_SRGB usage=TRANSFER_SRC | TRANSFER_DST | COLOR_ATTACHMENT bits=0x13 supported=TRANSFER_SRC | TRANSFER_DST | SAMPLED | STORAGE | COLOR_ATTACHMENT | INPUT_ATTACHMENT
NSDIAG gbuffer target target_id=1879048212 exists=true recreate=false colors=3 depth=true extent=1280x720
NSDIAG deferred-target label='deferred_lighting' gbuffer_target=1879048212 lit_target=1879048196 lit_initialized_before=false
NSDIAG vkCreateSwapchainKHR format=B8G8R8A8_SRGB usage=TRANSFER_SRC | TRANSFER_DST | COLOR_ATTACHMENT bits=0x13 supported=TRANSFER_SRC | TRANSFER_DST | SAMPLED | STORAGE | COLOR_ATTACHMENT | INPUT_ATTACHMENT
NSDIAG gbuffer target target_id=1879048212 exists=true recreate=false colors=3 depth=true extent=1280x720
NSDIAG deferred-target label='deferred_lighting' gbuffer_target=1879048212 lit_target=1879048196 lit_initialized_before=false
NSDIAG vkCreateSwapchainKHR format=B8G8R8A8_SRGB usage=TRANSFER_SRC | TRANSFER_DST | COLOR_ATTACHMENT bits=0x13 supported=TRANSFER_SRC | TRANSFER_DST | SAMPLED | STORAGE | COLOR_ATTACHMENT | INPUT_ATTACHMENT
NSDIAG gbuffer target target_id=1879048212 exists=true recreate=false colors=3 depth=true extent=1280x720
NSDIAG deferred-target label='deferred_lighting' gbuffer_target=1879048212 lit_target=1879048196 lit_initialized_before=false
NSDIAG vkCreateSwapchainKHR format=B8G8R8A8_SRGB usage=TRANSFER_SRC | TRANSFER_DST | COLOR_ATTACHMENT bits=0x13 supported=TRANSFER_SRC | TRANSFER_DST | SAMPLED | STORAGE | COLOR_ATTACHMENT | INPUT_ATTACHMENT
NSDIAG gbuffer target target_id=1879048212 exists=true recreate=false colors=3 depth=true extent=1280x720
NSDIAG deferred-target label='deferred_lighting' gbuffer_target=1879048212 lit_target=1879048196 lit_initialized_before=false
NSDIAG vkCreateSwapchainKHR format=B8G8R8A8_SRGB usage=TRANSFER_SRC | TRANSFER_DST | COLOR_ATTACHMENT bits=0x13 supported=TRANSFER_SRC | TRANSFER_DST | SAMPLED | STORAGE | COLOR_ATTACHMENT | INPUT_ATTACHMENT
NSDIAG gbuffer target target_id=1879048212 exists=true recreate=false colors=3 depth=true extent=1280x720
NSDIAG deferred-target label='deferred_lighting' gbuffer_target=1879048212 lit_target=1879048196 lit_initialized_before=false
NSDIAG vkCreateSwapchainKHR format=B8G8R8A8_SRGB usage=TRANSFER_SRC | TRANSFER_DST | COLOR_ATTACHMENT bits=0x13 supported=TRANSFER_SRC | TRANSFER_DST | SAMPLED | STORAGE | COLOR_ATTACHMENT | INPUT_ATTACHMENT
NSDIAG gbuffer target target_id=1879048212 exists=true recreate=false colors=3 depth=true extent=1280x720
NSDIAG deferred-target label='deferred_lighting' gbuffer_target=1879048212 lit_target=1879048196 lit_initialized_before=false
NSDIAG vkCreateSwapchainKHR format=B8G8R8A8_SRGB usage=TRANSFER_SRC | TRANSFER_DST | COLOR_ATTACHMENT bits=0x13 supported=TRANSFER_SRC | TRANSFER_DST | SAMPLED | STORAGE | COLOR_ATTACHMENT | INPUT_ATTACHMENT
NSDIAG gbuffer target target_id=1879048212 exists=true recreate=false colors=3 depth=true extent=1280x720
NSDIAG deferred-target label='deferred_lighting' gbuffer_target=1879048212 lit_target=1879048196 lit_initialized_before=false
NSDIAG vkCreateSwapchainKHR format=B8G8R8A8_SRGB usage=TRANSFER_SRC | TRANSFER_DST | COLOR_ATTACHMENT bits=0x13 supported=TRANSFER_SRC | TRANSFER_DST | SAMPLED | STORAGE | COLOR_ATTACHMENT | INPUT_ATTACHMENT
NSDIAG gbuffer target target_id=1879048212 exists=true recreate=false colors=3 depth=true extent=1280x720
NSDIAG deferred-target label='deferred_lighting' gbuffer_target=1879048212 lit_target=1879048196 lit_initialized_before=false
NSDIAG vkCreateSwapchainKHR format=B8G8R8A8_SRGB usage=TRANSFER_SRC | TRANSFER_DST | COLOR_ATTACHMENT bits=0x13 supported=TRANSFER_SRC | TRANSFER_DST | SAMPLED | STORAGE | COLOR_ATTACHMENT | INPUT_ATTACHMENT
NSDIAG gbuffer target target_id=1879048212 exists=true recreate=false colors=3 depth=true extent=1280x720
NSDIAG deferred-target label='deferred_lighting' gbuffer_target=1879048212 lit_target=1879048196 lit_initialized_before=false
NSDIAG vkCreateSwapchainKHR format=B8G8R8A8_SRGB usage=TRANSFER_SRC | TRANSFER_DST | COLOR_ATTACHMENT bits=0x13 supported=TRANSFER_SRC | TRANSFER_DST | SAMPLED | STORAGE | COLOR_ATTACHMENT | INPUT_ATTACHMENT
NSDIAG gbuffer target target_id=1879048212 exists=true recreate=false colors=3 depth=true extent=1280x720
NSDIAG deferred-target label='deferred_lighting' gbuffer_target=1879048212 lit_target=1879048196 lit_initialized_before=false
NSDIAG vkCreateSwapchainKHR format=B8G8R8A8_SRGB usage=TRANSFER_SRC | TRANSFER_DST | COLOR_ATTACHMENT bits=0x13 supported=TRANSFER_SRC | TRANSFER_DST | SAMPLED | STORAGE | COLOR_ATTACHMENT | INPUT_ATTACHMENT
NSDIAG gbuffer target target_id=1879048212 exists=true recreate=false colors=3 depth=true extent=1280x720
NSDIAG deferred-target label='deferred_lighting' gbuffer_target=1879048212 lit_target=1879048196 lit_initialized_before=false
NSDIAG vkCreateSwapchainKHR format=B8G8R8A8_SRGB usage=TRANSFER_SRC | TRANSFER_DST | COLOR_ATTACHMENT bits=0x13 supported=TRANSFER_SRC | TRANSFER_DST | SAMPLED | STORAGE | COLOR_ATTACHMENT | INPUT_ATTACHMENT
NSDIAG gbuffer target target_id=1879048212 exists=true recreate=false colors=3 depth=true extent=1280x720
NSDIAG deferred-target label='deferred_lighting' gbuffer_target=1879048212 lit_target=1879048196 lit_initialized_before=false
NSDIAG vkCreateSwapchainKHR format=B8G8R8A8_SRGB usage=TRANSFER_SRC | TRANSFER_DST | COLOR_ATTACHMENT bits=0x13 supported=TRANSFER_SRC | TRANSFER_DST | SAMPLED | STORAGE | COLOR_ATTACHMENT | INPUT_ATTACHMENT
NSDIAG gbuffer target target_id=1879048212 exists=true recreate=false colors=3 depth=true extent=1280x720
NSDIAG deferred-target label='deferred_lighting' gbuffer_target=1879048212 lit_target=1879048196 lit_initialized_before=false
NSDIAG vkCreateSwapchainKHR format=B8G8R8A8_SRGB usage=TRANSFER_SRC | TRANSFER_DST | COLOR_ATTACHMENT bits=0x13 supported=TRANSFER_SRC | TRANSFER_DST | SAMPLED | STORAGE | COLOR_ATTACHMENT | INPUT_ATTACHMENT
NSDIAG gbuffer target target_id=1879048212 exists=true recreate=false colors=3 depth=true extent=1280x720
NSDIAG deferred-target label='deferred_lighting' gbuffer_target=1879048212 lit_target=1879048196 lit_initialized_before=false
NSDIAG vkCreateSwapchainKHR format=B8G8R8A8_SRGB usage=TRANSFER_SRC | TRANSFER_DST | COLOR_ATTACHMENT bits=0x13 supported=TRANSFER_SRC | TRANSFER_DST | SAMPLED | STORAGE | COLOR_ATTACHMENT | INPUT_ATTACHMENT
NSDIAG gbuffer target target_id=1879048212 exists=true recreate=false colors=3 depth=true extent=1280x720
NSDIAG deferred-target label='deferred_lighting' gbuffer_target=1879048212 lit_target=1879048196 lit_initialized_before=false
NSDIAG vkCreateSwapchainKHR format=B8G8R8A8_SRGB usage=TRANSFER_SRC | TRANSFER_DST | COLOR_ATTACHMENT bits=0x13 supported=TRANSFER_SRC | TRANSFER_DST | SAMPLED | STORAGE | COLOR_ATTACHMENT | INPUT_ATTACHMENT
NSDIAG gbuffer target target_id=1879048212 exists=true recreate=false colors=3 depth=true extent=1280x720
NSDIAG deferred-target label='deferred_lighting' gbuffer_target=1879048212 lit_target=1879048196 lit_initialized_before=false
NSDIAG vkCreateSwapchainKHR format=B8G8R8A8_SRGB usage=TRANSFER_SRC | TRANSFER_DST | COLOR_ATTACHMENT bits=0x13 supported=TRANSFER_SRC | TRANSFER_DST | SAMPLED | STORAGE | COLOR_ATTACHMENT | INPUT_ATTACHMENT
NSDIAG gbuffer target target_id=1879048212 exists=true recreate=false colors=3 depth=true extent=1280x720
NSDIAG deferred-target label='deferred_lighting' gbuffer_target=1879048212 lit_target=1879048196 lit_initialized_before=false
NSDIAG vkCreateSwapchainKHR format=B8G8R8A8_SRGB usage=TRANSFER_SRC | TRANSFER_DST | COLOR_ATTACHMENT bits=0x13 supported=TRANSFER_SRC | TRANSFER_DST | SAMPLED | STORAGE | COLOR_ATTACHMENT | INPUT_ATTACHMENT
NSDIAG gbuffer target target_id=1879048212 exists=true recreate=false colors=3 depth=true extent=1280x720
NSDIAG deferred-target label='deferred_lighting' gbuffer_target=1879048212 lit_target=1879048196 lit_initialized_before=false
NSDIAG vkCreateSwapchainKHR format=B8G8R8A8_SRGB usage=TRANSFER_SRC | TRANSFER_DST | COLOR_ATTACHMENT bits=0x13 supported=TRANSFER_SRC | TRANSFER_DST | SAMPLED | STORAGE | COLOR_ATTACHMENT | INPUT_ATTACHMENT
NSDIAG gbuffer target target_id=1879048212 exists=true recreate=false colors=3 depth=true extent=1280x720
NSDIAG graph-pass begin frame=270 id=120 label='shadow_cascade_map' kind=ShadowCascadeMap queue=Graphics draws=164
NSDIAG graph-pass end frame=270 id=120 label='shadow_cascade_map' kind=ShadowCascadeMap ok=true
NSDIAG graph-pass begin frame=270 id=560 label='particle_simulation' kind=ParticleSimulation queue=Compute draws=0
NSDIAG graph-pass end frame=270 id=560 label='particle_simulation' kind=ParticleSimulation ok=true
NSDIAG graph-pass begin frame=270 id=300 label='viewport_gbuffer' kind=GBuffer queue=Graphics draws=16
NSDIAG graph-pass end frame=270 id=300 label='viewport_gbuffer' kind=GBuffer ok=true
NSDIAG graph-pass begin frame=270 id=400 label='deferred_lighting' kind=DeferredLighting queue=Graphics draws=0
NSDIAG deferred-target label='deferred_lighting' gbuffer_target=1879048212 lit_target=1879048196 lit_initialized_before=false
NSDIAG graph-pass end frame=270 id=400 label='deferred_lighting' kind=DeferredLighting ok=false
NSDIAG vkCreateSwapchainKHR format=B8G8R8A8_SRGB usage=TRANSFER_SRC | TRANSFER_DST | COLOR_ATTACHMENT bits=0x13 supported=TRANSFER_SRC | TRANSFER_DST | SAMPLED | STORAGE | COLOR_ATTACHMENT | INPUT_ATTACHMENT
NSDIAG gbuffer target target_id=1879048212 exists=true recreate=false colors=3 depth=true extent=1280x720
NSDIAG deferred-target label='deferred_lighting' gbuffer_target=1879048212 lit_target=1879048196 lit_initialized_before=false
NSDIAG vkCreateSwapchainKHR format=B8G8R8A8_SRGB usage=TRANSFER_SRC | TRANSFER_DST | COLOR_ATTACHMENT bits=0x13 supported=TRANSFER_SRC | TRANSFER_DST | SAMPLED | STORAGE | COLOR_ATTACHMENT | INPUT_ATTACHMENT
NSDIAG gbuffer target target_id=1879048212 exists=true recreate=false colors=3 depth=true extent=1280x720
NSDIAG deferred-target label='deferred_lighting' gbuffer_target=1879048212 lit_target=1879048196 lit_initialized_before=false
NSDIAG vkCreateSwapchainKHR format=B8G8R8A8_SRGB usage=TRANSFER_SRC | TRANSFER_DST | COLOR_ATTACHMENT bits=0x13 supported=TRANSFER_SRC | TRANSFER_DST | SAMPLED | STORAGE | COLOR_ATTACHMENT | INPUT_ATTACHMENT
NSDIAG gbuffer target target_id=1879048212 exists=true recreate=false colors=3 depth=true extent=1280x720
NSDIAG deferred-target label='deferred_lighting' gbuffer_target=1879048212 lit_target=1879048196 lit_initialized_before=false
NSDIAG vkCreateSwapchainKHR format=B8G8R8A8_SRGB usage=TRANSFER_SRC | TRANSFER_DST | COLOR_ATTACHMENT bits=0x13 supported=TRANSFER_SRC | TRANSFER_DST | SAMPLED | STORAGE | COLOR_ATTACHMENT | INPUT_ATTACHMENT
[09:18:00.578] [[1;33mWARN [0m] fps-character: authored equipment support IK failed player=4294967312: native rifle bilateral prop frames diverged beyond the authored weapon-frame contract
NSDIAG gbuffer target target_id=1879048212 exists=true recreate=false colors=3 depth=true extent=1280x720
NSDIAG deferred-target label='deferred_lighting' gbuffer_target=1879048212 lit_target=1879048196 lit_initialized_before=false
NSDIAG vkCreateSwapchainKHR format=B8G8R8A8_SRGB usage=TRANSFER_SRC | TRANSFER_DST | COLOR_ATTACHMENT bits=0x13 supported=TRANSFER_SRC | TRANSFER_DST | SAMPLED | STORAGE | COLOR_ATTACHMENT | INPUT_ATTACHMENT
NSDIAG gbuffer target target_id=1879048212 exists=true recreate=false colors=3 depth=true extent=1280x720
NSDIAG deferred-target label='deferred_lighting' gbuffer_target=1879048212 lit_target=1879048196 lit_initialized_before=false
NSDIAG vkCreateSwapchainKHR format=B8G8R8A8_SRGB usage=TRANSFER_SRC | TRANSFER_DST | COLOR_ATTACHMENT bits=0x13 supported=TRANSFER_SRC | TRANSFER_DST | SAMPLED | STORAGE | COLOR_ATTACHMENT | INPUT_ATTACHMENT
NSDIAG gbuffer target target_id=1879048212 exists=true recreate=false colors=3 depth=true extent=1280x720
NSDIAG deferred-target label='deferred_lighting' gbuffer_target=1879048212 lit_target=1879048196 lit_initialized_before=false
NSDIAG vkCreateSwapchainKHR format=B8G8R8A8_SRGB usage=TRANSFER_SRC | TRANSFER_DST | COLOR_ATTACHMENT bits=0x13 supported=TRANSFER_SRC | TRANSFER_DST | SAMPLED | STORAGE | COLOR_ATTACHMENT | INPUT_ATTACHMENT
NSDIAG gbuffer target target_id=1879048212 exists=true recreate=false colors=3 depth=true extent=1280x720
NSDIAG deferred-target label='deferred_lighting' gbuffer_target=1879048212 lit_target=1879048196 lit_initialized_before=false
NSDIAG vkCreateSwapchainKHR format=B8G8R8A8_SRGB usage=TRANSFER_SRC | TRANSFER_DST | COLOR_ATTACHMENT bits=0x13 supported=TRANSFER_SRC | TRANSFER_DST | SAMPLED | STORAGE | COLOR_ATTACHMENT | INPUT_ATTACHMENT
NSDIAG gbuffer target target_id=1879048212 exists=true recreate=false colors=3 depth=true extent=1280x720
NSDIAG deferred-target label='deferred_lighting' gbuffer_target=1879048212 lit_target=1879048196 lit_initialized_before=false
NSDIAG vkCreateSwapchainKHR format=B8G8R8A8_SRGB usage=TRANSFER_SRC | TRANSFER_DST | COLOR_ATTACHMENT bits=0x13 supported=TRANSFER_SRC | TRANSFER_DST | SAMPLED | STORAGE | COLOR_ATTACHMENT | INPUT_ATTACHMENT
NSDIAG gbuffer target target_id=1879048212 exists=true recreate=false colors=3 depth=true extent=1280x720
NSDIAG deferred-target label='deferred_lighting' gbuffer_target=1879048212 lit_target=1879048196 lit_initialized_before=false
NSDIAG vkCreateSwapchainKHR format=B8G8R8A8_SRGB usage=TRANSFER_SRC | TRANSFER_DST | COLOR_ATTACHMENT bits=0x13 supported=TRANSFER_SRC | TRANSFER_DST | SAMPLED | STORAGE | COLOR_ATTACHMENT | INPUT_ATTACHMENT
NSDIAG gbuffer target target_id=1879048212 exists=true recreate=false colors=3 depth=true extent=1280x720
NSDIAG deferred-target label='deferred_lighting' gbuffer_target=1879048212 lit_target=1879048196 lit_initialized_before=false
NSDIAG vkCreateSwapchainKHR format=B8G8R8A8_SRGB usage=TRANSFER_SRC | TRANSFER_DST | COLOR_ATTACHMENT bits=0x13 supported=TRANSFER_SRC | TRANSFER_DST | SAMPLED | STORAGE | COLOR_ATTACHMENT | INPUT_ATTACHMENT
NSDIAG gbuffer target target_id=1879048212 exists=true recreate=false colors=3 depth=true extent=1280x720
NSDIAG deferred-target label='deferred_lighting' gbuffer_target=1879048212 lit_target=1879048196 lit_initialized_before=false
NSDIAG vkCreateSwapchainKHR format=B8G8R8A8_SRGB usage=TRANSFER_SRC | TRANSFER_DST | COLOR_ATTACHMENT bits=0x13 supported=TRANSFER_SRC | TRANSFER_DST | SAMPLED | STORAGE | COLOR_ATTACHMENT | INPUT_ATTACHMENT
NSDIAG gbuffer target target_id=1879048212 exists=true recreate=false colors=3 depth=true extent=1280x720
NSDIAG deferred-target label='deferred_lighting' gbuffer_target=1879048212 lit_target=1879048196 lit_initialized_before=false
NSDIAG vkCreateSwapchainKHR format=B8G8R8A8_SRGB usage=TRANSFER_SRC | TRANSFER_DST | COLOR_ATTACHMENT bits=0x13 supported=TRANSFER_SRC | TRANSFER_DST | SAMPLED | STORAGE | COLOR_ATTACHMENT | INPUT_ATTACHMENT
NSDIAG gbuffer target target_id=1879048212 exists=true recreate=false colors=3 depth=true extent=1280x720
NSDIAG deferred-target label='deferred_lighting' gbuffer_target=1879048212 lit_target=1879048196 lit_initialized_before=false
NSDIAG vkCreateSwapchainKHR format=B8G8R8A8_SRGB usage=TRANSFER_SRC | TRANSFER_DST | COLOR_ATTACHMENT bits=0x13 supported=TRANSFER_SRC | TRANSFER_DST | SAMPLED | STORAGE | COLOR_ATTACHMENT | INPUT_ATTACHMENT
NSDIAG gbuffer target target_id=1879048212 exists=true recreate=false colors=3 depth=true extent=1280x720
NSDIAG deferred-target label='deferred_lighting' gbuffer_target=1879048212 lit_target=1879048196 lit_initialized_before=false
NSDIAG vkCreateSwapchainKHR format=B8G8R8A8_SRGB usage=TRANSFER_SRC | TRANSFER_DST | COLOR_ATTACHMENT bits=0x13 supported=TRANSFER_SRC | TRANSFER_DST | SAMPLED | STORAGE | COLOR_ATTACHMENT | INPUT_ATTACHMENT
NSDIAG gbuffer target target_id=1879048212 exists=true recreate=false colors=3 depth=true extent=1280x720
NSDIAG deferred-target label='deferred_lighting' gbuffer_target=1879048212 lit_target=1879048196 lit_initialized_before=false
NSDIAG vkCreateSwapchainKHR format=B8G8R8A8_SRGB usage=TRANSFER_SRC | TRANSFER_DST | COLOR_ATTACHMENT bits=0x13 supported=TRANSFER_SRC | TRANSFER_DST | SAMPLED | STORAGE | COLOR_ATTACHMENT | INPUT_ATTACHMENT
NSDIAG gbuffer target target_id=1879048212 exists=true recreate=false colors=3 depth=true extent=1280x720
NSDIAG deferred-target label='deferred_lighting' gbuffer_target=1879048212 lit_target=1879048196 lit_initialized_before=false
NSDIAG vkCreateSwapchainKHR format=B8G8R8A8_SRGB usage=TRANSFER_SRC | TRANSFER_DST | COLOR_ATTACHMENT bits=0x13 supported=TRANSFER_SRC | TRANSFER_DST | SAMPLED | STORAGE | COLOR_ATTACHMENT | INPUT_ATTACHMENT
NSDIAG gbuffer target target_id=1879048212 exists=true recreate=false colors=3 depth=true extent=1280x720
NSDIAG deferred-target label='deferred_lighting' gbuffer_target=1879048212 lit_target=1879048196 lit_initialized_before=false
NSDIAG vkCreateSwapchainKHR format=B8G8R8A8_SRGB usage=TRANSFER_SRC | TRANSFER_DST | COLOR_ATTACHMENT bits=0x13 supported=TRANSFER_SRC | TRANSFER_DST | SAMPLED | STORAGE | COLOR_ATTACHMENT | INPUT_ATTACHMENT
NSDIAG gbuffer target target_id=1879048212 exists=true recreate=false colors=3 depth=true extent=1280x720
NSDIAG deferred-target label='deferred_lighting' gbuffer_target=1879048212 lit_target=1879048196 lit_initialized_before=false
NSDIAG vkCreateSwapchainKHR format=B8G8R8A8_SRGB usage=TRANSFER_SRC | TRANSFER_DST | COLOR_ATTACHMENT bits=0x13 supported=TRANSFER_SRC | TRANSFER_DST | SAMPLED | STORAGE | COLOR_ATTACHMENT | INPUT_ATTACHMENT
NSDIAG gbuffer target target_id=1879048212 exists=true recreate=false colors=3 depth=true extent=1280x720
NSDIAG deferred-target label='deferred_lighting' gbuffer_target=1879048212 lit_target=1879048196 lit_initialized_before=false
NSDIAG vkCreateSwapchainKHR format=B8G8R8A8_SRGB usage=TRANSFER_SRC | TRANSFER_DST | COLOR_ATTACHMENT bits=0x13 supported=TRANSFER_SRC | TRANSFER_DST | SAMPLED | STORAGE | COLOR_ATTACHMENT | INPUT_ATTACHMENT
NSDIAG gbuffer target target_id=1879048212 exists=true recreate=false colors=3 depth=true extent=1280x720
NSDIAG deferred-target label='deferred_lighting' gbuffer_target=1879048212 lit_target=1879048196 lit_initialized_before=false
NSDIAG vkCreateSwapchainKHR format=B8G8R8A8_SRGB usage=TRANSFER_SRC | TRANSFER_DST | COLOR_ATTACHMENT bits=0x13 supported=TRANSFER_SRC | TRANSFER_DST | SAMPLED | STORAGE | COLOR_ATTACHMENT | INPUT_ATTACHMENT
NSDIAG gbuffer target target_id=1879048212 exists=true recreate=false colors=3 depth=true extent=1280x720
NSDIAG deferred-target label='deferred_lighting' gbuffer_target=1879048212 lit_target=1879048196 lit_initialized_before=false
NSDIAG vkCreateSwapchainKHR format=B8G8R8A8_SRGB usage=TRANSFER_SRC | TRANSFER_DST | COLOR_ATTACHMENT bits=0x13 supported=TRANSFER_SRC | TRANSFER_DST | SAMPLED | STORAGE | COLOR_ATTACHMENT | INPUT_ATTACHMENT
NSDIAG gbuffer target target_id=1879048212 exists=true recreate=false colors=3 depth=true extent=1280x720
NSDIAG deferred-target label='deferred_lighting' gbuffer_target=1879048212 lit_target=1879048196 lit_initialized_before=false
NSDIAG vkCreateSwapchainKHR format=B8G8R8A8_SRGB usage=TRANSFER_SRC | TRANSFER_DST | COLOR_ATTACHMENT bits=0x13 supported=TRANSFER_SRC | TRANSFER_DST | SAMPLED | STORAGE | COLOR_ATTACHMENT | INPUT_ATTACHMENT
NSDIAG gbuffer target target_id=1879048212 exists=true recreate=false colors=3 depth=true extent=1280x720
NSDIAG deferred-target label='deferred_lighting' gbuffer_target=1879048212 lit_target=1879048196 lit_initialized_before=false
NSDIAG vkCreateSwapchainKHR format=B8G8R8A8_SRGB usage=TRANSFER_SRC | TRANSFER_DST | COLOR_ATTACHMENT bits=0x13 supported=TRANSFER_SRC | TRANSFER_DST | SAMPLED | STORAGE | COLOR_ATTACHMENT | INPUT_ATTACHMENT
NSDIAG gbuffer target target_id=1879048212 exists=true recreate=false colors=3 depth=true extent=1280x720
NSDIAG deferred-target label='deferred_lighting' gbuffer_target=1879048212 lit_target=1879048196 lit_initialized_before=false
NSDIAG vkCreateSwapchainKHR format=B8G8R8A8_SRGB usage=TRANSFER_SRC | TRANSFER_DST | COLOR_ATTACHMENT bits=0x13 supported=TRANSFER_SRC | TRANSFER_DST | SAMPLED | STORAGE | COLOR_ATTACHMENT | INPUT_ATTACHMENT
NSDIAG gbuffer target target_id=1879048212 exists=true recreate=false colors=3 depth=true extent=1280x720
NSDIAG deferred-target label='deferred_lighting' gbuffer_target=1879048212 lit_target=1879048196 lit_initialized_before=false
NSDIAG vkCreateSwapchainKHR format=B8G8R8A8_SRGB usage=TRANSFER_SRC | TRANSFER_DST | COLOR_ATTACHMENT bits=0x13 supported=TRANSFER_SRC | TRANSFER_DST | SAMPLED | STORAGE | COLOR_ATTACHMENT | INPUT_ATTACHMENT
NSDIAG gbuffer target target_id=1879048212 exists=true recreate=false colors=3 depth=true extent=1280x720
NSDIAG deferred-target label='deferred_lighting' gbuffer_target=1879048212 lit_target=1879048196 lit_initialized_before=false
NSDIAG vkCreateSwapchainKHR format=B8G8R8A8_SRGB usage=TRANSFER_SRC | TRANSFER_DST | COLOR_ATTACHMENT bits=0x13 supported=TRANSFER_SRC | TRANSFER_DST | SAMPLED | STORAGE | COLOR_ATTACHMENT | INPUT_ATTACHMENT
NSDIAG gbuffer target target_id=1879048212 exists=true recreate=false colors=3 depth=true extent=1280x720
NSDIAG deferred-target label='deferred_lighting' gbuffer_target=1879048212 lit_target=1879048196 lit_initialized_before=false
NSDIAG vkCreateSwapchainKHR format=B8G8R8A8_SRGB usage=TRANSFER_SRC | TRANSFER_DST | COLOR_ATTACHMENT bits=0x13 supported=TRANSFER_SRC | TRANSFER_DST | SAMPLED | STORAGE | COLOR_ATTACHMENT | INPUT_ATTACHMENT
NSDIAG gbuffer target target_id=1879048212 exists=true recreate=false colors=3 depth=true extent=1280x720
NSDIAG deferred-target label='deferred_lighting' gbuffer_target=1879048212 lit_target=1879048196 lit_initialized_before=false
NSDIAG vkCreateSwapchainKHR format=B8G8R8A8_SRGB usage=TRANSFER_SRC | TRANSFER_DST | COLOR_ATTACHMENT bits=0x13 supported=TRANSFER_SRC | TRANSFER_DST | SAMPLED | STORAGE | COLOR_ATTACHMENT | INPUT_ATTACHMENT
NSDIAG gbuffer target target_id=1879048212 exists=true recreate=false colors=3 depth=true extent=1280x720
NSDIAG deferred-target label='deferred_lighting' gbuffer_target=1879048212 lit_target=1879048196 lit_initialized_before=false
NSDIAG vkCreateSwapchainKHR format=B8G8R8A8_SRGB usage=TRANSFER_SRC | TRANSFER_DST | COLOR_ATTACHMENT bits=0x13 supported=TRANSFER_SRC | TRANSFER_DST | SAMPLED | STORAGE | COLOR_ATTACHMENT | INPUT_ATTACHMENT
NSDIAG gbuffer target target_id=1879048212 exists=true recreate=false colors=3 depth=true extent=1280x720
NSDIAG graph-pass begin frame=300 id=120 label='shadow_cascade_map' kind=ShadowCascadeMap queue=Graphics draws=164
NSDIAG graph-pass end frame=300 id=120 label='shadow_cascade_map' kind=ShadowCascadeMap ok=true
NSDIAG graph-pass begin frame=300 id=560 label='particle_simulation' kind=ParticleSimulation queue=Compute draws=0
NSDIAG graph-pass end frame=300 id=560 label='particle_simulation' kind=ParticleSimulation ok=true
NSDIAG graph-pass begin frame=300 id=300 label='viewport_gbuffer' kind=GBuffer queue=Graphics draws=16
NSDIAG graph-pass end frame=300 id=300 label='viewport_gbuffer' kind=GBuffer ok=true
NSDIAG graph-pass begin frame=300 id=400 label='deferred_lighting' kind=DeferredLighting queue=Graphics draws=0
NSDIAG deferred-target label='deferred_lighting' gbuffer_target=1879048212 lit_target=1879048196 lit_initialized_before=false
NSDIAG graph-pass end frame=300 id=400 label='deferred_lighting' kind=DeferredLighting ok=false
NSDIAG vkCreateSwapchainKHR format=B8G8R8A8_SRGB usage=TRANSFER_SRC | TRANSFER_DST | COLOR_ATTACHMENT bits=0x13 supported=TRANSFER_SRC | TRANSFER_DST | SAMPLED | STORAGE | COLOR_ATTACHMENT | INPUT_ATTACHMENT
NSDIAG gbuffer target target_id=1879048212 exists=true recreate=false colors=3 depth=true extent=1280x720
NSDIAG deferred-target label='deferred_lighting' gbuffer_target=1879048212 lit_target=1879048196 lit_initialized_before=false
NSDIAG vkCreateSwapchainKHR format=B8G8R8A8_SRGB usage=TRANSFER_SRC | TRANSFER_DST | COLOR_ATTACHMENT bits=0x13 supported=TRANSFER_SRC | TRANSFER_DST | SAMPLED | STORAGE | COLOR_ATTACHMENT | INPUT_ATTACHMENT
NSDIAG gbuffer target target_id=1879048212 exists=true recreate=false colors=3 depth=true extent=1280x720
NSDIAG deferred-target label='deferred_lighting' gbuffer_target=1879048212 lit_target=1879048196 lit_initialized_before=false
NSDIAG vkCreateSwapchainKHR format=B8G8R8A8_SRGB usage=TRANSFER_SRC | TRANSFER_DST | COLOR_ATTACHMENT bits=0x13 supported=TRANSFER_SRC | TRANSFER_DST | SAMPLED | STORAGE | COLOR_ATTACHMENT | INPUT_ATTACHMENT
NSDIAG gbuffer target target_id=1879048212 exists=true recreate=false colors=3 depth=true extent=1280x720
NSDIAG deferred-target label='deferred_lighting' gbuffer_target=1879048212 lit_target=1879048196 lit_initialized_before=false
NSDIAG vkCreateSwapchainKHR format=B8G8R8A8_SRGB usage=TRANSFER_SRC | TRANSFER_DST | COLOR_ATTACHMENT bits=0x13 supported=TRANSFER_SRC | TRANSFER_DST | SAMPLED | STORAGE | COLOR_ATTACHMENT | INPUT_ATTACHMENT
NSDIAG gbuffer target target_id=1879048212 exists=true recreate=false colors=3 depth=true extent=1280x720
NSDIAG deferred-target label='deferred_lighting' gbuffer_target=1879048212 lit_target=1879048196 lit_initialized_before=false
NSDIAG vkCreateSwapchainKHR format=B8G8R8A8_SRGB usage=TRANSFER_SRC | TRANSFER_DST | COLOR_ATTACHMENT bits=0x13 supported=TRANSFER_SRC | TRANSFER_DST | SAMPLED | STORAGE | COLOR_ATTACHMENT | INPUT_ATTACHMENT
NSDIAG gbuffer target target_id=1879048212 exists=true recreate=false colors=3 depth=true extent=1280x720
NSDIAG deferred-target label='deferred_lighting' gbuffer_target=1879048212 lit_target=1879048196 lit_initialized_before=false
NSDIAG vkCreateSwapchainKHR format=B8G8R8A8_SRGB usage=TRANSFER_SRC | TRANSFER_DST | COLOR_ATTACHMENT bits=0x13 supported=TRANSFER_SRC | TRANSFER_DST | SAMPLED | STORAGE | COLOR_ATTACHMENT | INPUT_ATTACHMENT
NSDIAG gbuffer target target_id=1879048212 exists=true recreate=false colors=3 depth=true extent=1280x720
NSDIAG deferred-target label='deferred_lighting' gbuffer_target=1879048212 lit_target=1879048196 lit_initialized_before=false
NSDIAG vkCreateSwapchainKHR format=B8G8R8A8_SRGB usage=TRANSFER_SRC | TRANSFER_DST | COLOR_ATTACHMENT bits=0x13 supported=TRANSFER_SRC | TRANSFER_DST | SAMPLED | STORAGE | COLOR_ATTACHMENT | INPUT_ATTACHMENT
NSDIAG gbuffer target target_id=1879048212 exists=true recreate=false colors=3 depth=true extent=1280x720
NSDIAG deferred-target label='deferred_lighting' gbuffer_target=1879048212 lit_target=1879048196 lit_initialized_before=false
NSDIAG vkCreateSwapchainKHR format=B8G8R8A8_SRGB usage=TRANSFER_SRC | TRANSFER_DST | COLOR_ATTACHMENT bits=0x13 supported=TRANSFER_SRC | TRANSFER_DST | SAMPLED | STORAGE | COLOR_ATTACHMENT | INPUT_ATTACHMENT
NSDIAG gbuffer target target_id=1879048212 exists=true recreate=false colors=3 depth=true extent=1280x720
NSDIAG deferred-target label='deferred_lighting' gbuffer_target=1879048212 lit_target=1879048196 lit_initialized_before=false
NSDIAG vkCreateSwapchainKHR format=B8G8R8A8_SRGB usage=TRANSFER_SRC | TRANSFER_DST | COLOR_ATTACHMENT bits=0x13 supported=TRANSFER_SRC | TRANSFER_DST | SAMPLED | STORAGE | COLOR_ATTACHMENT | INPUT_ATTACHMENT
NSDIAG gbuffer target target_id=1879048212 exists=true recreate=false colors=3 depth=true extent=1280x720
NSDIAG deferred-target label='deferred_lighting' gbuffer_target=1879048212 lit_target=1879048196 lit_initialized_before=false
NSDIAG vkCreateSwapchainKHR format=B8G8R8A8_SRGB usage=TRANSFER_SRC | TRANSFER_DST | COLOR_ATTACHMENT bits=0x13 supported=TRANSFER_SRC | TRANSFER_DST | SAMPLED | STORAGE | COLOR_ATTACHMENT | INPUT_ATTACHMENT
NSDIAG gbuffer target target_id=1879048212 exists=true recreate=false colors=3 depth=true extent=1280x720
NSDIAG deferred-target label='deferred_lighting' gbuffer_target=1879048212 lit_target=1879048196 lit_initialized_before=false
NSDIAG vkCreateSwapchainKHR format=B8G8R8A8_SRGB usage=TRANSFER_SRC | TRANSFER_DST | COLOR_ATTACHMENT bits=0x13 supported=TRANSFER_SRC | TRANSFER_DST | SAMPLED | STORAGE | COLOR_ATTACHMENT | INPUT_ATTACHMENT
NSDIAG gbuffer target target_id=1879048212 exists=true recreate=false colors=3 depth=true extent=1280x720
NSDIAG deferred-target label='deferred_lighting' gbuffer_target=1879048212 lit_target=1879048196 lit_initialized_before=false
NSDIAG vkCreateSwapchainKHR format=B8G8R8A8_SRGB usage=TRANSFER_SRC | TRANSFER_DST | COLOR_ATTACHMENT bits=0x13 supported=TRANSFER_SRC | TRANSFER_DST | SAMPLED | STORAGE | COLOR_ATTACHMENT | INPUT_ATTACHMENT
NSDIAG gbuffer target target_id=1879048212 exists=true recreate=false colors=3 depth=true extent=1280x720
NSDIAG deferred-target label='deferred_lighting' gbuffer_target=1879048212 lit_target=1879048196 lit_initialized_before=false
NSDIAG vkCreateSwapchainKHR format=B8G8R8A8_SRGB usage=TRANSFER_SRC | TRANSFER_DST | COLOR_ATTACHMENT bits=0x13 supported=TRANSFER_SRC | TRANSFER_DST | SAMPLED | STORAGE | COLOR_ATTACHMENT | INPUT_ATTACHMENT
NSDIAG gbuffer target target_id=1879048212 exists=true recreate=false colors=3 depth=true extent=1280x720
NSDIAG deferred-target label='deferred_lighting' gbuffer_target=1879048212 lit_target=1879048196 lit_initialized_before=false
NSDIAG vkCreateSwapchainKHR format=B8G8R8A8_SRGB usage=TRANSFER_SRC | TRANSFER_DST | COLOR_ATTACHMENT bits=0x13 supported=TRANSFER_SRC | TRANSFER_DST | SAMPLED | STORAGE | COLOR_ATTACHMENT | INPUT_ATTACHMENT
NSDIAG gbuffer target target_id=1879048212 exists=true recreate=false colors=3 depth=true extent=1280x720
NSDIAG deferred-target label='deferred_lighting' gbuffer_target=1879048212 lit_target=1879048196 lit_initialized_before=false
NSDIAG vkCreateSwapchainKHR format=B8G8R8A8_SRGB usage=TRANSFER_SRC | TRANSFER_DST | COLOR_ATTACHMENT bits=0x13 supported=TRANSFER_SRC | TRANSFER_DST | SAMPLED | STORAGE | COLOR_ATTACHMENT | INPUT_ATTACHMENT
NSDIAG gbuffer target target_id=1879048212 exists=true recreate=false colors=3 depth=true extent=1280x720
NSDIAG deferred-target label='deferred_lighting' gbuffer_target=1879048212 lit_target=1879048196 lit_initialized_before=false
NSDIAG vkCreateSwapchainKHR format=B8G8R8A8_SRGB usage=TRANSFER_SRC | TRANSFER_DST | COLOR_ATTACHMENT bits=0x13 supported=TRANSFER_SRC | TRANSFER_DST | SAMPLED | STORAGE | COLOR_ATTACHMENT | INPUT_ATTACHMENT
NSDIAG gbuffer target target_id=1879048212 exists=true recreate=false colors=3 depth=true extent=1280x720
NSDIAG deferred-target label='deferred_lighting' gbuffer_target=1879048212 lit_target=1879048196 lit_initialized_before=false
NSDIAG vkCreateSwapchainKHR format=B8G8R8A8_SRGB usage=TRANSFER_SRC | TRANSFER_DST | COLOR_ATTACHMENT bits=0x13 supported=TRANSFER_SRC | TRANSFER_DST | SAMPLED | STORAGE | COLOR_ATTACHMENT | INPUT_ATTACHMENT
NSDIAG gbuffer target target_id=1879048212 exists=true recreate=false colors=3 depth=true extent=1280x720
NSDIAG deferred-target label='deferred_lighting' gbuffer_target=1879048212 lit_target=1879048196 lit_initialized_before=false
NSDIAG vkCreateSwapchainKHR format=B8G8R8A8_SRGB usage=TRANSFER_SRC | TRANSFER_DST | COLOR_ATTACHMENT bits=0x13 supported=TRANSFER_SRC | TRANSFER_DST | SAMPLED | STORAGE | COLOR_ATTACHMENT | INPUT_ATTACHMENT
NSDIAG gbuffer target target_id=1879048212 exists=true recreate=false colors=3 depth=true extent=1280x720
NSDIAG deferred-target label='deferred_lighting' gbuffer_target=1879048212 lit_target=1879048196 lit_initialized_before=false
NSDIAG vkCreateSwapchainKHR format=B8G8R8A8_SRGB usage=TRANSFER_SRC | TRANSFER_DST | COLOR_ATTACHMENT bits=0x13 supported=TRANSFER_SRC | TRANSFER_DST | SAMPLED | STORAGE | COLOR_ATTACHMENT | INPUT_ATTACHMENT
NSDIAG gbuffer target target_id=1879048212 exists=true recreate=false colors=3 depth=true extent=1280x720
NSDIAG deferred-target label='deferred_lighting' gbuffer_target=1879048212 lit_target=1879048196 lit_initialized_before=false
NSDIAG vkCreateSwapchainKHR format=B8G8R8A8_SRGB usage=TRANSFER_SRC | TRANSFER_DST | COLOR_ATTACHMENT bits=0x13 supported=TRANSFER_SRC | TRANSFER_DST | SAMPLED | STORAGE | COLOR_ATTACHMENT | INPUT_ATTACHMENT
NSDIAG gbuffer target target_id=1879048212 exists=true recreate=false colors=3 depth=true extent=1280x720
NSDIAG deferred-target label='deferred_lighting' gbuffer_target=1879048212 lit_target=1879048196 lit_initialized_before=false
NSDIAG vkCreateSwapchainKHR format=B8G8R8A8_SRGB usage=TRANSFER_SRC | TRANSFER_DST | COLOR_ATTACHMENT bits=0x13 supported=TRANSFER_SRC | TRANSFER_DST | SAMPLED | STORAGE | COLOR_ATTACHMENT | INPUT_ATTACHMENT
NSDIAG gbuffer target target_id=1879048212 exists=true recreate=false colors=3 depth=true extent=1280x720
NSDIAG deferred-target label='deferred_lighting' gbuffer_target=1879048212 lit_target=1879048196 lit_initialized_before=false
NSDIAG vkCreateSwapchainKHR format=B8G8R8A8_SRGB usage=TRANSFER_SRC | TRANSFER_DST | COLOR_ATTACHMENT bits=0x13 supported=TRANSFER_SRC | TRANSFER_DST | SAMPLED | STORAGE | COLOR_ATTACHMENT | INPUT_ATTACHMENT
NSDIAG gbuffer target target_id=1879048212 exists=true recreate=false colors=3 depth=true extent=1280x720
NSDIAG deferred-target label='deferred_lighting' gbuffer_target=1879048212 lit_target=1879048196 lit_initialized_before=false
NSDIAG vkCreateSwapchainKHR format=B8G8R8A8_SRGB usage=TRANSFER_SRC | TRANSFER_DST | COLOR_ATTACHMENT bits=0x13 supported=TRANSFER_SRC | TRANSFER_DST | SAMPLED | STORAGE | COLOR_ATTACHMENT | INPUT_ATTACHMENT
NSDIAG gbuffer target target_id=1879048212 exists=true recreate=false colors=3 depth=true extent=1280x720
NSDIAG deferred-target label='deferred_lighting' gbuffer_target=1879048212 lit_target=1879048196 lit_initialized_before=false
NSDIAG vkCreateSwapchainKHR format=B8G8R8A8_SRGB usage=TRANSFER_SRC | TRANSFER_DST | COLOR_ATTACHMENT bits=0x13 supported=TRANSFER_SRC | TRANSFER_DST | SAMPLED | STORAGE | COLOR_ATTACHMENT | INPUT_ATTACHMENT
NSDIAG gbuffer target target_id=1879048212 exists=true recreate=false colors=3 depth=true extent=1280x720
NSDIAG deferred-target label='deferred_lighting' gbuffer_target=1879048212 lit_target=1879048196 lit_initialized_before=false
NSDIAG vkCreateSwapchainKHR format=B8G8R8A8_SRGB usage=TRANSFER_SRC | TRANSFER_DST | COLOR_ATTACHMENT bits=0x13 supported=TRANSFER_SRC | TRANSFER_DST | SAMPLED | STORAGE | COLOR_ATTACHMENT | INPUT_ATTACHMENT
NSDIAG gbuffer target target_id=1879048212 exists=true recreate=false colors=3 depth=true extent=1280x720
NSDIAG deferred-target label='deferred_lighting' gbuffer_target=1879048212 lit_target=1879048196 lit_initialized_before=false
NSDIAG vkCreateSwapchainKHR format=B8G8R8A8_SRGB usage=TRANSFER_SRC | TRANSFER_DST | COLOR_ATTACHMENT bits=0x13 supported=TRANSFER_SRC | TRANSFER_DST | SAMPLED | STORAGE | COLOR_ATTACHMENT | INPUT_ATTACHMENT
NSDIAG gbuffer target target_id=1879048212 exists=true recreate=false colors=3 depth=true extent=1280x720
NSDIAG deferred-target label='deferred_lighting' gbuffer_target=1879048212 lit_target=1879048196 lit_initialized_before=false
NSDIAG vkCreateSwapchainKHR format=B8G8R8A8_SRGB usage=TRANSFER_SRC | TRANSFER_DST | COLOR_ATTACHMENT bits=0x13 supported=TRANSFER_SRC | TRANSFER_DST | SAMPLED | STORAGE | COLOR_ATTACHMENT | INPUT_ATTACHMENT
NSDIAG gbuffer target target_id=1879048212 exists=true recreate=false colors=3 depth=true extent=1280x720
NSDIAG deferred-target label='deferred_lighting' gbuffer_target=1879048212 lit_target=1879048196 lit_initialized_before=false
NSDIAG vkCreateSwapchainKHR format=B8G8R8A8_SRGB usage=TRANSFER_SRC | TRANSFER_DST | COLOR_ATTACHMENT bits=0x13 supported=TRANSFER_SRC | TRANSFER_DST | SAMPLED | STORAGE | COLOR_ATTACHMENT | INPUT_ATTACHMENT
NSDIAG gbuffer target target_id=1879048212 exists=true recreate=false colors=3 depth=true extent=1280x720
NSDIAG deferred-target label='deferred_lighting' gbuffer_target=1879048212 lit_target=1879048196 lit_initialized_before=false
NSDIAG vkCreateSwapchainKHR format=B8G8R8A8_SRGB usage=TRANSFER_SRC | TRANSFER_DST | COLOR_ATTACHMENT bits=0x13 supported=TRANSFER_SRC | TRANSFER_DST | SAMPLED | STORAGE | COLOR_ATTACHMENT | INPUT_ATTACHMENT
NSDIAG gbuffer target target_id=1879048212 exists=true recreate=false colors=3 depth=true extent=1280x720
NSDIAG deferred-target label='deferred_lighting' gbuffer_target=1879048212 lit_target=1879048196 lit_initialized_before=false
NSDIAG vkCreateSwapchainKHR format=B8G8R8A8_SRGB usage=TRANSFER_SRC | TRANSFER_DST | COLOR_ATTACHMENT bits=0x13 supported=TRANSFER_SRC | TRANSFER_DST | SAMPLED | STORAGE | COLOR_ATTACHMENT | INPUT_ATTACHMENT
NSDIAG gbuffer target target_id=1879048212 exists=true recreate=false colors=3 depth=true extent=1280x720
NSDIAG graph-pass begin frame=330 id=120 label='shadow_cascade_map' kind=ShadowCascadeMap queue=Graphics draws=164
NSDIAG graph-pass end frame=330 id=120 label='shadow_cascade_map' kind=ShadowCascadeMap ok=true
NSDIAG graph-pass begin frame=330 id=560 label='particle_simulation' kind=ParticleSimulation queue=Compute draws=0
NSDIAG graph-pass end frame=330 id=560 label='particle_simulation' kind=ParticleSimulation ok=true
NSDIAG graph-pass begin frame=330 id=300 label='viewport_gbuffer' kind=GBuffer queue=Graphics draws=16
NSDIAG graph-pass end frame=330 id=300 label='viewport_gbuffer' kind=GBuffer ok=true
NSDIAG graph-pass begin frame=330 id=400 label='deferred_lighting' kind=DeferredLighting queue=Graphics draws=0
NSDIAG deferred-target label='deferred_lighting' gbuffer_target=1879048212 lit_target=1879048196 lit_initialized_before=false
NSDIAG graph-pass end frame=330 id=400 label='deferred_lighting' kind=DeferredLighting ok=false
NSDIAG vkCreateSwapchainKHR format=B8G8R8A8_SRGB usage=TRANSFER_SRC | TRANSFER_DST | COLOR_ATTACHMENT bits=0x13 supported=TRANSFER_SRC | TRANSFER_DST | SAMPLED | STORAGE | COLOR_ATTACHMENT | INPUT_ATTACHMENT
NSDIAG gbuffer target target_id=1879048212 exists=true recreate=false colors=3 depth=true extent=1280x720
NSDIAG deferred-target label='deferred_lighting' gbuffer_target=1879048212 lit_target=1879048196 lit_initialized_before=false
NSDIAG vkCreateSwapchainKHR format=B8G8R8A8_SRGB usage=TRANSFER_SRC | TRANSFER_DST | COLOR_ATTACHMENT bits=0x13 supported=TRANSFER_SRC | TRANSFER_DST | SAMPLED | STORAGE | COLOR_ATTACHMENT | INPUT_ATTACHMENT
NSDIAG gbuffer target target_id=1879048212 exists=true recreate=false colors=3 depth=true extent=1280x720
NSDIAG deferred-target label='deferred_lighting' gbuffer_target=1879048212 lit_target=1879048196 lit_initialized_before=false
NSDIAG vkCreateSwapchainKHR format=B8G8R8A8_SRGB usage=TRANSFER_SRC | TRANSFER_DST | COLOR_ATTACHMENT bits=0x13 supported=TRANSFER_SRC | TRANSFER_DST | SAMPLED | STORAGE | COLOR_ATTACHMENT | INPUT_ATTACHMENT
NSDIAG gbuffer target target_id=1879048212 exists=true recreate=false colors=3 depth=true extent=1280x720
NSDIAG deferred-target label='deferred_lighting' gbuffer_target=1879048212 lit_target=1879048196 lit_initialized_before=false
NSDIAG vkCreateSwapchainKHR format=B8G8R8A8_SRGB usage=TRANSFER_SRC | TRANSFER_DST | COLOR_ATTACHMENT bits=0x13 supported=TRANSFER_SRC | TRANSFER_DST | SAMPLED | STORAGE | COLOR_ATTACHMENT | INPUT_ATTACHMENT
NSDIAG gbuffer target target_id=1879048212 exists=true recreate=false colors=3 depth=true extent=1280x720
NSDIAG deferred-target label='deferred_lighting' gbuffer_target=1879048212 lit_target=1879048196 lit_initialized_before=false
NSDIAG vkCreateSwapchainKHR format=B8G8R8A8_SRGB usage=TRANSFER_SRC | TRANSFER_DST | COLOR_ATTACHMENT bits=0x13 supported=TRANSFER_SRC | TRANSFER_DST | SAMPLED | STORAGE | COLOR_ATTACHMENT | INPUT_ATTACHMENT
NSDIAG gbuffer target target_id=1879048212 exists=true recreate=false colors=3 depth=true extent=1280x720
NSDIAG deferred-target label='deferred_lighting' gbuffer_target=1879048212 lit_target=1879048196 lit_initialized_before=false
NSDIAG vkCreateSwapchainKHR format=B8G8R8A8_SRGB usage=TRANSFER_SRC | TRANSFER_DST | COLOR_ATTACHMENT bits=0x13 supported=TRANSFER_SRC | TRANSFER_DST | SAMPLED | STORAGE | COLOR_ATTACHMENT | INPUT_ATTACHMENT
NSDIAG gbuffer target target_id=1879048212 exists=true recreate=false colors=3 depth=true extent=1280x720
NSDIAG deferred-target label='deferred_lighting' gbuffer_target=1879048212 lit_target=1879048196 lit_initialized_before=false
NSDIAG vkCreateSwapchainKHR format=B8G8R8A8_SRGB usage=TRANSFER_SRC | TRANSFER_DST | COLOR_ATTACHMENT bits=0x13 supported=TRANSFER_SRC | TRANSFER_DST | SAMPLED | STORAGE | COLOR_ATTACHMENT | INPUT_ATTACHMENT
NSDIAG gbuffer target target_id=1879048212 exists=true recreate=false colors=3 depth=true extent=1280x720
NSDIAG deferred-target label='deferred_lighting' gbuffer_target=1879048212 lit_target=1879048196 lit_initialized_before=false
NSDIAG vkCreateSwapchainKHR format=B8G8R8A8_SRGB usage=TRANSFER_SRC | TRANSFER_DST | COLOR_ATTACHMENT bits=0x13 supported=TRANSFER_SRC | TRANSFER_DST | SAMPLED | STORAGE | COLOR_ATTACHMENT | INPUT_ATTACHMENT
NSDIAG gbuffer target target_id=1879048212 exists=true recreate=false colors=3 depth=true extent=1280x720
NSDIAG deferred-target label='deferred_lighting' gbuffer_target=1879048212 lit_target=1879048196 lit_initialized_before=false
NSDIAG vkCreateSwapchainKHR format=B8G8R8A8_SRGB usage=TRANSFER_SRC | TRANSFER_DST | COLOR_ATTACHMENT bits=0x13 supported=TRANSFER_SRC | TRANSFER_DST | SAMPLED | STORAGE | COLOR_ATTACHMENT | INPUT_ATTACHMENT
NSDIAG gbuffer target target_id=1879048212 exists=true recreate=false colors=3 depth=true extent=1280x720
NSDIAG deferred-target label='deferred_lighting' gbuffer_target=1879048212 lit_target=1879048196 lit_initialized_before=false
NSDIAG vkCreateSwapchainKHR format=B8G8R8A8_SRGB usage=TRANSFER_SRC | TRANSFER_DST | COLOR_ATTACHMENT bits=0x13 supported=TRANSFER_SRC | TRANSFER_DST | SAMPLED | STORAGE | COLOR_ATTACHMENT | INPUT_ATTACHMENT
NSDIAG gbuffer target target_id=1879048212 exists=true recreate=false colors=3 depth=true extent=1280x720
NSDIAG deferred-target label='deferred_lighting' gbuffer_target=1879048212 lit_target=1879048196 lit_initialized_before=false
NSDIAG vkCreateSwapchainKHR format=B8G8R8A8_SRGB usage=TRANSFER_SRC | TRANSFER_DST | COLOR_ATTACHMENT bits=0x13 supported=TRANSFER_SRC | TRANSFER_DST | SAMPLED | STORAGE | COLOR_ATTACHMENT | INPUT_ATTACHMENT
NSDIAG gbuffer target target_id=1879048212 exists=true recreate=false colors=3 depth=true extent=1280x720
NSDIAG deferred-target label='deferred_lighting' gbuffer_target=1879048212 lit_target=1879048196 lit_initialized_before=false
NSDIAG vkCreateSwapchainKHR format=B8G8R8A8_SRGB usage=TRANSFER_SRC | TRANSFER_DST | COLOR_ATTACHMENT bits=0x13 supported=TRANSFER_SRC | TRANSFER_DST | SAMPLED | STORAGE | COLOR_ATTACHMENT | INPUT_ATTACHMENT
[09:18:01.116] [[1;32mINFO [0m] fps-character: native turn-in-place completed player=4294967312 side=left angle_deg=90 start_yaw_deg=-180.00 applied_yaw_deg=89.992 residual_deg=0.008 max_step_deg=6.0 policy=no-snap-no-teleport
NSDIAG gbuffer target target_id=1879048212 exists=true recreate=false colors=3 depth=true extent=1280x720
NSDIAG deferred-target label='deferred_lighting' gbuffer_target=1879048212 lit_target=1879048196 lit_initialized_before=false
NSDIAG vkCreateSwapchainKHR format=B8G8R8A8_SRGB usage=TRANSFER_SRC | TRANSFER_DST | COLOR_ATTACHMENT bits=0x13 supported=TRANSFER_SRC | TRANSFER_DST | SAMPLED | STORAGE | COLOR_ATTACHMENT | INPUT_ATTACHMENT
NSDIAG gbuffer target target_id=1879048212 exists=true recreate=false colors=3 depth=true extent=1280x720
NSDIAG deferred-target label='deferred_lighting' gbuffer_target=1879048212 lit_target=1879048196 lit_initialized_before=false
NSDIAG vkCreateSwapchainKHR format=B8G8R8A8_SRGB usage=TRANSFER_SRC | TRANSFER_DST | COLOR_ATTACHMENT bits=0x13 supported=TRANSFER_SRC | TRANSFER_DST | SAMPLED | STORAGE | COLOR_ATTACHMENT | INPUT_ATTACHMENT
NSDIAG gbuffer target target_id=1879048212 exists=true recreate=false colors=3 depth=true extent=1280x720
NSDIAG deferred-target label='deferred_lighting' gbuffer_target=1879048212 lit_target=1879048196 lit_initialized_before=false
NSDIAG vkCreateSwapchainKHR format=B8G8R8A8_SRGB usage=TRANSFER_SRC | TRANSFER_DST | COLOR_ATTACHMENT bits=0x13 supported=TRANSFER_SRC | TRANSFER_DST | SAMPLED | STORAGE | COLOR_ATTACHMENT | INPUT_ATTACHMENT
NSDIAG gbuffer target target_id=1879048212 exists=true recreate=false colors=3 depth=true extent=1280x720
NSDIAG deferred-target label='deferred_lighting' gbuffer_target=1879048212 lit_target=1879048196 lit_initialized_before=false
NSDIAG vkCreateSwapchainKHR format=B8G8R8A8_SRGB usage=TRANSFER_SRC | TRANSFER_DST | COLOR_ATTACHMENT bits=0x13 supported=TRANSFER_SRC | TRANSFER_DST | SAMPLED | STORAGE | COLOR_ATTACHMENT | INPUT_ATTACHMENT
NSDIAG gbuffer target target_id=1879048212 exists=true recreate=false colors=3 depth=true extent=1280x720
NSDIAG deferred-target label='deferred_lighting' gbuffer_target=1879048212 lit_target=1879048196 lit_initialized_before=false
NSDIAG vkCreateSwapchainKHR format=B8G8R8A8_SRGB usage=TRANSFER_SRC | TRANSFER_DST | COLOR_ATTACHMENT bits=0x13 supported=TRANSFER_SRC | TRANSFER_DST | SAMPLED | STORAGE | COLOR_ATTACHMENT | INPUT_ATTACHMENT
NSDIAG gbuffer target target_id=1879048212 exists=true recreate=false colors=3 depth=true extent=1280x720
NSDIAG deferred-target label='deferred_lighting' gbuffer_target=1879048212 lit_target=1879048196 lit_initialized_before=false
NSDIAG vkCreateSwapchainKHR format=B8G8R8A8_SRGB usage=TRANSFER_SRC | TRANSFER_DST | COLOR_ATTACHMENT bits=0x13 supported=TRANSFER_SRC | TRANSFER_DST | SAMPLED | STORAGE | COLOR_ATTACHMENT | INPUT_ATTACHMENT
NSDIAG gbuffer target target_id=1879048212 exists=true recreate=false colors=3 depth=true extent=1280x720
NSDIAG deferred-target label='deferred_lighting' gbuffer_target=1879048212 lit_target=1879048196 lit_initialized_before=false
NSDIAG vkCreateSwapchainKHR format=B8G8R8A8_SRGB usage=TRANSFER_SRC | TRANSFER_DST | COLOR_ATTACHMENT bits=0x13 supported=TRANSFER_SRC | TRANSFER_DST | SAMPLED | STORAGE | COLOR_ATTACHMENT | INPUT_ATTACHMENT
NSDIAG gbuffer target target_id=1879048212 exists=true recreate=false colors=3 depth=true extent=1280x720
NSDIAG deferred-target label='deferred_lighting' gbuffer_target=1879048212 lit_target=1879048196 lit_initialized_before=false
NSDIAG vkCreateSwapchainKHR format=B8G8R8A8_SRGB usage=TRANSFER_SRC | TRANSFER_DST | COLOR_ATTACHMENT bits=0x13 supported=TRANSFER_SRC | TRANSFER_DST | SAMPLED | STORAGE | COLOR_ATTACHMENT | INPUT_ATTACHMENT
NSDIAG gbuffer target target_id=1879048212 exists=true recreate=false colors=3 depth=true extent=1280x720
NSDIAG deferred-target label='deferred_lighting' gbuffer_target=1879048212 lit_target=1879048196 lit_initialized_before=false
NSDIAG vkCreateSwapchainKHR format=B8G8R8A8_SRGB usage=TRANSFER_SRC | TRANSFER_DST | COLOR_ATTACHMENT bits=0x13 supported=TRANSFER_SRC | TRANSFER_DST | SAMPLED | STORAGE | COLOR_ATTACHMENT | INPUT_ATTACHMENT
NSDIAG gbuffer target target_id=1879048212 exists=true recreate=false colors=3 depth=true extent=1280x720
NSDIAG deferred-target label='deferred_lighting' gbuffer_target=1879048212 lit_target=1879048196 lit_initialized_before=false
NSDIAG vkCreateSwapchainKHR format=B8G8R8A8_SRGB usage=TRANSFER_SRC | TRANSFER_DST | COLOR_ATTACHMENT bits=0x13 supported=TRANSFER_SRC | TRANSFER_DST | SAMPLED | STORAGE | COLOR_ATTACHMENT | INPUT_ATTACHMENT
NSDIAG gbuffer target target_id=1879048212 exists=true recreate=false colors=3 depth=true extent=1280x720
NSDIAG deferred-target label='deferred_lighting' gbuffer_target=1879048212 lit_target=1879048196 lit_initialized_before=false
NSDIAG vkCreateSwapchainKHR format=B8G8R8A8_SRGB usage=TRANSFER_SRC | TRANSFER_DST | COLOR_ATTACHMENT bits=0x13 supported=TRANSFER_SRC | TRANSFER_DST | SAMPLED | STORAGE | COLOR_ATTACHMENT | INPUT_ATTACHMENT
NSDIAG gbuffer target target_id=1879048212 exists=true recreate=false colors=3 depth=true extent=1280x720
NSDIAG deferred-target label='deferred_lighting' gbuffer_target=1879048212 lit_target=1879048196 lit_initialized_before=false
NSDIAG vkCreateSwapchainKHR format=B8G8R8A8_SRGB usage=TRANSFER_SRC | TRANSFER_DST | COLOR_ATTACHMENT bits=0x13 supported=TRANSFER_SRC | TRANSFER_DST | SAMPLED | STORAGE | COLOR_ATTACHMENT | INPUT_ATTACHMENT
NSDIAG gbuffer target target_id=1879048212 exists=true recreate=false colors=3 depth=true extent=1280x720
NSDIAG deferred-target label='deferred_lighting' gbuffer_target=1879048212 lit_target=1879048196 lit_initialized_before=false
NSDIAG vkCreateSwapchainKHR format=B8G8R8A8_SRGB usage=TRANSFER_SRC | TRANSFER_DST | COLOR_ATTACHMENT bits=0x13 supported=TRANSFER_SRC | TRANSFER_DST | SAMPLED | STORAGE | COLOR_ATTACHMENT | INPUT_ATTACHMENT
NSDIAG gbuffer target target_id=1879048212 exists=true recreate=false colors=3 depth=true extent=1280x720
NSDIAG deferred-target label='deferred_lighting' gbuffer_target=1879048212 lit_target=1879048196 lit_initialized_before=false
NSDIAG vkCreateSwapchainKHR format=B8G8R8A8_SRGB usage=TRANSFER_SRC | TRANSFER_DST | COLOR_ATTACHMENT bits=0x13 supported=TRANSFER_SRC | TRANSFER_DST | SAMPLED | STORAGE | COLOR_ATTACHMENT | INPUT_ATTACHMENT
NSDIAG gbuffer target target_id=1879048212 exists=true recreate=false colors=3 depth=true extent=1280x720
NSDIAG deferred-target label='deferred_lighting' gbuffer_target=1879048212 lit_target=1879048196 lit_initialized_before=false
NSDIAG vkCreateSwapchainKHR format=B8G8R8A8_SRGB usage=TRANSFER_SRC | TRANSFER_DST | COLOR_ATTACHMENT bits=0x13 supported=TRANSFER_SRC | TRANSFER_DST | SAMPLED | STORAGE | COLOR_ATTACHMENT | INPUT_ATTACHMENT
NSDIAG gbuffer target target_id=1879048212 exists=true recreate=false colors=3 depth=true extent=1280x720
NSDIAG deferred-target label='deferred_lighting' gbuffer_target=1879048212 lit_target=1879048196 lit_initialized_before=false
NSDIAG vkCreateSwapchainKHR format=B8G8R8A8_SRGB usage=TRANSFER_SRC | TRANSFER_DST | COLOR_ATTACHMENT bits=0x13 supported=TRANSFER_SRC | TRANSFER_DST | SAMPLED | STORAGE | COLOR_ATTACHMENT | INPUT_ATTACHMENT
NSDIAG gbuffer target target_id=1879048212 exists=true recreate=false colors=3 depth=true extent=1280x720
NSDIAG deferred-target label='deferred_lighting' gbuffer_target=1879048212 lit_target=1879048196 lit_initialized_before=false
NSDIAG vkCreateSwapchainKHR format=B8G8R8A8_SRGB usage=TRANSFER_SRC | TRANSFER_DST | COLOR_ATTACHMENT bits=0x13 supported=TRANSFER_SRC | TRANSFER_DST | SAMPLED | STORAGE | COLOR_ATTACHMENT | INPUT_ATTACHMENT
NSDIAG gbuffer target target_id=1879048212 exists=true recreate=false colors=3 depth=true extent=1280x720
NSDIAG deferred-target label='deferred_lighting' gbuffer_target=1879048212 lit_target=1879048196 lit_initialized_before=false
NSDIAG vkCreateSwapchainKHR format=B8G8R8A8_SRGB usage=TRANSFER_SRC | TRANSFER_DST | COLOR_ATTACHMENT bits=0x13 supported=TRANSFER_SRC | TRANSFER_DST | SAMPLED | STORAGE | COLOR_ATTACHMENT | INPUT_ATTACHMENT
[09:18:01.256] [[1;32mINFO [0m] render.shadow_setup.profile: frame=360 total_ms=0.017 directional_plan_ms=0.007 directional_admission_ms=0.009 local_plan_ms=0.001 local_admission_ms=0.000 finalize_ms=0.000 render_directional=true render_local=false local_views=0
NSDIAG gbuffer target target_id=1879048212 exists=true recreate=false colors=3 depth=true extent=1280x720
NSDIAG graph-pass begin frame=360 id=120 label='shadow_cascade_map' kind=ShadowCascadeMap queue=Graphics draws=164
NSDIAG graph-pass end frame=360 id=120 label='shadow_cascade_map' kind=ShadowCascadeMap ok=true
NSDIAG graph-pass begin frame=360 id=560 label='particle_simulation' kind=ParticleSimulation queue=Compute draws=0
NSDIAG graph-pass end frame=360 id=560 label='particle_simulation' kind=ParticleSimulation ok=true
NSDIAG graph-pass begin frame=360 id=300 label='viewport_gbuffer' kind=GBuffer queue=Graphics draws=16
NSDIAG graph-pass end frame=360 id=300 label='viewport_gbuffer' kind=GBuffer ok=true
NSDIAG graph-pass begin frame=360 id=400 label='deferred_lighting' kind=DeferredLighting queue=Graphics draws=0
NSDIAG deferred-target label='deferred_lighting' gbuffer_target=1879048212 lit_target=1879048196 lit_initialized_before=false
NSDIAG graph-pass end frame=360 id=400 label='deferred_lighting' kind=DeferredLighting ok=false
[09:18:01.262] [[1;36mDEBUG[0m] render material cache: retired stale per-draw UBOs frame=360 retired=51 remaining=628 idle_frames=240
NSDIAG vkCreateSwapchainKHR format=B8G8R8A8_SRGB usage=TRANSFER_SRC | TRANSFER_DST | COLOR_ATTACHMENT bits=0x13 supported=TRANSFER_SRC | TRANSFER_DST | SAMPLED | STORAGE | COLOR_ATTACHMENT | INPUT_ATTACHMENT
NSDIAG gbuffer target target_id=1879048212 exists=true recreate=false colors=3 depth=true extent=1280x720
NSDIAG deferred-target label='deferred_lighting' gbuffer_target=1879048212 lit_target=1879048196 lit_initialized_before=false
NSDIAG vkCreateSwapchainKHR format=B8G8R8A8_SRGB usage=TRANSFER_SRC | TRANSFER_DST | COLOR_ATTACHMENT bits=0x13 supported=TRANSFER_SRC | TRANSFER_DST | SAMPLED | STORAGE | COLOR_ATTACHMENT | INPUT_ATTACHMENT
NSDIAG gbuffer target target_id=1879048212 exists=true recreate=false colors=3 depth=true extent=1280x720
NSDIAG deferred-target label='deferred_lighting' gbuffer_target=1879048212 lit_target=1879048196 lit_initialized_before=false
NSDIAG vkCreateSwapchainKHR format=B8G8R8A8_SRGB usage=TRANSFER_SRC | TRANSFER_DST | COLOR_ATTACHMENT bits=0x13 supported=TRANSFER_SRC | TRANSFER_DST | SAMPLED | STORAGE | COLOR_ATTACHMENT | INPUT_ATTACHMENT
NSDIAG gbuffer target target_id=1879048212 exists=true recreate=false colors=3 depth=true extent=1280x720
NSDIAG deferred-target label='deferred_lighting' gbuffer_target=1879048212 lit_target=1879048196 lit_initialized_before=false
NSDIAG vkCreateSwapchainKHR format=B8G8R8A8_SRGB usage=TRANSFER_SRC | TRANSFER_DST | COLOR_ATTACHMENT bits=0x13 supported=TRANSFER_SRC | TRANSFER_DST | SAMPLED | STORAGE | COLOR_ATTACHMENT | INPUT_ATTACHMENT
NSDIAG gbuffer target target_id=1879048212 exists=true recreate=false colors=3 depth=true extent=1280x720
NSDIAG deferred-target label='deferred_lighting' gbuffer_target=1879048212 lit_target=1879048196 lit_initialized_before=false
NSDIAG vkCreateSwapchainKHR format=B8G8R8A8_SRGB usage=TRANSFER_SRC | TRANSFER_DST | COLOR_ATTACHMENT bits=0x13 supported=TRANSFER_SRC | TRANSFER_DST | SAMPLED | STORAGE | COLOR_ATTACHMENT | INPUT_ATTACHMENT
NSDIAG gbuffer target target_id=1879048212 exists=true recreate=false colors=3 depth=true extent=1280x720
NSDIAG deferred-target label='deferred_lighting' gbuffer_target=1879048212 lit_target=1879048196 lit_initialized_before=false
NSDIAG vkCreateSwapchainKHR format=B8G8R8A8_SRGB usage=TRANSFER_SRC | TRANSFER_DST | COLOR_ATTACHMENT bits=0x13 supported=TRANSFER_SRC | TRANSFER_DST | SAMPLED | STORAGE | COLOR_ATTACHMENT | INPUT_ATTACHMENT
NSDIAG gbuffer target target_id=1879048212 exists=true recreate=false colors=3 depth=true extent=1280x720
NSDIAG deferred-target label='deferred_lighting' gbuffer_target=1879048212 lit_target=1879048196 lit_initialized_before=false
NSDIAG vkCreateSwapchainKHR format=B8G8R8A8_SRGB usage=TRANSFER_SRC | TRANSFER_DST | COLOR_ATTACHMENT bits=0x13 supported=TRANSFER_SRC | TRANSFER_DST | SAMPLED | STORAGE | COLOR_ATTACHMENT | INPUT_ATTACHMENT
NSDIAG gbuffer target target_id=1879048212 exists=true recreate=false colors=3 depth=true extent=1280x720
NSDIAG deferred-target label='deferred_lighting' gbuffer_target=1879048212 lit_target=1879048196 lit_initialized_before=false
NSDIAG vkCreateSwapchainKHR format=B8G8R8A8_SRGB usage=TRANSFER_SRC | TRANSFER_DST | COLOR_ATTACHMENT bits=0x13 supported=TRANSFER_SRC | TRANSFER_DST | SAMPLED | STORAGE | COLOR_ATTACHMENT | INPUT_ATTACHMENT
NSDIAG gbuffer target target_id=1879048212 exists=true recreate=false colors=3 depth=true extent=1280x720
NSDIAG deferred-target label='deferred_lighting' gbuffer_target=1879048212 lit_target=1879048196 lit_initialized_before=false
NSDIAG vkCreateSwapchainKHR format=B8G8R8A8_SRGB usage=TRANSFER_SRC | TRANSFER_DST | COLOR_ATTACHMENT bits=0x13 supported=TRANSFER_SRC | TRANSFER_DST | SAMPLED | STORAGE | COLOR_ATTACHMENT | INPUT_ATTACHMENT
NSDIAG gbuffer target target_id=1879048212 exists=true recreate=false colors=3 depth=true extent=1280x720
NSDIAG deferred-target label='deferred_lighting' gbuffer_target=1879048212 lit_target=1879048196 lit_initialized_before=false
NSDIAG vkCreateSwapchainKHR format=B8G8R8A8_SRGB usage=TRANSFER_SRC | TRANSFER_DST | COLOR_ATTACHMENT bits=0x13 supported=TRANSFER_SRC | TRANSFER_DST | SAMPLED | STORAGE | COLOR_ATTACHMENT | INPUT_ATTACHMENT
NSDIAG gbuffer target target_id=1879048212 exists=true recreate=false colors=3 depth=true extent=1280x720
NSDIAG deferred-target label='deferred_lighting' gbuffer_target=1879048212 lit_target=1879048196 lit_initialized_before=false
NSDIAG vkCreateSwapchainKHR format=B8G8R8A8_SRGB usage=TRANSFER_SRC | TRANSFER_DST | COLOR_ATTACHMENT bits=0x13 supported=TRANSFER_SRC | TRANSFER_DST | SAMPLED | STORAGE | COLOR_ATTACHMENT | INPUT_ATTACHMENT
NSDIAG gbuffer target target_id=1879048212 exists=true recreate=false colors=3 depth=true extent=1280x720
NSDIAG deferred-target label='deferred_lighting' gbuffer_target=1879048212 lit_target=1879048196 lit_initialized_before=false
NSDIAG vkCreateSwapchainKHR format=B8G8R8A8_SRGB usage=TRANSFER_SRC | TRANSFER_DST | COLOR_ATTACHMENT bits=0x13 supported=TRANSFER_SRC | TRANSFER_DST | SAMPLED | STORAGE | COLOR_ATTACHMENT | INPUT_ATTACHMENT
NSDIAG gbuffer target target_id=1879048212 exists=true recreate=false colors=3 depth=true extent=1280x720
NSDIAG deferred-target label='deferred_lighting' gbuffer_target=1879048212 lit_target=1879048196 lit_initialized_before=false
NSDIAG vkCreateSwapchainKHR format=B8G8R8A8_SRGB usage=TRANSFER_SRC | TRANSFER_DST | COLOR_ATTACHMENT bits=0x13 supported=TRANSFER_SRC | TRANSFER_DST | SAMPLED | STORAGE | COLOR_ATTACHMENT | INPUT_ATTACHMENT
NSDIAG gbuffer target target_id=1879048212 exists=true recreate=false colors=3 depth=true extent=1280x720
NSDIAG deferred-target label='deferred_lighting' gbuffer_target=1879048212 lit_target=1879048196 lit_initialized_before=false
NSDIAG vkCreateSwapchainKHR format=B8G8R8A8_SRGB usage=TRANSFER_SRC | TRANSFER_DST | COLOR_ATTACHMENT bits=0x13 supported=TRANSFER_SRC | TRANSFER_DST | SAMPLED | STORAGE | COLOR_ATTACHMENT | INPUT_ATTACHMENT
NSDIAG gbuffer target target_id=1879048212 exists=true recreate=false colors=3 depth=true extent=1280x720
NSDIAG deferred-target label='deferred_lighting' gbuffer_target=1879048212 lit_target=1879048196 lit_initialized_before=false
NSDIAG vkCreateSwapchainKHR format=B8G8R8A8_SRGB usage=TRANSFER_SRC | TRANSFER_DST | COLOR_ATTACHMENT bits=0x13 supported=TRANSFER_SRC | TRANSFER_DST | SAMPLED | STORAGE | COLOR_ATTACHMENT | INPUT_ATTACHMENT
NSDIAG gbuffer target target_id=1879048212 exists=true recreate=false colors=3 depth=true extent=1280x720
NSDIAG deferred-target label='deferred_lighting' gbuffer_target=1879048212 lit_target=1879048196 lit_initialized_before=false
NSDIAG vkCreateSwapchainKHR format=B8G8R8A8_SRGB usage=TRANSFER_SRC | TRANSFER_DST | COLOR_ATTACHMENT bits=0x13 supported=TRANSFER_SRC | TRANSFER_DST | SAMPLED | STORAGE | COLOR_ATTACHMENT | INPUT_ATTACHMENT
NSDIAG gbuffer target target_id=1879048212 exists=true recreate=false colors=3 depth=true extent=1280x720
NSDIAG deferred-target label='deferred_lighting' gbuffer_target=1879048212 lit_target=1879048196 lit_initialized_before=false
NSDIAG vkCreateSwapchainKHR format=B8G8R8A8_SRGB usage=TRANSFER_SRC | TRANSFER_DST | COLOR_ATTACHMENT bits=0x13 supported=TRANSFER_SRC | TRANSFER_DST | SAMPLED | STORAGE | COLOR_ATTACHMENT | INPUT_ATTACHMENT
NSDIAG gbuffer target target_id=1879048212 exists=true recreate=false colors=3 depth=true extent=1280x720
NSDIAG deferred-target label='deferred_lighting' gbuffer_target=1879048212 lit_target=1879048196 lit_initialized_before=false
NSDIAG vkCreateSwapchainKHR format=B8G8R8A8_SRGB usage=TRANSFER_SRC | TRANSFER_DST | COLOR_ATTACHMENT bits=0x13 supported=TRANSFER_SRC | TRANSFER_DST | SAMPLED | STORAGE | COLOR_ATTACHMENT | INPUT_ATTACHMENT
NSDIAG gbuffer target target_id=1879048212 exists=true recreate=false colors=3 depth=true extent=1280x720
NSDIAG deferred-target label='deferred_lighting' gbuffer_target=1879048212 lit_target=1879048196 lit_initialized_before=false
NSDIAG vkCreateSwapchainKHR format=B8G8R8A8_SRGB usage=TRANSFER_SRC | TRANSFER_DST | COLOR_ATTACHMENT bits=0x13 supported=TRANSFER_SRC | TRANSFER_DST | SAMPLED | STORAGE | COLOR_ATTACHMENT | INPUT_ATTACHMENT
NSDIAG gbuffer target target_id=1879048212 exists=true recreate=false colors=3 depth=true extent=1280x720
NSDIAG deferred-target label='deferred_lighting' gbuffer_target=1879048212 lit_target=1879048196 lit_initialized_before=false
NSDIAG vkCreateSwapchainKHR format=B8G8R8A8_SRGB usage=TRANSFER_SRC | TRANSFER_DST | COLOR_ATTACHMENT bits=0x13 supported=TRANSFER_SRC | TRANSFER_DST | SAMPLED | STORAGE | COLOR_ATTACHMENT | INPUT_ATTACHMENT
NSDIAG gbuffer target target_id=1879048212 exists=true recreate=false colors=3 depth=true extent=1280x720
NSDIAG deferred-target label='deferred_lighting' gbuffer_target=1879048212 lit_target=1879048196 lit_initialized_before=false
NSDIAG vkCreateSwapchainKHR format=B8G8R8A8_SRGB usage=TRANSFER_SRC | TRANSFER_DST | COLOR_ATTACHMENT bits=0x13 supported=TRANSFER_SRC | TRANSFER_DST | SAMPLED | STORAGE | COLOR_ATTACHMENT | INPUT_ATTACHMENT
NSDIAG gbuffer target target_id=1879048212 exists=true recreate=false colors=3 depth=true extent=1280x720
NSDIAG deferred-target label='deferred_lighting' gbuffer_target=1879048212 lit_target=1879048196 lit_initialized_before=false
NSDIAG vkCreateSwapchainKHR format=B8G8R8A8_SRGB usage=TRANSFER_SRC | TRANSFER_DST | COLOR_ATTACHMENT bits=0x13 supported=TRANSFER_SRC | TRANSFER_DST | SAMPLED | STORAGE | COLOR_ATTACHMENT | INPUT_ATTACHMENT
NSDIAG gbuffer target target_id=1879048212 exists=true recreate=false colors=3 depth=true extent=1280x720
NSDIAG deferred-target label='deferred_lighting' gbuffer_target=1879048212 lit_target=1879048196 lit_initialized_before=false
NSDIAG vkCreateSwapchainKHR format=B8G8R8A8_SRGB usage=TRANSFER_SRC | TRANSFER_DST | COLOR_ATTACHMENT bits=0x13 supported=TRANSFER_SRC | TRANSFER_DST | SAMPLED | STORAGE | COLOR_ATTACHMENT | INPUT_ATTACHMENT
NSDIAG gbuffer target target_id=1879048212 exists=true recreate=false colors=3 depth=true extent=1280x720
NSDIAG deferred-target label='deferred_lighting' gbuffer_target=1879048212 lit_target=1879048196 lit_initialized_before=false
NSDIAG vkCreateSwapchainKHR format=B8G8R8A8_SRGB usage=TRANSFER_SRC | TRANSFER_DST | COLOR_ATTACHMENT bits=0x13 supported=TRANSFER_SRC | TRANSFER_DST | SAMPLED | STORAGE | COLOR_ATTACHMENT | INPUT_ATTACHMENT
NSDIAG gbuffer target target_id=1879048212 exists=true recreate=false colors=3 depth=true extent=1280x720
NSDIAG deferred-target label='deferred_lighting' gbuffer_target=1879048212 lit_target=1879048196 lit_initialized_before=false
NSDIAG vkCreateSwapchainKHR format=B8G8R8A8_SRGB usage=TRANSFER_SRC | TRANSFER_DST | COLOR_ATTACHMENT bits=0x13 supported=TRANSFER_SRC | TRANSFER_DST | SAMPLED | STORAGE | COLOR_ATTACHMENT | INPUT_ATTACHMENT
NSDIAG gbuffer target target_id=1879048212 exists=true recreate=false colors=3 depth=true extent=1280x720
NSDIAG deferred-target label='deferred_lighting' gbuffer_target=1879048212 lit_target=1879048196 lit_initialized_before=false
NSDIAG vkCreateSwapchainKHR format=B8G8R8A8_SRGB usage=TRANSFER_SRC | TRANSFER_DST | COLOR_ATTACHMENT bits=0x13 supported=TRANSFER_SRC | TRANSFER_DST | SAMPLED | STORAGE | COLOR_ATTACHMENT | INPUT_ATTACHMENT
NSDIAG gbuffer target target_id=1879048212 exists=true recreate=false colors=3 depth=true extent=1280x720
NSDIAG deferred-target label='deferred_lighting' gbuffer_target=1879048212 lit_target=1879048196 lit_initialized_before=false
NSDIAG vkCreateSwapchainKHR format=B8G8R8A8_SRGB usage=TRANSFER_SRC | TRANSFER_DST | COLOR_ATTACHMENT bits=0x13 supported=TRANSFER_SRC | TRANSFER_DST | SAMPLED | STORAGE | COLOR_ATTACHMENT | INPUT_ATTACHMENT
NSDIAG gbuffer target target_id=1879048212 exists=true recreate=false colors=3 depth=true extent=1280x720
NSDIAG deferred-target label='deferred_lighting' gbuffer_target=1879048212 lit_target=1879048196 lit_initialized_before=false
NSDIAG vkCreateSwapchainKHR format=B8G8R8A8_SRGB usage=TRANSFER_SRC | TRANSFER_DST | COLOR_ATTACHMENT bits=0x13 supported=TRANSFER_SRC | TRANSFER_DST | SAMPLED | STORAGE | COLOR_ATTACHMENT | INPUT_ATTACHMENT
NSDIAG gbuffer target target_id=1879048212 exists=true recreate=false colors=3 depth=true extent=1280x720
NSDIAG deferred-target label='deferred_lighting' gbuffer_target=1879048212 lit_target=1879048196 lit_initialized_before=false
NSDIAG vkCreateSwapchainKHR format=B8G8R8A8_SRGB usage=TRANSFER_SRC | TRANSFER_DST | COLOR_ATTACHMENT bits=0x13 supported=TRANSFER_SRC | TRANSFER_DST | SAMPLED | STORAGE | COLOR_ATTACHMENT | INPUT_ATTACHMENT
NSDIAG gbuffer target target_id=1879048212 exists=true recreate=false colors=3 depth=true extent=1280x720
NSDIAG deferred-target label='deferred_lighting' gbuffer_target=1879048212 lit_target=1879048196 lit_initialized_before=false
NSDIAG vkCreateSwapchainKHR format=B8G8R8A8_SRGB usage=TRANSFER_SRC | TRANSFER_DST | COLOR_ATTACHMENT bits=0x13 supported=TRANSFER_SRC | TRANSFER_DST | SAMPLED | STORAGE | COLOR_ATTACHMENT | INPUT_ATTACHMENT
NSDIAG gbuffer target target_id=1879048212 exists=true recreate=false colors=3 depth=true extent=1280x720
NSDIAG graph-pass begin frame=390 id=120 label='shadow_cascade_map' kind=ShadowCascadeMap queue=Graphics draws=164
NSDIAG graph-pass end frame=390 id=120 label='shadow_cascade_map' kind=ShadowCascadeMap ok=true
NSDIAG graph-pass begin frame=390 id=560 label='particle_simulation' kind=ParticleSimulation queue=Compute draws=0
NSDIAG graph-pass end frame=390 id=560 label='particle_simulation' kind=ParticleSimulation ok=true
NSDIAG graph-pass begin frame=390 id=300 label='viewport_gbuffer' kind=GBuffer queue=Graphics draws=16
NSDIAG graph-pass end frame=390 id=300 label='viewport_gbuffer' kind=GBuffer ok=true
NSDIAG graph-pass begin frame=390 id=400 label='deferred_lighting' kind=DeferredLighting queue=Graphics draws=0
NSDIAG deferred-target label='deferred_lighting' gbuffer_target=1879048212 lit_target=1879048196 lit_initialized_before=false
NSDIAG graph-pass end frame=390 id=400 label='deferred_lighting' kind=DeferredLighting ok=false
NSDIAG vkCreateSwapchainKHR format=B8G8R8A8_SRGB usage=TRANSFER_SRC | TRANSFER_DST | COLOR_ATTACHMENT bits=0x13 supported=TRANSFER_SRC | TRANSFER_DST | SAMPLED | STORAGE | COLOR_ATTACHMENT | INPUT_ATTACHMENT
NSDIAG gbuffer target target_id=1879048212 exists=true recreate=false colors=3 depth=true extent=1280x720
NSDIAG deferred-target label='deferred_lighting' gbuffer_target=1879048212 lit_target=1879048196 lit_initialized_before=false
NSDIAG vkCreateSwapchainKHR format=B8G8R8A8_SRGB usage=TRANSFER_SRC | TRANSFER_DST | COLOR_ATTACHMENT bits=0x13 supported=TRANSFER_SRC | TRANSFER_DST | SAMPLED | STORAGE | COLOR_ATTACHMENT | INPUT_ATTACHMENT
NSDIAG gbuffer target target_id=1879048212 exists=true recreate=false colors=3 depth=true extent=1280x720
NSDIAG deferred-target label='deferred_lighting' gbuffer_target=1879048212 lit_target=1879048196 lit_initialized_before=false
NSDIAG vkCreateSwapchainKHR format=B8G8R8A8_SRGB usage=TRANSFER_SRC | TRANSFER_DST | COLOR_ATTACHMENT bits=0x13 supported=TRANSFER_SRC | TRANSFER_DST | SAMPLED | STORAGE | COLOR_ATTACHMENT | INPUT_ATTACHMENT
NSDIAG gbuffer target target_id=1879048212 exists=true recreate=false colors=3 depth=true extent=1280x720
NSDIAG deferred-target label='deferred_lighting' gbuffer_target=1879048212 lit_target=1879048196 lit_initialized_before=false
NSDIAG vkCreateSwapchainKHR format=B8G8R8A8_SRGB usage=TRANSFER_SRC | TRANSFER_DST | COLOR_ATTACHMENT bits=0x13 supported=TRANSFER_SRC | TRANSFER_DST | SAMPLED | STORAGE | COLOR_ATTACHMENT | INPUT_ATTACHMENT
NSDIAG gbuffer target target_id=1879048212 exists=true recreate=false colors=3 depth=true extent=1280x720
NSDIAG deferred-target label='deferred_lighting' gbuffer_target=1879048212 lit_target=1879048196 lit_initialized_before=false
NSDIAG vkCreateSwapchainKHR format=B8G8R8A8_SRGB usage=TRANSFER_SRC | TRANSFER_DST | COLOR_ATTACHMENT bits=0x13 supported=TRANSFER_SRC | TRANSFER_DST | SAMPLED | STORAGE | COLOR_ATTACHMENT | INPUT_ATTACHMENT
NSDIAG gbuffer target target_id=1879048212 exists=true recreate=false colors=3 depth=true extent=1280x720
NSDIAG deferred-target label='deferred_lighting' gbuffer_target=1879048212 lit_target=1879048196 lit_initialized_before=false
NSDIAG vkCreateSwapchainKHR format=B8G8R8A8_SRGB usage=TRANSFER_SRC | TRANSFER_DST | COLOR_ATTACHMENT bits=0x13 supported=TRANSFER_SRC | TRANSFER_DST | SAMPLED | STORAGE | COLOR_ATTACHMENT | INPUT_ATTACHMENT
NSDIAG gbuffer target target_id=1879048212 exists=true recreate=false colors=3 depth=true extent=1280x720
NSDIAG deferred-target label='deferred_lighting' gbuffer_target=1879048212 lit_target=1879048196 lit_initialized_before=false
NSDIAG vkCreateSwapchainKHR format=B8G8R8A8_SRGB usage=TRANSFER_SRC | TRANSFER_DST | COLOR_ATTACHMENT bits=0x13 supported=TRANSFER_SRC | TRANSFER_DST | SAMPLED | STORAGE | COLOR_ATTACHMENT | INPUT_ATTACHMENT
NSDIAG gbuffer target target_id=1879048212 exists=true recreate=false colors=3 depth=true extent=1280x720
NSDIAG deferred-target label='deferred_lighting' gbuffer_target=1879048212 lit_target=1879048196 lit_initialized_before=false
NSDIAG vkCreateSwapchainKHR format=B8G8R8A8_SRGB usage=TRANSFER_SRC | TRANSFER_DST | COLOR_ATTACHMENT bits=0x13 supported=TRANSFER_SRC | TRANSFER_DST | SAMPLED | STORAGE | COLOR_ATTACHMENT | INPUT_ATTACHMENT
NSDIAG gbuffer target target_id=1879048212 exists=true recreate=false colors=3 depth=true extent=1280x720
NSDIAG deferred-target label='deferred_lighting' gbuffer_target=1879048212 lit_target=1879048196 lit_initialized_before=false
NSDIAG vkCreateSwapchainKHR format=B8G8R8A8_SRGB usage=TRANSFER_SRC | TRANSFER_DST | COLOR_ATTACHMENT bits=0x13 supported=TRANSFER_SRC | TRANSFER_DST | SAMPLED | STORAGE | COLOR_ATTACHMENT | INPUT_ATTACHMENT
NSDIAG gbuffer target target_id=1879048212 exists=true recreate=false colors=3 depth=true extent=1280x720
NSDIAG deferred-target label='deferred_lighting' gbuffer_target=1879048212 lit_target=1879048196 lit_initialized_before=false
NSDIAG vkCreateSwapchainKHR format=B8G8R8A8_SRGB usage=TRANSFER_SRC | TRANSFER_DST | COLOR_ATTACHMENT bits=0x13 supported=TRANSFER_SRC | TRANSFER_DST | SAMPLED | STORAGE | COLOR_ATTACHMENT | INPUT_ATTACHMENT
NSDIAG gbuffer target target_id=1879048212 exists=true recreate=false colors=3 depth=true extent=1280x720
NSDIAG deferred-target label='deferred_lighting' gbuffer_target=1879048212 lit_target=1879048196 lit_initialized_before=false
NSDIAG vkCreateSwapchainKHR format=B8G8R8A8_SRGB usage=TRANSFER_SRC | TRANSFER_DST | COLOR_ATTACHMENT bits=0x13 supported=TRANSFER_SRC | TRANSFER_DST | SAMPLED | STORAGE | COLOR_ATTACHMENT | INPUT_ATTACHMENT
NSDIAG gbuffer target target_id=1879048212 exists=true recreate=false colors=3 depth=true extent=1280x720
NSDIAG deferred-target label='deferred_lighting' gbuffer_target=1879048212 lit_target=1879048196 lit_initialized_before=false
NSDIAG vkCreateSwapchainKHR format=B8G8R8A8_SRGB usage=TRANSFER_SRC | TRANSFER_DST | COLOR_ATTACHMENT bits=0x13 supported=TRANSFER_SRC | TRANSFER_DST | SAMPLED | STORAGE | COLOR_ATTACHMENT | INPUT_ATTACHMENT
NSDIAG gbuffer target target_id=1879048212 exists=true recreate=false colors=3 depth=true extent=1280x720
NSDIAG deferred-target label='deferred_lighting' gbuffer_target=1879048212 lit_target=1879048196 lit_initialized_before=false
NSDIAG vkCreateSwapchainKHR format=B8G8R8A8_SRGB usage=TRANSFER_SRC | TRANSFER_DST | COLOR_ATTACHMENT bits=0x13 supported=TRANSFER_SRC | TRANSFER_DST | SAMPLED | STORAGE | COLOR_ATTACHMENT | INPUT_ATTACHMENT
NSDIAG gbuffer target target_id=1879048212 exists=true recreate=false colors=3 depth=true extent=1280x720
NSDIAG deferred-target label='deferred_lighting' gbuffer_target=1879048212 lit_target=1879048196 lit_initialized_before=false
NSDIAG vkCreateSwapchainKHR format=B8G8R8A8_SRGB usage=TRANSFER_SRC | TRANSFER_DST | COLOR_ATTACHMENT bits=0x13 supported=TRANSFER_SRC | TRANSFER_DST | SAMPLED | STORAGE | COLOR_ATTACHMENT | INPUT_ATTACHMENT
NSDIAG gbuffer target target_id=1879048212 exists=true recreate=false colors=3 depth=true extent=1280x720
NSDIAG deferred-target label='deferred_lighting' gbuffer_target=1879048212 lit_target=1879048196 lit_initialized_before=false
NSDIAG vkCreateSwapchainKHR format=B8G8R8A8_SRGB usage=TRANSFER_SRC | TRANSFER_DST | COLOR_ATTACHMENT bits=0x13 supported=TRANSFER_SRC | TRANSFER_DST | SAMPLED | STORAGE | COLOR_ATTACHMENT | INPUT_ATTACHMENT
NSDIAG gbuffer target target_id=1879048212 exists=true recreate=false colors=3 depth=true extent=1280x720
NSDIAG deferred-target label='deferred_lighting' gbuffer_target=1879048212 lit_target=1879048196 lit_initialized_before=false
NSDIAG vkCreateSwapchainKHR format=B8G8R8A8_SRGB usage=TRANSFER_SRC | TRANSFER_DST | COLOR_ATTACHMENT bits=0x13 supported=TRANSFER_SRC | TRANSFER_DST | SAMPLED | STORAGE | COLOR_ATTACHMENT | INPUT_ATTACHMENT
NSDIAG gbuffer target target_id=1879048212 exists=true recreate=false colors=3 depth=true extent=1280x720
NSDIAG deferred-target label='deferred_lighting' gbuffer_target=1879048212 lit_target=1879048196 lit_initialized_before=false
NSDIAG vkCreateSwapchainKHR format=B8G8R8A8_SRGB usage=TRANSFER_SRC | TRANSFER_DST | COLOR_ATTACHMENT bits=0x13 supported=TRANSFER_SRC | TRANSFER_DST | SAMPLED | STORAGE | COLOR_ATTACHMENT | INPUT_ATTACHMENT
NSDIAG gbuffer target target_id=1879048212 exists=true recreate=false colors=3 depth=true extent=1280x720
NSDIAG deferred-target label='deferred_lighting' gbuffer_target=1879048212 lit_target=1879048196 lit_initialized_before=false
NSDIAG vkCreateSwapchainKHR format=B8G8R8A8_SRGB usage=TRANSFER_SRC | TRANSFER_DST | COLOR_ATTACHMENT bits=0x13 supported=TRANSFER_SRC | TRANSFER_DST | SAMPLED | STORAGE | COLOR_ATTACHMENT | INPUT_ATTACHMENT
NSDIAG gbuffer target target_id=1879048212 exists=true recreate=false colors=3 depth=true extent=1280x720
NSDIAG deferred-target label='deferred_lighting' gbuffer_target=1879048212 lit_target=1879048196 lit_initialized_before=false
NSDIAG vkCreateSwapchainKHR format=B8G8R8A8_SRGB usage=TRANSFER_SRC | TRANSFER_DST | COLOR_ATTACHMENT bits=0x13 supported=TRANSFER_SRC | TRANSFER_DST | SAMPLED | STORAGE | COLOR_ATTACHMENT | INPUT_ATTACHMENT
NSDIAG gbuffer target target_id=1879048212 exists=true recreate=false colors=3 depth=true extent=1280x720
NSDIAG deferred-target label='deferred_lighting' gbuffer_target=1879048212 lit_target=1879048196 lit_initialized_before=false
NSDIAG vkCreateSwapchainKHR format=B8G8R8A8_SRGB usage=TRANSFER_SRC | TRANSFER_DST | COLOR_ATTACHMENT bits=0x13 supported=TRANSFER_SRC | TRANSFER_DST | SAMPLED | STORAGE | COLOR_ATTACHMENT | INPUT_ATTACHMENT
NSDIAG gbuffer target target_id=1879048212 exists=true recreate=false colors=3 depth=true extent=1280x720
NSDIAG deferred-target label='deferred_lighting' gbuffer_target=1879048212 lit_target=1879048196 lit_initialized_before=false
NSDIAG vkCreateSwapchainKHR format=B8G8R8A8_SRGB usage=TRANSFER_SRC | TRANSFER_DST | COLOR_ATTACHMENT bits=0x13 supported=TRANSFER_SRC | TRANSFER_DST | SAMPLED | STORAGE | COLOR_ATTACHMENT | INPUT_ATTACHMENT
NSDIAG gbuffer target target_id=1879048212 exists=true recreate=false colors=3 depth=true extent=1280x720
NSDIAG deferred-target label='deferred_lighting' gbuffer_target=1879048212 lit_target=1879048196 lit_initialized_before=false
NSDIAG vkCreateSwapchainKHR format=B8G8R8A8_SRGB usage=TRANSFER_SRC | TRANSFER_DST | COLOR_ATTACHMENT bits=0x13 supported=TRANSFER_SRC | TRANSFER_DST | SAMPLED | STORAGE | COLOR_ATTACHMENT | INPUT_ATTACHMENT
NSDIAG gbuffer target target_id=1879048212 exists=true recreate=false colors=3 depth=true extent=1280x720
NSDIAG deferred-target label='deferred_lighting' gbuffer_target=1879048212 lit_target=1879048196 lit_initialized_before=false
NSDIAG vkCreateSwapchainKHR format=B8G8R8A8_SRGB usage=TRANSFER_SRC | TRANSFER_DST | COLOR_ATTACHMENT bits=0x13 supported=TRANSFER_SRC | TRANSFER_DST | SAMPLED | STORAGE | COLOR_ATTACHMENT | INPUT_ATTACHMENT
NSDIAG gbuffer target target_id=1879048212 exists=true recreate=false colors=3 depth=true extent=1280x720
NSDIAG deferred-target label='deferred_lighting' gbuffer_target=1879048212 lit_target=1879048196 lit_initialized_before=false
NSDIAG vkCreateSwapchainKHR format=B8G8R8A8_SRGB usage=TRANSFER_SRC | TRANSFER_DST | COLOR_ATTACHMENT bits=0x13 supported=TRANSFER_SRC | TRANSFER_DST | SAMPLED | STORAGE | COLOR_ATTACHMENT | INPUT_ATTACHMENT
NSDIAG gbuffer target target_id=1879048212 exists=true recreate=false colors=3 depth=true extent=1280x720
NSDIAG deferred-target label='deferred_lighting' gbuffer_target=1879048212 lit_target=1879048196 lit_initialized_before=false
NSDIAG vkCreateSwapchainKHR format=B8G8R8A8_SRGB usage=TRANSFER_SRC | TRANSFER_DST | COLOR_ATTACHMENT bits=0x13 supported=TRANSFER_SRC | TRANSFER_DST | SAMPLED | STORAGE | COLOR_ATTACHMENT | INPUT_ATTACHMENT
NSDIAG gbuffer target target_id=1879048212 exists=true recreate=false colors=3 depth=true extent=1280x720
NSDIAG deferred-target label='deferred_lighting' gbuffer_target=1879048212 lit_target=1879048196 lit_initialized_before=false
NSDIAG vkCreateSwapchainKHR format=B8G8R8A8_SRGB usage=TRANSFER_SRC | TRANSFER_DST | COLOR_ATTACHMENT bits=0x13 supported=TRANSFER_SRC | TRANSFER_DST | SAMPLED | STORAGE | COLOR_ATTACHMENT | INPUT_ATTACHMENT
NSDIAG gbuffer target target_id=1879048212 exists=true recreate=false colors=3 depth=true extent=1280x720
NSDIAG deferred-target label='deferred_lighting' gbuffer_target=1879048212 lit_target=1879048196 lit_initialized_before=false
NSDIAG vkCreateSwapchainKHR format=B8G8R8A8_SRGB usage=TRANSFER_SRC | TRANSFER_DST | COLOR_ATTACHMENT bits=0x13 supported=TRANSFER_SRC | TRANSFER_DST | SAMPLED | STORAGE | COLOR_ATTACHMENT | INPUT_ATTACHMENT
NSDIAG gbuffer target target_id=1879048212 exists=true recreate=false colors=3 depth=true extent=1280x720
NSDIAG deferred-target label='deferred_lighting' gbuffer_target=1879048212 lit_target=1879048196 lit_initialized_before=false
NSDIAG vkCreateSwapchainKHR format=B8G8R8A8_SRGB usage=TRANSFER_SRC | TRANSFER_DST | COLOR_ATTACHMENT bits=0x13 supported=TRANSFER_SRC | TRANSFER_DST | SAMPLED | STORAGE | COLOR_ATTACHMENT | INPUT_ATTACHMENT
NSDIAG gbuffer target target_id=1879048212 exists=true recreate=false colors=3 depth=true extent=1280x720
NSDIAG deferred-target label='deferred_lighting' gbuffer_target=1879048212 lit_target=1879048196 lit_initialized_before=false
NSDIAG vkCreateSwapchainKHR format=B8G8R8A8_SRGB usage=TRANSFER_SRC | TRANSFER_DST | COLOR_ATTACHMENT bits=0x13 supported=TRANSFER_SRC | TRANSFER_DST | SAMPLED | STORAGE | COLOR_ATTACHMENT | INPUT_ATTACHMENT
NSDIAG gbuffer target target_id=1879048212 exists=true recreate=false colors=3 depth=true extent=1280x720
NSDIAG deferred-target label='deferred_lighting' gbuffer_target=1879048212 lit_target=1879048196 lit_initialized_before=false
NSDIAG vkCreateSwapchainKHR format=B8G8R8A8_SRGB usage=TRANSFER_SRC | TRANSFER_DST | COLOR_ATTACHMENT bits=0x13 supported=TRANSFER_SRC | TRANSFER_DST | SAMPLED | STORAGE | COLOR_ATTACHMENT | INPUT_ATTACHMENT
NSDIAG gbuffer target target_id=1879048212 exists=true recreate=false colors=3 depth=true extent=1280x720
NSDIAG graph-pass begin frame=420 id=120 label='shadow_cascade_map' kind=ShadowCascadeMap queue=Graphics draws=164
NSDIAG graph-pass end frame=420 id=120 label='shadow_cascade_map' kind=ShadowCascadeMap ok=true
NSDIAG graph-pass begin frame=420 id=560 label='particle_simulation' kind=ParticleSimulation queue=Compute draws=0
NSDIAG graph-pass end frame=420 id=560 label='particle_simulation' kind=ParticleSimulation ok=true
NSDIAG graph-pass begin frame=420 id=300 label='viewport_gbuffer' kind=GBuffer queue=Graphics draws=16
NSDIAG graph-pass end frame=420 id=300 label='viewport_gbuffer' kind=GBuffer ok=true
NSDIAG graph-pass begin frame=420 id=400 label='deferred_lighting' kind=DeferredLighting queue=Graphics draws=0
NSDIAG deferred-target label='deferred_lighting' gbuffer_target=1879048212 lit_target=1879048196 lit_initialized_before=false
NSDIAG graph-pass end frame=420 id=400 label='deferred_lighting' kind=DeferredLighting ok=false
NSDIAG vkCreateSwapchainKHR format=B8G8R8A8_SRGB usage=TRANSFER_SRC | TRANSFER_DST | COLOR_ATTACHMENT bits=0x13 supported=TRANSFER_SRC | TRANSFER_DST | SAMPLED | STORAGE | COLOR_ATTACHMENT | INPUT_ATTACHMENT
NSDIAG gbuffer target target_id=1879048212 exists=true recreate=false colors=3 depth=true extent=1280x720
NSDIAG deferred-target label='deferred_lighting' gbuffer_target=1879048212 lit_target=1879048196 lit_initialized_before=false
NSDIAG vkCreateSwapchainKHR format=B8G8R8A8_SRGB usage=TRANSFER_SRC | TRANSFER_DST | COLOR_ATTACHMENT bits=0x13 supported=TRANSFER_SRC | TRANSFER_DST | SAMPLED | STORAGE | COLOR_ATTACHMENT | INPUT_ATTACHMENT
NSDIAG gbuffer target target_id=1879048212 exists=true recreate=false colors=3 depth=true extent=1280x720
NSDIAG deferred-target label='deferred_lighting' gbuffer_target=1879048212 lit_target=1879048196 lit_initialized_before=false
NSDIAG vkCreateSwapchainKHR format=B8G8R8A8_SRGB usage=TRANSFER_SRC | TRANSFER_DST | COLOR_ATTACHMENT bits=0x13 supported=TRANSFER_SRC | TRANSFER_DST | SAMPLED | STORAGE | COLOR_ATTACHMENT | INPUT_ATTACHMENT
NSDIAG gbuffer target target_id=1879048212 exists=true recreate=false colors=3 depth=true extent=1280x720
NSDIAG deferred-target label='deferred_lighting' gbuffer_target=1879048212 lit_target=1879048196 lit_initialized_before=false
NSDIAG vkCreateSwapchainKHR format=B8G8R8A8_SRGB usage=TRANSFER_SRC | TRANSFER_DST | COLOR_ATTACHMENT bits=0x13 supported=TRANSFER_SRC | TRANSFER_DST | SAMPLED | STORAGE | COLOR_ATTACHMENT | INPUT_ATTACHMENT
NSDIAG gbuffer target target_id=1879048212 exists=true recreate=false colors=3 depth=true extent=1280x720
NSDIAG deferred-target label='deferred_lighting' gbuffer_target=1879048212 lit_target=1879048196 lit_initialized_before=false
NSDIAG vkCreateSwapchainKHR format=B8G8R8A8_SRGB usage=TRANSFER_SRC | TRANSFER_DST | COLOR_ATTACHMENT bits=0x13 supported=TRANSFER_SRC | TRANSFER_DST | SAMPLED | STORAGE | COLOR_ATTACHMENT | INPUT_ATTACHMENT
NSDIAG gbuffer target target_id=1879048212 exists=true recreate=false colors=3 depth=true extent=1280x720
NSDIAG deferred-target label='deferred_lighting' gbuffer_target=1879048212 lit_target=1879048196 lit_initialized_before=false
NSDIAG vkCreateSwapchainKHR format=B8G8R8A8_SRGB usage=TRANSFER_SRC | TRANSFER_DST | COLOR_ATTACHMENT bits=0x13 supported=TRANSFER_SRC | TRANSFER_DST | SAMPLED | STORAGE | COLOR_ATTACHMENT | INPUT_ATTACHMENT
NSDIAG gbuffer target target_id=1879048212 exists=true recreate=false colors=3 depth=true extent=1280x720
NSDIAG deferred-target label='deferred_lighting' gbuffer_target=1879048212 lit_target=1879048196 lit_initialized_before=false
NSDIAG vkCreateSwapchainKHR format=B8G8R8A8_SRGB usage=TRANSFER_SRC | TRANSFER_DST | COLOR_ATTACHMENT bits=0x13 supported=TRANSFER_SRC | TRANSFER_DST | SAMPLED | STORAGE | COLOR_ATTACHMENT | INPUT_ATTACHMENT
NSDIAG gbuffer target target_id=1879048212 exists=true recreate=false colors=3 depth=true extent=1280x720
NSDIAG deferred-target label='deferred_lighting' gbuffer_target=1879048212 lit_target=1879048196 lit_initialized_before=false
NSDIAG vkCreateSwapchainKHR format=B8G8R8A8_SRGB usage=TRANSFER_SRC | TRANSFER_DST | COLOR_ATTACHMENT bits=0x13 supported=TRANSFER_SRC | TRANSFER_DST | SAMPLED | STORAGE | COLOR_ATTACHMENT | INPUT_ATTACHMENT
NSDIAG gbuffer target target_id=1879048212 exists=true recreate=false colors=3 depth=true extent=1280x720
NSDIAG deferred-target label='deferred_lighting' gbuffer_target=1879048212 lit_target=1879048196 lit_initialized_before=false
NSDIAG vkCreateSwapchainKHR format=B8G8R8A8_SRGB usage=TRANSFER_SRC | TRANSFER_DST | COLOR_ATTACHMENT bits=0x13 supported=TRANSFER_SRC | TRANSFER_DST | SAMPLED | STORAGE | COLOR_ATTACHMENT | INPUT_ATTACHMENT
NSDIAG gbuffer target target_id=1879048212 exists=true recreate=false colors=3 depth=true extent=1280x720
NSDIAG deferred-target label='deferred_lighting' gbuffer_target=1879048212 lit_target=1879048196 lit_initialized_before=false
NSDIAG vkCreateSwapchainKHR format=B8G8R8A8_SRGB usage=TRANSFER_SRC | TRANSFER_DST | COLOR_ATTACHMENT bits=0x13 supported=TRANSFER_SRC | TRANSFER_DST | SAMPLED | STORAGE | COLOR_ATTACHMENT | INPUT_ATTACHMENT
NSDIAG gbuffer target target_id=1879048212 exists=true recreate=false colors=3 depth=true extent=1280x720
NSDIAG deferred-target label='deferred_lighting' gbuffer_target=1879048212 lit_target=1879048196 lit_initialized_before=false
NSDIAG vkCreateSwapchainKHR format=B8G8R8A8_SRGB usage=TRANSFER_SRC | TRANSFER_DST | COLOR_ATTACHMENT bits=0x13 supported=TRANSFER_SRC | TRANSFER_DST | SAMPLED | STORAGE | COLOR_ATTACHMENT | INPUT_ATTACHMENT
NSDIAG gbuffer target target_id=1879048212 exists=true recreate=false colors=3 depth=true extent=1280x720
NSDIAG deferred-target label='deferred_lighting' gbuffer_target=1879048212 lit_target=1879048196 lit_initialized_before=false
NSDIAG vkCreateSwapchainKHR format=B8G8R8A8_SRGB usage=TRANSFER_SRC | TRANSFER_DST | COLOR_ATTACHMENT bits=0x13 supported=TRANSFER_SRC | TRANSFER_DST | SAMPLED | STORAGE | COLOR_ATTACHMENT | INPUT_ATTACHMENT
NSDIAG gbuffer target target_id=1879048212 exists=true recreate=false colors=3 depth=true extent=1280x720
NSDIAG deferred-target label='deferred_lighting' gbuffer_target=1879048212 lit_target=1879048196 lit_initialized_before=false
NSDIAG vkCreateSwapchainKHR format=B8G8R8A8_SRGB usage=TRANSFER_SRC | TRANSFER_DST | COLOR_ATTACHMENT bits=0x13 supported=TRANSFER_SRC | TRANSFER_DST | SAMPLED | STORAGE | COLOR_ATTACHMENT | INPUT_ATTACHMENT
NSDIAG gbuffer target target_id=1879048212 exists=true recreate=false colors=3 depth=true extent=1280x720
NSDIAG deferred-target label='deferred_lighting' gbuffer_target=1879048212 lit_target=1879048196 lit_initialized_before=false
NSDIAG vkCreateSwapchainKHR format=B8G8R8A8_SRGB usage=TRANSFER_SRC | TRANSFER_DST | COLOR_ATTACHMENT bits=0x13 supported=TRANSFER_SRC | TRANSFER_DST | SAMPLED | STORAGE | COLOR_ATTACHMENT | INPUT_ATTACHMENT
NSDIAG gbuffer target target_id=1879048212 exists=true recreate=false colors=3 depth=true extent=1280x720
NSDIAG deferred-target label='deferred_lighting' gbuffer_target=1879048212 lit_target=1879048196 lit_initialized_before=false
NSDIAG vkCreateSwapchainKHR format=B8G8R8A8_SRGB usage=TRANSFER_SRC | TRANSFER_DST | COLOR_ATTACHMENT bits=0x13 supported=TRANSFER_SRC | TRANSFER_DST | SAMPLED | STORAGE | COLOR_ATTACHMENT | INPUT_ATTACHMENT
NSDIAG gbuffer target target_id=1879048212 exists=true recreate=false colors=3 depth=true extent=1280x720
NSDIAG deferred-target label='deferred_lighting' gbuffer_target=1879048212 lit_target=1879048196 lit_initialized_before=false
NSDIAG vkCreateSwapchainKHR format=B8G8R8A8_SRGB usage=TRANSFER_SRC | TRANSFER_DST | COLOR_ATTACHMENT bits=0x13 supported=TRANSFER_SRC | TRANSFER_DST | SAMPLED | STORAGE | COLOR_ATTACHMENT | INPUT_ATTACHMENT
NSDIAG gbuffer target target_id=1879048212 exists=true recreate=false colors=3 depth=true extent=1280x720
NSDIAG deferred-target label='deferred_lighting' gbuffer_target=1879048212 lit_target=1879048196 lit_initialized_before=false
NSDIAG vkCreateSwapchainKHR format=B8G8R8A8_SRGB usage=TRANSFER_SRC | TRANSFER_DST | COLOR_ATTACHMENT bits=0x13 supported=TRANSFER_SRC | TRANSFER_DST | SAMPLED | STORAGE | COLOR_ATTACHMENT | INPUT_ATTACHMENT
NSDIAG gbuffer target target_id=1879048212 exists=true recreate=false colors=3 depth=true extent=1280x720
NSDIAG deferred-target label='deferred_lighting' gbuffer_target=1879048212 lit_target=1879048196 lit_initialized_before=false
NSDIAG vkCreateSwapchainKHR format=B8G8R8A8_SRGB usage=TRANSFER_SRC | TRANSFER_DST | COLOR_ATTACHMENT bits=0x13 supported=TRANSFER_SRC | TRANSFER_DST | SAMPLED | STORAGE | COLOR_ATTACHMENT | INPUT_ATTACHMENT
NSDIAG gbuffer target target_id=1879048212 exists=true recreate=false colors=3 depth=true extent=1280x720
NSDIAG deferred-target label='deferred_lighting' gbuffer_target=1879048212 lit_target=1879048196 lit_initialized_before=false
NSDIAG vkCreateSwapchainKHR format=B8G8R8A8_SRGB usage=TRANSFER_SRC | TRANSFER_DST | COLOR_ATTACHMENT bits=0x13 supported=TRANSFER_SRC | TRANSFER_DST | SAMPLED | STORAGE | COLOR_ATTACHMENT | INPUT_ATTACHMENT
NSDIAG gbuffer target target_id=1879048212 exists=true recreate=false colors=3 depth=true extent=1280x720
NSDIAG deferred-target label='deferred_lighting' gbuffer_target=1879048212 lit_target=1879048196 lit_initialized_before=false
NSDIAG vkCreateSwapchainKHR format=B8G8R8A8_SRGB usage=TRANSFER_SRC | TRANSFER_DST | COLOR_ATTACHMENT bits=0x13 supported=TRANSFER_SRC | TRANSFER_DST | SAMPLED | STORAGE | COLOR_ATTACHMENT | INPUT_ATTACHMENT
NSDIAG gbuffer target target_id=1879048212 exists=true recreate=false colors=3 depth=true extent=1280x720
NSDIAG deferred-target label='deferred_lighting' gbuffer_target=1879048212 lit_target=1879048196 lit_initialized_before=false
NSDIAG vkCreateSwapchainKHR format=B8G8R8A8_SRGB usage=TRANSFER_SRC | TRANSFER_DST | COLOR_ATTACHMENT bits=0x13 supported=TRANSFER_SRC | TRANSFER_DST | SAMPLED | STORAGE | COLOR_ATTACHMENT | INPUT_ATTACHMENT
NSDIAG gbuffer target target_id=1879048212 exists=true recreate=false colors=3 depth=true extent=1280x720
NSDIAG deferred-target label='deferred_lighting' gbuffer_target=1879048212 lit_target=1879048196 lit_initialized_before=false
NSDIAG vkCreateSwapchainKHR format=B8G8R8A8_SRGB usage=TRANSFER_SRC | TRANSFER_DST | COLOR_ATTACHMENT bits=0x13 supported=TRANSFER_SRC | TRANSFER_DST | SAMPLED | STORAGE | COLOR_ATTACHMENT | INPUT_ATTACHMENT
NSDIAG gbuffer target target_id=1879048212 exists=true recreate=false colors=3 depth=true extent=1280x720
NSDIAG deferred-target label='deferred_lighting' gbuffer_target=1879048212 lit_target=1879048196 lit_initialized_before=false
NSDIAG vkCreateSwapchainKHR format=B8G8R8A8_SRGB usage=TRANSFER_SRC | TRANSFER_DST | COLOR_ATTACHMENT bits=0x13 supported=TRANSFER_SRC | TRANSFER_DST | SAMPLED | STORAGE | COLOR_ATTACHMENT | INPUT_ATTACHMENT
NSDIAG gbuffer target target_id=1879048212 exists=true recreate=false colors=3 depth=true extent=1280x720
NSDIAG deferred-target label='deferred_lighting' gbuffer_target=1879048212 lit_target=1879048196 lit_initialized_before=false
NSDIAG vkCreateSwapchainKHR format=B8G8R8A8_SRGB usage=TRANSFER_SRC | TRANSFER_DST | COLOR_ATTACHMENT bits=0x13 supported=TRANSFER_SRC | TRANSFER_DST | SAMPLED | STORAGE | COLOR_ATTACHMENT | INPUT_ATTACHMENT
NSDIAG gbuffer target target_id=1879048212 exists=true recreate=false colors=3 depth=true extent=1280x720
NSDIAG deferred-target label='deferred_lighting' gbuffer_target=1879048212 lit_target=1879048196 lit_initialized_before=false
NSDIAG vkCreateSwapchainKHR format=B8G8R8A8_SRGB usage=TRANSFER_SRC | TRANSFER_DST | COLOR_ATTACHMENT bits=0x13 supported=TRANSFER_SRC | TRANSFER_DST | SAMPLED | STORAGE | COLOR_ATTACHMENT | INPUT_ATTACHMENT
NSDIAG gbuffer target target_id=1879048212 exists=true recreate=false colors=3 depth=true extent=1280x720
NSDIAG deferred-target label='deferred_lighting' gbuffer_target=1879048212 lit_target=1879048196 lit_initialized_before=false
NSDIAG vkCreateSwapchainKHR format=B8G8R8A8_SRGB usage=TRANSFER_SRC | TRANSFER_DST | COLOR_ATTACHMENT bits=0x13 supported=TRANSFER_SRC | TRANSFER_DST | SAMPLED | STORAGE | COLOR_ATTACHMENT | INPUT_ATTACHMENT
NSDIAG gbuffer target target_id=1879048212 exists=true recreate=false colors=3 depth=true extent=1280x720
NSDIAG deferred-target label='deferred_lighting' gbuffer_target=1879048212 lit_target=1879048196 lit_initialized_before=false
NSDIAG vkCreateSwapchainKHR format=B8G8R8A8_SRGB usage=TRANSFER_SRC | TRANSFER_DST | COLOR_ATTACHMENT bits=0x13 supported=TRANSFER_SRC | TRANSFER_DST | SAMPLED | STORAGE | COLOR_ATTACHMENT | INPUT_ATTACHMENT
NSDIAG gbuffer target target_id=1879048212 exists=true recreate=false colors=3 depth=true extent=1280x720
NSDIAG deferred-target label='deferred_lighting' gbuffer_target=1879048212 lit_target=1879048196 lit_initialized_before=false
NSDIAG vkCreateSwapchainKHR format=B8G8R8A8_SRGB usage=TRANSFER_SRC | TRANSFER_DST | COLOR_ATTACHMENT bits=0x13 supported=TRANSFER_SRC | TRANSFER_DST | SAMPLED | STORAGE | COLOR_ATTACHMENT | INPUT_ATTACHMENT
NSDIAG gbuffer target target_id=1879048212 exists=true recreate=false colors=3 depth=true extent=1280x720
NSDIAG deferred-target label='deferred_lighting' gbuffer_target=1879048212 lit_target=1879048196 lit_initialized_before=false
NSDIAG vkCreateSwapchainKHR format=B8G8R8A8_SRGB usage=TRANSFER_SRC | TRANSFER_DST | COLOR_ATTACHMENT bits=0x13 supported=TRANSFER_SRC | TRANSFER_DST | SAMPLED | STORAGE | COLOR_ATTACHMENT | INPUT_ATTACHMENT
NSDIAG gbuffer target target_id=1879048212 exists=true recreate=false colors=3 depth=true extent=1280x720
NSDIAG deferred-target label='deferred_lighting' gbuffer_target=1879048212 lit_target=1879048196 lit_initialized_before=false
NSDIAG vkCreateSwapchainKHR format=B8G8R8A8_SRGB usage=TRANSFER_SRC | TRANSFER_DST | COLOR_ATTACHMENT bits=0x13 supported=TRANSFER_SRC | TRANSFER_DST | SAMPLED | STORAGE | COLOR_ATTACHMENT | INPUT_ATTACHMENT
NSDIAG gbuffer target target_id=1879048212 exists=true recreate=false colors=3 depth=true extent=1280x720
NSDIAG graph-pass begin frame=450 id=120 label='shadow_cascade_map' kind=ShadowCascadeMap queue=Graphics draws=164
NSDIAG graph-pass end frame=450 id=120 label='shadow_cascade_map' kind=ShadowCascadeMap ok=true
NSDIAG graph-pass begin frame=450 id=560 label='particle_simulation' kind=ParticleSimulation queue=Compute draws=0
NSDIAG graph-pass end frame=450 id=560 label='particle_simulation' kind=ParticleSimulation ok=true
NSDIAG graph-pass begin frame=450 id=300 label='viewport_gbuffer' kind=GBuffer queue=Graphics draws=16
NSDIAG graph-pass end frame=450 id=300 label='viewport_gbuffer' kind=GBuffer ok=true
NSDIAG graph-pass begin frame=450 id=400 label='deferred_lighting' kind=DeferredLighting queue=Graphics draws=0
NSDIAG deferred-target label='deferred_lighting' gbuffer_target=1879048212 lit_target=1879048196 lit_initialized_before=false
NSDIAG graph-pass end frame=450 id=400 label='deferred_lighting' kind=DeferredLighting ok=false
NSDIAG vkCreateSwapchainKHR format=B8G8R8A8_SRGB usage=TRANSFER_SRC | TRANSFER_DST | COLOR_ATTACHMENT bits=0x13 supported=TRANSFER_SRC | TRANSFER_DST | SAMPLED | STORAGE | COLOR_ATTACHMENT | INPUT_ATTACHMENT
NSDIAG gbuffer target target_id=1879048212 exists=true recreate=false colors=3 depth=true extent=1280x720
NSDIAG deferred-target label='deferred_lighting' gbuffer_target=1879048212 lit_target=1879048196 lit_initialized_before=false
NSDIAG vkCreateSwapchainKHR format=B8G8R8A8_SRGB usage=TRANSFER_SRC | TRANSFER_DST | COLOR_ATTACHMENT bits=0x13 supported=TRANSFER_SRC | TRANSFER_DST | SAMPLED | STORAGE | COLOR_ATTACHMENT | INPUT_ATTACHMENT
NSDIAG gbuffer target target_id=1879048212 exists=true recreate=false colors=3 depth=true extent=1280x720
NSDIAG deferred-target label='deferred_lighting' gbuffer_target=1879048212 lit_target=1879048196 lit_initialized_before=false
NSDIAG vkCreateSwapchainKHR format=B8G8R8A8_SRGB usage=TRANSFER_SRC | TRANSFER_DST | COLOR_ATTACHMENT bits=0x13 supported=TRANSFER_SRC | TRANSFER_DST | SAMPLED | STORAGE | COLOR_ATTACHMENT | INPUT_ATTACHMENT
NSDIAG gbuffer target target_id=1879048212 exists=true recreate=false colors=3 depth=true extent=1280x720
NSDIAG deferred-target label='deferred_lighting' gbuffer_target=1879048212 lit_target=1879048196 lit_initialized_before=false
NSDIAG vkCreateSwapchainKHR format=B8G8R8A8_SRGB usage=TRANSFER_SRC | TRANSFER_DST | COLOR_ATTACHMENT bits=0x13 supported=TRANSFER_SRC | TRANSFER_DST | SAMPLED | STORAGE | COLOR_ATTACHMENT | INPUT_ATTACHMENT
NSDIAG gbuffer target target_id=1879048212 exists=true recreate=false colors=3 depth=true extent=1280x720
NSDIAG deferred-target label='deferred_lighting' gbuffer_target=1879048212 lit_target=1879048196 lit_initialized_before=false
NSDIAG vkCreateSwapchainKHR format=B8G8R8A8_SRGB usage=TRANSFER_SRC | TRANSFER_DST | COLOR_ATTACHMENT bits=0x13 supported=TRANSFER_SRC | TRANSFER_DST | SAMPLED | STORAGE | COLOR_ATTACHMENT | INPUT_ATTACHMENT
NSDIAG gbuffer target target_id=1879048212 exists=true recreate=false colors=3 depth=true extent=1280x720
NSDIAG deferred-target label='deferred_lighting' gbuffer_target=1879048212 lit_target=1879048196 lit_initialized_before=false
NSDIAG vkCreateSwapchainKHR format=B8G8R8A8_SRGB usage=TRANSFER_SRC | TRANSFER_DST | COLOR_ATTACHMENT bits=0x13 supported=TRANSFER_SRC | TRANSFER_DST | SAMPLED | STORAGE | COLOR_ATTACHMENT | INPUT_ATTACHMENT
NSDIAG gbuffer target target_id=1879048212 exists=true recreate=false colors=3 depth=true extent=1280x720
NSDIAG deferred-target label='deferred_lighting' gbuffer_target=1879048212 lit_target=1879048196 lit_initialized_before=false
NSDIAG vkCreateSwapchainKHR format=B8G8R8A8_SRGB usage=TRANSFER_SRC | TRANSFER_DST | COLOR_ATTACHMENT bits=0x13 supported=TRANSFER_SRC | TRANSFER_DST | SAMPLED | STORAGE | COLOR_ATTACHMENT | INPUT_ATTACHMENT
NSDIAG gbuffer target target_id=1879048212 exists=true recreate=false colors=3 depth=true extent=1280x720
NSDIAG deferred-target label='deferred_lighting' gbuffer_target=1879048212 lit_target=1879048196 lit_initialized_before=false
NSDIAG vkCreateSwapchainKHR format=B8G8R8A8_SRGB usage=TRANSFER_SRC | TRANSFER_DST | COLOR_ATTACHMENT bits=0x13 supported=TRANSFER_SRC | TRANSFER_DST | SAMPLED | STORAGE | COLOR_ATTACHMENT | INPUT_ATTACHMENT
NSDIAG gbuffer target target_id=1879048212 exists=true recreate=false colors=3 depth=true extent=1280x720
NSDIAG deferred-target label='deferred_lighting' gbuffer_target=1879048212 lit_target=1879048196 lit_initialized_before=false
NSDIAG vkCreateSwapchainKHR format=B8G8R8A8_SRGB usage=TRANSFER_SRC | TRANSFER_DST | COLOR_ATTACHMENT bits=0x13 supported=TRANSFER_SRC | TRANSFER_DST | SAMPLED | STORAGE | COLOR_ATTACHMENT | INPUT_ATTACHMENT
NSDIAG gbuffer target target_id=1879048212 exists=true recreate=false colors=3 depth=true extent=1280x720
NSDIAG deferred-target label='deferred_lighting' gbuffer_target=1879048212 lit_target=1879048196 lit_initialized_before=false
NSDIAG vkCreateSwapchainKHR format=B8G8R8A8_SRGB usage=TRANSFER_SRC | TRANSFER_DST | COLOR_ATTACHMENT bits=0x13 supported=TRANSFER_SRC | TRANSFER_DST | SAMPLED | STORAGE | COLOR_ATTACHMENT | INPUT_ATTACHMENT
NSDIAG gbuffer target target_id=1879048212 exists=true recreate=false colors=3 depth=true extent=1280x720
NSDIAG deferred-target label='deferred_lighting' gbuffer_target=1879048212 lit_target=1879048196 lit_initialized_before=false
NSDIAG vkCreateSwapchainKHR format=B8G8R8A8_SRGB usage=TRANSFER_SRC | TRANSFER_DST | COLOR_ATTACHMENT bits=0x13 supported=TRANSFER_SRC | TRANSFER_DST | SAMPLED | STORAGE | COLOR_ATTACHMENT | INPUT_ATTACHMENT
NSDIAG gbuffer target target_id=1879048212 exists=true recreate=false colors=3 depth=true extent=1280x720
NSDIAG deferred-target label='deferred_lighting' gbuffer_target=1879048212 lit_target=1879048196 lit_initialized_before=false
NSDIAG vkCreateSwapchainKHR format=B8G8R8A8_SRGB usage=TRANSFER_SRC | TRANSFER_DST | COLOR_ATTACHMENT bits=0x13 supported=TRANSFER_SRC | TRANSFER_DST | SAMPLED | STORAGE | COLOR_ATTACHMENT | INPUT_ATTACHMENT
NSDIAG gbuffer target target_id=1879048212 exists=true recreate=false colors=3 depth=true extent=1280x720
NSDIAG deferred-target label='deferred_lighting' gbuffer_target=1879048212 lit_target=1879048196 lit_initialized_before=false
NSDIAG vkCreateSwapchainKHR format=B8G8R8A8_SRGB usage=TRANSFER_SRC | TRANSFER_DST | COLOR_ATTACHMENT bits=0x13 supported=TRANSFER_SRC | TRANSFER_DST | SAMPLED | STORAGE | COLOR_ATTACHMENT | INPUT_ATTACHMENT
NSDIAG gbuffer target target_id=1879048212 exists=true recreate=false colors=3 depth=true extent=1280x720
NSDIAG deferred-target label='deferred_lighting' gbuffer_target=1879048212 lit_target=1879048196 lit_initialized_before=false
NSDIAG vkCreateSwapchainKHR format=B8G8R8A8_SRGB usage=TRANSFER_SRC | TRANSFER_DST | COLOR_ATTACHMENT bits=0x13 supported=TRANSFER_SRC | TRANSFER_DST | SAMPLED | STORAGE | COLOR_ATTACHMENT | INPUT_ATTACHMENT
NSDIAG gbuffer target target_id=1879048212 exists=true recreate=false colors=3 depth=true extent=1280x720
NSDIAG deferred-target label='deferred_lighting' gbuffer_target=1879048212 lit_target=1879048196 lit_initialized_before=false
NSDIAG vkCreateSwapchainKHR format=B8G8R8A8_SRGB usage=TRANSFER_SRC | TRANSFER_DST | COLOR_ATTACHMENT bits=0x13 supported=TRANSFER_SRC | TRANSFER_DST | SAMPLED | STORAGE | COLOR_ATTACHMENT | INPUT_ATTACHMENT
NSDIAG gbuffer target target_id=1879048212 exists=true recreate=false colors=3 depth=true extent=1280x720
NSDIAG deferred-target label='deferred_lighting' gbuffer_target=1879048212 lit_target=1879048196 lit_initialized_before=false
NSDIAG vkCreateSwapchainKHR format=B8G8R8A8_SRGB usage=TRANSFER_SRC | TRANSFER_DST | COLOR_ATTACHMENT bits=0x13 supported=TRANSFER_SRC | TRANSFER_DST | SAMPLED | STORAGE | COLOR_ATTACHMENT | INPUT_ATTACHMENT
NSDIAG gbuffer target target_id=1879048212 exists=true recreate=false colors=3 depth=true extent=1280x720
NSDIAG deferred-target label='deferred_lighting' gbuffer_target=1879048212 lit_target=1879048196 lit_initialized_before=false
NSDIAG vkCreateSwapchainKHR format=B8G8R8A8_SRGB usage=TRANSFER_SRC | TRANSFER_DST | COLOR_ATTACHMENT bits=0x13 supported=TRANSFER_SRC | TRANSFER_DST | SAMPLED | STORAGE | COLOR_ATTACHMENT | INPUT_ATTACHMENT
NSDIAG gbuffer target target_id=1879048212 exists=true recreate=false colors=3 depth=true extent=1280x720
NSDIAG deferred-target label='deferred_lighting' gbuffer_target=1879048212 lit_target=1879048196 lit_initialized_before=false
NSDIAG vkCreateSwapchainKHR format=B8G8R8A8_SRGB usage=TRANSFER_SRC | TRANSFER_DST | COLOR_ATTACHMENT bits=0x13 supported=TRANSFER_SRC | TRANSFER_DST | SAMPLED | STORAGE | COLOR_ATTACHMENT | INPUT_ATTACHMENT
NSDIAG gbuffer target target_id=1879048212 exists=true recreate=false colors=3 depth=true extent=1280x720
NSDIAG deferred-target label='deferred_lighting' gbuffer_target=1879048212 lit_target=1879048196 lit_initialized_before=false
NSDIAG vkCreateSwapchainKHR format=B8G8R8A8_SRGB usage=TRANSFER_SRC | TRANSFER_DST | COLOR_ATTACHMENT bits=0x13 supported=TRANSFER_SRC | TRANSFER_DST | SAMPLED | STORAGE | COLOR_ATTACHMENT | INPUT_ATTACHMENT
NSDIAG gbuffer target target_id=1879048212 exists=true recreate=false colors=3 depth=true extent=1280x720
NSDIAG deferred-target label='deferred_lighting' gbuffer_target=1879048212 lit_target=1879048196 lit_initialized_before=false
NSDIAG vkCreateSwapchainKHR format=B8G8R8A8_SRGB usage=TRANSFER_SRC | TRANSFER_DST | COLOR_ATTACHMENT bits=0x13 supported=TRANSFER_SRC | TRANSFER_DST | SAMPLED | STORAGE | COLOR_ATTACHMENT | INPUT_ATTACHMENT
NSDIAG gbuffer target target_id=1879048212 exists=true recreate=false colors=3 depth=true extent=1280x720
NSDIAG deferred-target label='deferred_lighting' gbuffer_target=1879048212 lit_target=1879048196 lit_initialized_before=false
NSDIAG vkCreateSwapchainKHR format=B8G8R8A8_SRGB usage=TRANSFER_SRC | TRANSFER_DST | COLOR_ATTACHMENT bits=0x13 supported=TRANSFER_SRC | TRANSFER_DST | SAMPLED | STORAGE | COLOR_ATTACHMENT | INPUT_ATTACHMENT
NSDIAG gbuffer target target_id=1879048212 exists=true recreate=false colors=3 depth=true extent=1280x720
NSDIAG deferred-target label='deferred_lighting' gbuffer_target=1879048212 lit_target=1879048196 lit_initialized_before=false
NSDIAG vkCreateSwapchainKHR format=B8G8R8A8_SRGB usage=TRANSFER_SRC | TRANSFER_DST | COLOR_ATTACHMENT bits=0x13 supported=TRANSFER_SRC | TRANSFER_DST | SAMPLED | STORAGE | COLOR_ATTACHMENT | INPUT_ATTACHMENT
NSDIAG gbuffer target target_id=1879048212 exists=true recreate=false colors=3 depth=true extent=1280x720
NSDIAG deferred-target label='deferred_lighting' gbuffer_target=1879048212 lit_target=1879048196 lit_initialized_before=false
NSDIAG vkCreateSwapchainKHR format=B8G8R8A8_SRGB usage=TRANSFER_SRC | TRANSFER_DST | COLOR_ATTACHMENT bits=0x13 supported=TRANSFER_SRC | TRANSFER_DST | SAMPLED | STORAGE | COLOR_ATTACHMENT | INPUT_ATTACHMENT
NSDIAG gbuffer target target_id=1879048212 exists=true recreate=false colors=3 depth=true extent=1280x720
NSDIAG deferred-target label='deferred_lighting' gbuffer_target=1879048212 lit_target=1879048196 lit_initialized_before=false
NSDIAG vkCreateSwapchainKHR format=B8G8R8A8_SRGB usage=TRANSFER_SRC | TRANSFER_DST | COLOR_ATTACHMENT bits=0x13 supported=TRANSFER_SRC | TRANSFER_DST | SAMPLED | STORAGE | COLOR_ATTACHMENT | INPUT_ATTACHMENT
NSDIAG gbuffer target target_id=1879048212 exists=true recreate=false colors=3 depth=true extent=1280x720
NSDIAG deferred-target label='deferred_lighting' gbuffer_target=1879048212 lit_target=1879048196 lit_initialized_before=false
NSDIAG vkCreateSwapchainKHR format=B8G8R8A8_SRGB usage=TRANSFER_SRC | TRANSFER_DST | COLOR_ATTACHMENT bits=0x13 supported=TRANSFER_SRC | TRANSFER_DST | SAMPLED | STORAGE | COLOR_ATTACHMENT | INPUT_ATTACHMENT
NSDIAG gbuffer target target_id=1879048212 exists=true recreate=false colors=3 depth=true extent=1280x720
NSDIAG deferred-target label='deferred_lighting' gbuffer_target=1879048212 lit_target=1879048196 lit_initialized_before=false
NSDIAG vkCreateSwapchainKHR format=B8G8R8A8_SRGB usage=TRANSFER_SRC | TRANSFER_DST | COLOR_ATTACHMENT bits=0x13 supported=TRANSFER_SRC | TRANSFER_DST | SAMPLED | STORAGE | COLOR_ATTACHMENT | INPUT_ATTACHMENT
NSDIAG gbuffer target target_id=1879048212 exists=true recreate=false colors=3 depth=true extent=1280x720
NSDIAG deferred-target label='deferred_lighting' gbuffer_target=1879048212 lit_target=1879048196 lit_initialized_before=false
NSDIAG vkCreateSwapchainKHR format=B8G8R8A8_SRGB usage=TRANSFER_SRC | TRANSFER_DST | COLOR_ATTACHMENT bits=0x13 supported=TRANSFER_SRC | TRANSFER_DST | SAMPLED | STORAGE | COLOR_ATTACHMENT | INPUT_ATTACHMENT
NSDIAG gbuffer target target_id=1879048212 exists=true recreate=false colors=3 depth=true extent=1280x720
NSDIAG deferred-target label='deferred_lighting' gbuffer_target=1879048212 lit_target=1879048196 lit_initialized_before=false
NSDIAG vkCreateSwapchainKHR format=B8G8R8A8_SRGB usage=TRANSFER_SRC | TRANSFER_DST | COLOR_ATTACHMENT bits=0x13 supported=TRANSFER_SRC | TRANSFER_DST | SAMPLED | STORAGE | COLOR_ATTACHMENT | INPUT_ATTACHMENT
NSDIAG gbuffer target target_id=1879048212 exists=true recreate=false colors=3 depth=true extent=1280x720
NSDIAG deferred-target label='deferred_lighting' gbuffer_target=1879048212 lit_target=1879048196 lit_initialized_before=false
NSDIAG vkCreateSwapchainKHR format=B8G8R8A8_SRGB usage=TRANSFER_SRC | TRANSFER_DST | COLOR_ATTACHMENT bits=0x13 supported=TRANSFER_SRC | TRANSFER_DST | SAMPLED | STORAGE | COLOR_ATTACHMENT | INPUT_ATTACHMENT
NSDIAG gbuffer target target_id=1879048212 exists=true recreate=false colors=3 depth=true extent=1280x720
NSDIAG deferred-target label='deferred_lighting' gbuffer_target=1879048212 lit_target=1879048196 lit_initialized_before=false
NSDIAG vkCreateSwapchainKHR format=B8G8R8A8_SRGB usage=TRANSFER_SRC | TRANSFER_DST | COLOR_ATTACHMENT bits=0x13 supported=TRANSFER_SRC | TRANSFER_DST | SAMPLED | STORAGE | COLOR_ATTACHMENT | INPUT_ATTACHMENT
[09:18:02.201] [[1;32mINFO [0m] render.shadow_setup.profile: frame=480 total_ms=0.016 directional_plan_ms=0.007 directional_admission_ms=0.008 local_plan_ms=0.001 local_admission_ms=0.000 finalize_ms=0.000 render_directional=true render_local=false local_views=0
NSDIAG gbuffer target target_id=1879048212 exists=true recreate=false colors=3 depth=true extent=1280x720
NSDIAG graph-pass begin frame=480 id=120 label='shadow_cascade_map' kind=ShadowCascadeMap queue=Graphics draws=164
NSDIAG graph-pass end frame=480 id=120 label='shadow_cascade_map' kind=ShadowCascadeMap ok=true
NSDIAG graph-pass begin frame=480 id=560 label='particle_simulation' kind=ParticleSimulation queue=Compute draws=0
NSDIAG graph-pass end frame=480 id=560 label='particle_simulation' kind=ParticleSimulation ok=true
NSDIAG graph-pass begin frame=480 id=300 label='viewport_gbuffer' kind=GBuffer queue=Graphics draws=16
NSDIAG graph-pass end frame=480 id=300 label='viewport_gbuffer' kind=GBuffer ok=true
NSDIAG graph-pass begin frame=480 id=400 label='deferred_lighting' kind=DeferredLighting queue=Graphics draws=0
NSDIAG deferred-target label='deferred_lighting' gbuffer_target=1879048212 lit_target=1879048196 lit_initialized_before=false
NSDIAG graph-pass end frame=480 id=400 label='deferred_lighting' kind=DeferredLighting ok=false
[09:18:02.207] [[1;36mDEBUG[0m] render controller: material pipeline still pending heartbeat frame=480 waiting_for='renderer.shader_compile_event'
NSDIAG vkCreateSwapchainKHR format=B8G8R8A8_SRGB usage=TRANSFER_SRC | TRANSFER_DST | COLOR_ATTACHMENT bits=0x13 supported=TRANSFER_SRC | TRANSFER_DST | SAMPLED | STORAGE | COLOR_ATTACHMENT | INPUT_ATTACHMENT
NSDIAG gbuffer target target_id=1879048212 exists=true recreate=false colors=3 depth=true extent=1280x720
NSDIAG deferred-target label='deferred_lighting' gbuffer_target=1879048212 lit_target=1879048196 lit_initialized_before=false
NSDIAG vkCreateSwapchainKHR format=B8G8R8A8_SRGB usage=TRANSFER_SRC | TRANSFER_DST | COLOR_ATTACHMENT bits=0x13 supported=TRANSFER_SRC | TRANSFER_DST | SAMPLED | STORAGE | COLOR_ATTACHMENT | INPUT_ATTACHMENT
NSDIAG gbuffer target target_id=1879048212 exists=true recreate=false colors=3 depth=true extent=1280x720
NSDIAG deferred-target label='deferred_lighting' gbuffer_target=1879048212 lit_target=1879048196 lit_initialized_before=false
NSDIAG vkCreateSwapchainKHR format=B8G8R8A8_SRGB usage=TRANSFER_SRC | TRANSFER_DST | COLOR_ATTACHMENT bits=0x13 supported=TRANSFER_SRC | TRANSFER_DST | SAMPLED | STORAGE | COLOR_ATTACHMENT | INPUT_ATTACHMENT
NSDIAG gbuffer target target_id=1879048212 exists=true recreate=false colors=3 depth=true extent=1280x720
NSDIAG deferred-target label='deferred_lighting' gbuffer_target=1879048212 lit_target=1879048196 lit_initialized_before=false
NSDIAG vkCreateSwapchainKHR format=B8G8R8A8_SRGB usage=TRANSFER_SRC | TRANSFER_DST | COLOR_ATTACHMENT bits=0x13 supported=TRANSFER_SRC | TRANSFER_DST | SAMPLED | STORAGE | COLOR_ATTACHMENT | INPUT_ATTACHMENT
NSDIAG gbuffer target target_id=1879048212 exists=true recreate=false colors=3 depth=true extent=1280x720
NSDIAG deferred-target label='deferred_lighting' gbuffer_target=1879048212 lit_target=1879048196 lit_initialized_before=false
NSDIAG vkCreateSwapchainKHR format=B8G8R8A8_SRGB usage=TRANSFER_SRC | TRANSFER_DST | COLOR_ATTACHMENT bits=0x13 supported=TRANSFER_SRC | TRANSFER_DST | SAMPLED | STORAGE | COLOR_ATTACHMENT | INPUT_ATTACHMENT
NSDIAG gbuffer target target_id=1879048212 exists=true recreate=false colors=3 depth=true extent=1280x720
NSDIAG deferred-target label='deferred_lighting' gbuffer_target=1879048212 lit_target=1879048196 lit_initialized_before=false
NSDIAG vkCreateSwapchainKHR format=B8G8R8A8_SRGB usage=TRANSFER_SRC | TRANSFER_DST | COLOR_ATTACHMENT bits=0x13 supported=TRANSFER_SRC | TRANSFER_DST | SAMPLED | STORAGE | COLOR_ATTACHMENT | INPUT_ATTACHMENT
NSDIAG gbuffer target target_id=1879048212 exists=true recreate=false colors=3 depth=true extent=1280x720
NSDIAG deferred-target label='deferred_lighting' gbuffer_target=1879048212 lit_target=1879048196 lit_initialized_before=false
NSDIAG vkCreateSwapchainKHR format=B8G8R8A8_SRGB usage=TRANSFER_SRC | TRANSFER_DST | COLOR_ATTACHMENT bits=0x13 supported=TRANSFER_SRC | TRANSFER_DST | SAMPLED | STORAGE | COLOR_ATTACHMENT | INPUT_ATTACHMENT
NSDIAG gbuffer target target_id=1879048212 exists=true recreate=false colors=3 depth=true extent=1280x720
NSDIAG deferred-target label='deferred_lighting' gbuffer_target=1879048212 lit_target=1879048196 lit_initialized_before=false
NSDIAG vkCreateSwapchainKHR format=B8G8R8A8_SRGB usage=TRANSFER_SRC | TRANSFER_DST | COLOR_ATTACHMENT bits=0x13 supported=TRANSFER_SRC | TRANSFER_DST | SAMPLED | STORAGE | COLOR_ATTACHMENT | INPUT_ATTACHMENT
NSDIAG gbuffer target target_id=1879048212 exists=true recreate=false colors=3 depth=true extent=1280x720
NSDIAG deferred-target label='deferred_lighting' gbuffer_target=1879048212 lit_target=1879048196 lit_initialized_before=false
NSDIAG vkCreateSwapchainKHR format=B8G8R8A8_SRGB usage=TRANSFER_SRC | TRANSFER_DST | COLOR_ATTACHMENT bits=0x13 supported=TRANSFER_SRC | TRANSFER_DST | SAMPLED | STORAGE | COLOR_ATTACHMENT | INPUT_ATTACHMENT
NSDIAG gbuffer target target_id=1879048212 exists=true recreate=false colors=3 depth=true extent=1280x720
NSDIAG deferred-target label='deferred_lighting' gbuffer_target=1879048212 lit_target=1879048196 lit_initialized_before=false
NSDIAG vkCreateSwapchainKHR format=B8G8R8A8_SRGB usage=TRANSFER_SRC | TRANSFER_DST | COLOR_ATTACHMENT bits=0x13 supported=TRANSFER_SRC | TRANSFER_DST | SAMPLED | STORAGE | COLOR_ATTACHMENT | INPUT_ATTACHMENT
NSDIAG gbuffer target target_id=1879048212 exists=true recreate=false colors=3 depth=true extent=1280x720
NSDIAG deferred-target label='deferred_lighting' gbuffer_target=1879048212 lit_target=1879048196 lit_initialized_before=false
NSDIAG vkCreateSwapchainKHR format=B8G8R8A8_SRGB usage=TRANSFER_SRC | TRANSFER_DST | COLOR_ATTACHMENT bits=0x13 supported=TRANSFER_SRC | TRANSFER_DST | SAMPLED | STORAGE | COLOR_ATTACHMENT | INPUT_ATTACHMENT
NSDIAG gbuffer target target_id=1879048212 exists=true recreate=false colors=3 depth=true extent=1280x720
NSDIAG deferred-target label='deferred_lighting' gbuffer_target=1879048212 lit_target=1879048196 lit_initialized_before=false
NSDIAG vkCreateSwapchainKHR format=B8G8R8A8_SRGB usage=TRANSFER_SRC | TRANSFER_DST | COLOR_ATTACHMENT bits=0x13 supported=TRANSFER_SRC | TRANSFER_DST | SAMPLED | STORAGE | COLOR_ATTACHMENT | INPUT_ATTACHMENT
NSDIAG gbuffer target target_id=1879048212 exists=true recreate=false colors=3 depth=true extent=1280x720
NSDIAG deferred-target label='deferred_lighting' gbuffer_target=1879048212 lit_target=1879048196 lit_initialized_before=false
NSDIAG vkCreateSwapchainKHR format=B8G8R8A8_SRGB usage=TRANSFER_SRC | TRANSFER_DST | COLOR_ATTACHMENT bits=0x13 supported=TRANSFER_SRC | TRANSFER_DST | SAMPLED | STORAGE | COLOR_ATTACHMENT | INPUT_ATTACHMENT
NSDIAG gbuffer target target_id=1879048212 exists=true recreate=false colors=3 depth=true extent=1280x720
NSDIAG deferred-target label='deferred_lighting' gbuffer_target=1879048212 lit_target=1879048196 lit_initialized_before=false
NSDIAG vkCreateSwapchainKHR format=B8G8R8A8_SRGB usage=TRANSFER_SRC | TRANSFER_DST | COLOR_ATTACHMENT bits=0x13 supported=TRANSFER_SRC | TRANSFER_DST | SAMPLED | STORAGE | COLOR_ATTACHMENT | INPUT_ATTACHMENT
NSDIAG gbuffer target target_id=1879048212 exists=true recreate=false colors=3 depth=true extent=1280x720
NSDIAG deferred-target label='deferred_lighting' gbuffer_target=1879048212 lit_target=1879048196 lit_initialized_before=false
NSDIAG vkCreateSwapchainKHR format=B8G8R8A8_SRGB usage=TRANSFER_SRC | TRANSFER_DST | COLOR_ATTACHMENT bits=0x13 supported=TRANSFER_SRC | TRANSFER_DST | SAMPLED | STORAGE | COLOR_ATTACHMENT | INPUT_ATTACHMENT
NSDIAG gbuffer target target_id=1879048212 exists=true recreate=false colors=3 depth=true extent=1280x720
NSDIAG deferred-target label='deferred_lighting' gbuffer_target=1879048212 lit_target=1879048196 lit_initialized_before=false
NSDIAG vkCreateSwapchainKHR format=B8G8R8A8_SRGB usage=TRANSFER_SRC | TRANSFER_DST | COLOR_ATTACHMENT bits=0x13 supported=TRANSFER_SRC | TRANSFER_DST | SAMPLED | STORAGE | COLOR_ATTACHMENT | INPUT_ATTACHMENT
NSDIAG gbuffer target target_id=1879048212 exists=true recreate=false colors=3 depth=true extent=1280x720
NSDIAG deferred-target label='deferred_lighting' gbuffer_target=1879048212 lit_target=1879048196 lit_initialized_before=false
NSDIAG vkCreateSwapchainKHR format=B8G8R8A8_SRGB usage=TRANSFER_SRC | TRANSFER_DST | COLOR_ATTACHMENT bits=0x13 supported=TRANSFER_SRC | TRANSFER_DST | SAMPLED | STORAGE | COLOR_ATTACHMENT | INPUT_ATTACHMENT
NSDIAG gbuffer target target_id=1879048212 exists=true recreate=false colors=3 depth=true extent=1280x720
NSDIAG deferred-target label='deferred_lighting' gbuffer_target=1879048212 lit_target=1879048196 lit_initialized_before=false
NSDIAG vkCreateSwapchainKHR format=B8G8R8A8_SRGB usage=TRANSFER_SRC | TRANSFER_DST | COLOR_ATTACHMENT bits=0x13 supported=TRANSFER_SRC | TRANSFER_DST | SAMPLED | STORAGE | COLOR_ATTACHMENT | INPUT_ATTACHMENT
NSDIAG gbuffer target target_id=1879048212 exists=true recreate=false colors=3 depth=true extent=1280x720
NSDIAG deferred-target label='deferred_lighting' gbuffer_target=1879048212 lit_target=1879048196 lit_initialized_before=false
NSDIAG vkCreateSwapchainKHR format=B8G8R8A8_SRGB usage=TRANSFER_SRC | TRANSFER_DST | COLOR_ATTACHMENT bits=0x13 supported=TRANSFER_SRC | TRANSFER_DST | SAMPLED | STORAGE | COLOR_ATTACHMENT | INPUT_ATTACHMENT
NSDIAG gbuffer target target_id=1879048212 exists=true recreate=false colors=3 depth=true extent=1280x720
NSDIAG deferred-target label='deferred_lighting' gbuffer_target=1879048212 lit_target=1879048196 lit_initialized_before=false
NSDIAG vkCreateSwapchainKHR format=B8G8R8A8_SRGB usage=TRANSFER_SRC | TRANSFER_DST | COLOR_ATTACHMENT bits=0x13 supported=TRANSFER_SRC | TRANSFER_DST | SAMPLED | STORAGE | COLOR_ATTACHMENT | INPUT_ATTACHMENT
NSDIAG gbuffer target target_id=1879048212 exists=true recreate=false colors=3 depth=true extent=1280x720
NSDIAG deferred-target label='deferred_lighting' gbuffer_target=1879048212 lit_target=1879048196 lit_initialized_before=false
NSDIAG vkCreateSwapchainKHR format=B8G8R8A8_SRGB usage=TRANSFER_SRC | TRANSFER_DST | COLOR_ATTACHMENT bits=0x13 supported=TRANSFER_SRC | TRANSFER_DST | SAMPLED | STORAGE | COLOR_ATTACHMENT | INPUT_ATTACHMENT
NSDIAG gbuffer target target_id=1879048212 exists=true recreate=false colors=3 depth=true extent=1280x720
NSDIAG deferred-target label='deferred_lighting' gbuffer_target=1879048212 lit_target=1879048196 lit_initialized_before=false
NSDIAG vkCreateSwapchainKHR format=B8G8R8A8_SRGB usage=TRANSFER_SRC | TRANSFER_DST | COLOR_ATTACHMENT bits=0x13 supported=TRANSFER_SRC | TRANSFER_DST | SAMPLED | STORAGE | COLOR_ATTACHMENT | INPUT_ATTACHMENT
NSDIAG gbuffer target target_id=1879048212 exists=true recreate=false colors=3 depth=true extent=1280x720
NSDIAG deferred-target label='deferred_lighting' gbuffer_target=1879048212 lit_target=1879048196 lit_initialized_before=false
NSDIAG vkCreateSwapchainKHR format=B8G8R8A8_SRGB usage=TRANSFER_SRC | TRANSFER_DST | COLOR_ATTACHMENT bits=0x13 supported=TRANSFER_SRC | TRANSFER_DST | SAMPLED | STORAGE | COLOR_ATTACHMENT | INPUT_ATTACHMENT
NSDIAG gbuffer target target_id=1879048212 exists=true recreate=false colors=3 depth=true extent=1280x720
NSDIAG deferred-target label='deferred_lighting' gbuffer_target=1879048212 lit_target=1879048196 lit_initialized_before=false
NSDIAG vkCreateSwapchainKHR format=B8G8R8A8_SRGB usage=TRANSFER_SRC | TRANSFER_DST | COLOR_ATTACHMENT bits=0x13 supported=TRANSFER_SRC | TRANSFER_DST | SAMPLED | STORAGE | COLOR_ATTACHMENT | INPUT_ATTACHMENT
NSDIAG gbuffer target target_id=1879048212 exists=true recreate=false colors=3 depth=true extent=1280x720
NSDIAG deferred-target label='deferred_lighting' gbuffer_target=1879048212 lit_target=1879048196 lit_initialized_before=false
NSDIAG vkCreateSwapchainKHR format=B8G8R8A8_SRGB usage=TRANSFER_SRC | TRANSFER_DST | COLOR_ATTACHMENT bits=0x13 supported=TRANSFER_SRC | TRANSFER_DST | SAMPLED | STORAGE | COLOR_ATTACHMENT | INPUT_ATTACHMENT
NSDIAG gbuffer target target_id=1879048212 exists=true recreate=false colors=3 depth=true extent=1280x720
NSDIAG deferred-target label='deferred_lighting' gbuffer_target=1879048212 lit_target=1879048196 lit_initialized_before=false
NSDIAG vkCreateSwapchainKHR format=B8G8R8A8_SRGB usage=TRANSFER_SRC | TRANSFER_DST | COLOR_ATTACHMENT bits=0x13 supported=TRANSFER_SRC | TRANSFER_DST | SAMPLED | STORAGE | COLOR_ATTACHMENT | INPUT_ATTACHMENT
NSDIAG gbuffer target target_id=1879048212 exists=true recreate=false colors=3 depth=true extent=1280x720
NSDIAG deferred-target label='deferred_lighting' gbuffer_target=1879048212 lit_target=1879048196 lit_initialized_before=false
NSDIAG vkCreateSwapchainKHR format=B8G8R8A8_SRGB usage=TRANSFER_SRC | TRANSFER_DST | COLOR_ATTACHMENT bits=0x13 supported=TRANSFER_SRC | TRANSFER_DST | SAMPLED | STORAGE | COLOR_ATTACHMENT | INPUT_ATTACHMENT
NSDIAG gbuffer target target_id=1879048212 exists=true recreate=false colors=3 depth=true extent=1280x720
NSDIAG deferred-target label='deferred_lighting' gbuffer_target=1879048212 lit_target=1879048196 lit_initialized_before=false
NSDIAG vkCreateSwapchainKHR format=B8G8R8A8_SRGB usage=TRANSFER_SRC | TRANSFER_DST | COLOR_ATTACHMENT bits=0x13 supported=TRANSFER_SRC | TRANSFER_DST | SAMPLED | STORAGE | COLOR_ATTACHMENT | INPUT_ATTACHMENT
NSDIAG gbuffer target target_id=1879048212 exists=true recreate=false colors=3 depth=true extent=1280x720
NSDIAG deferred-target label='deferred_lighting' gbuffer_target=1879048212 lit_target=1879048196 lit_initialized_before=false
NSDIAG vkCreateSwapchainKHR format=B8G8R8A8_SRGB usage=TRANSFER_SRC | TRANSFER_DST | COLOR_ATTACHMENT bits=0x13 supported=TRANSFER_SRC | TRANSFER_DST | SAMPLED | STORAGE | COLOR_ATTACHMENT | INPUT_ATTACHMENT
NSDIAG gbuffer target target_id=1879048212 exists=true recreate=false colors=3 depth=true extent=1280x720
NSDIAG deferred-target label='deferred_lighting' gbuffer_target=1879048212 lit_target=1879048196 lit_initialized_before=false
NSDIAG vkCreateSwapchainKHR format=B8G8R8A8_SRGB usage=TRANSFER_SRC | TRANSFER_DST | COLOR_ATTACHMENT bits=0x13 supported=TRANSFER_SRC | TRANSFER_DST | SAMPLED | STORAGE | COLOR_ATTACHMENT | INPUT_ATTACHMENT
NSDIAG gbuffer target target_id=1879048212 exists=true recreate=false colors=3 depth=true extent=1280x720
NSDIAG graph-pass begin frame=510 id=120 label='shadow_cascade_map' kind=ShadowCascadeMap queue=Graphics draws=164
NSDIAG graph-pass end frame=510 id=120 label='shadow_cascade_map' kind=ShadowCascadeMap ok=true
NSDIAG graph-pass begin frame=510 id=560 label='particle_simulation' kind=ParticleSimulation queue=Compute draws=0
NSDIAG graph-pass end frame=510 id=560 label='particle_simulation' kind=ParticleSimulation ok=true
NSDIAG graph-pass begin frame=510 id=300 label='viewport_gbuffer' kind=GBuffer queue=Graphics draws=16
NSDIAG graph-pass end frame=510 id=300 label='viewport_gbuffer' kind=GBuffer ok=true
NSDIAG graph-pass begin frame=510 id=400 label='deferred_lighting' kind=DeferredLighting queue=Graphics draws=0
NSDIAG deferred-target label='deferred_lighting' gbuffer_target=1879048212 lit_target=1879048196 lit_initialized_before=false
NSDIAG graph-pass end frame=510 id=400 label='deferred_lighting' kind=DeferredLighting ok=false
NSDIAG vkCreateSwapchainKHR format=B8G8R8A8_SRGB usage=TRANSFER_SRC | TRANSFER_DST | COLOR_ATTACHMENT bits=0x13 supported=TRANSFER_SRC | TRANSFER_DST | SAMPLED | STORAGE | COLOR_ATTACHMENT | INPUT_ATTACHMENT
NSDIAG gbuffer target target_id=1879048212 exists=true recreate=false colors=3 depth=true extent=1280x720
NSDIAG deferred-target label='deferred_lighting' gbuffer_target=1879048212 lit_target=1879048196 lit_initialized_before=false
NSDIAG vkCreateSwapchainKHR format=B8G8R8A8_SRGB usage=TRANSFER_SRC | TRANSFER_DST | COLOR_ATTACHMENT bits=0x13 supported=TRANSFER_SRC | TRANSFER_DST | SAMPLED | STORAGE | COLOR_ATTACHMENT | INPUT_ATTACHMENT
NSDIAG gbuffer target target_id=1879048212 exists=true recreate=false colors=3 depth=true extent=1280x720
NSDIAG deferred-target label='deferred_lighting' gbuffer_target=1879048212 lit_target=1879048196 lit_initialized_before=false
NSDIAG vkCreateSwapchainKHR format=B8G8R8A8_SRGB usage=TRANSFER_SRC | TRANSFER_DST | COLOR_ATTACHMENT bits=0x13 supported=TRANSFER_SRC | TRANSFER_DST | SAMPLED | STORAGE | COLOR_ATTACHMENT | INPUT_ATTACHMENT
NSDIAG gbuffer target target_id=1879048212 exists=true recreate=false colors=3 depth=true extent=1280x720
NSDIAG deferred-target label='deferred_lighting' gbuffer_target=1879048212 lit_target=1879048196 lit_initialized_before=false
NSDIAG vkCreateSwapchainKHR format=B8G8R8A8_SRGB usage=TRANSFER_SRC | TRANSFER_DST | COLOR_ATTACHMENT bits=0x13 supported=TRANSFER_SRC | TRANSFER_DST | SAMPLED | STORAGE | COLOR_ATTACHMENT | INPUT_ATTACHMENT
NSDIAG gbuffer target target_id=1879048212 exists=true recreate=false colors=3 depth=true extent=1280x720
NSDIAG deferred-target label='deferred_lighting' gbuffer_target=1879048212 lit_target=1879048196 lit_initialized_before=false
NSDIAG vkCreateSwapchainKHR format=B8G8R8A8_SRGB usage=TRANSFER_SRC | TRANSFER_DST | COLOR_ATTACHMENT bits=0x13 supported=TRANSFER_SRC | TRANSFER_DST | SAMPLED | STORAGE | COLOR_ATTACHMENT | INPUT_ATTACHMENT
NSDIAG gbuffer target target_id=1879048212 exists=true recreate=false colors=3 depth=true extent=1280x720
NSDIAG deferred-target label='deferred_lighting' gbuffer_target=1879048212 lit_target=1879048196 lit_initialized_before=false
NSDIAG vkCreateSwapchainKHR format=B8G8R8A8_SRGB usage=TRANSFER_SRC | TRANSFER_DST | COLOR_ATTACHMENT bits=0x13 supported=TRANSFER_SRC | TRANSFER_DST | SAMPLED | STORAGE | COLOR_ATTACHMENT | INPUT_ATTACHMENT
NSDIAG gbuffer target target_id=1879048212 exists=true recreate=false colors=3 depth=true extent=1280x720
NSDIAG deferred-target label='deferred_lighting' gbuffer_target=1879048212 lit_target=1879048196 lit_initialized_before=false
NSDIAG vkCreateSwapchainKHR format=B8G8R8A8_SRGB usage=TRANSFER_SRC | TRANSFER_DST | COLOR_ATTACHMENT bits=0x13 supported=TRANSFER_SRC | TRANSFER_DST | SAMPLED | STORAGE | COLOR_ATTACHMENT | INPUT_ATTACHMENT
NSDIAG gbuffer target target_id=1879048212 exists=true recreate=false colors=3 depth=true extent=1280x720
NSDIAG deferred-target label='deferred_lighting' gbuffer_target=1879048212 lit_target=1879048196 lit_initialized_before=false
NSDIAG vkCreateSwapchainKHR format=B8G8R8A8_SRGB usage=TRANSFER_SRC | TRANSFER_DST | COLOR_ATTACHMENT bits=0x13 supported=TRANSFER_SRC | TRANSFER_DST | SAMPLED | STORAGE | COLOR_ATTACHMENT | INPUT_ATTACHMENT
NSDIAG gbuffer target target_id=1879048212 exists=true recreate=false colors=3 depth=true extent=1280x720
NSDIAG deferred-target label='deferred_lighting' gbuffer_target=1879048212 lit_target=1879048196 lit_initialized_before=false
NSDIAG vkCreateSwapchainKHR format=B8G8R8A8_SRGB usage=TRANSFER_SRC | TRANSFER_DST | COLOR_ATTACHMENT bits=0x13 supported=TRANSFER_SRC | TRANSFER_DST | SAMPLED | STORAGE | COLOR_ATTACHMENT | INPUT_ATTACHMENT
NSDIAG gbuffer target target_id=1879048212 exists=true recreate=false colors=3 depth=true extent=1280x720
NSDIAG deferred-target label='deferred_lighting' gbuffer_target=1879048212 lit_target=1879048196 lit_initialized_before=false
NSDIAG vkCreateSwapchainKHR format=B8G8R8A8_SRGB usage=TRANSFER_SRC | TRANSFER_DST | COLOR_ATTACHMENT bits=0x13 supported=TRANSFER_SRC | TRANSFER_DST | SAMPLED | STORAGE | COLOR_ATTACHMENT | INPUT_ATTACHMENT
NSDIAG gbuffer target target_id=1879048212 exists=true recreate=false colors=3 depth=true extent=1280x720
NSDIAG deferred-target label='deferred_lighting' gbuffer_target=1879048212 lit_target=1879048196 lit_initialized_before=false
NSDIAG vkCreateSwapchainKHR format=B8G8R8A8_SRGB usage=TRANSFER_SRC | TRANSFER_DST | COLOR_ATTACHMENT bits=0x13 supported=TRANSFER_SRC | TRANSFER_DST | SAMPLED | STORAGE | COLOR_ATTACHMENT | INPUT_ATTACHMENT
NSDIAG gbuffer target target_id=1879048212 exists=true recreate=false colors=3 depth=true extent=1280x720
NSDIAG deferred-target label='deferred_lighting' gbuffer_target=1879048212 lit_target=1879048196 lit_initialized_before=false
NSDIAG vkCreateSwapchainKHR format=B8G8R8A8_SRGB usage=TRANSFER_SRC | TRANSFER_DST | COLOR_ATTACHMENT bits=0x13 supported=TRANSFER_SRC | TRANSFER_DST | SAMPLED | STORAGE | COLOR_ATTACHMENT | INPUT_ATTACHMENT
NSDIAG gbuffer target target_id=1879048212 exists=true recreate=false colors=3 depth=true extent=1280x720
NSDIAG deferred-target label='deferred_lighting' gbuffer_target=1879048212 lit_target=1879048196 lit_initialized_before=false
NSDIAG vkCreateSwapchainKHR format=B8G8R8A8_SRGB usage=TRANSFER_SRC | TRANSFER_DST | COLOR_ATTACHMENT bits=0x13 supported=TRANSFER_SRC | TRANSFER_DST | SAMPLED | STORAGE | COLOR_ATTACHMENT | INPUT_ATTACHMENT
NSDIAG gbuffer target target_id=1879048212 exists=true recreate=false colors=3 depth=true extent=1280x720
NSDIAG deferred-target label='deferred_lighting' gbuffer_target=1879048212 lit_target=1879048196 lit_initialized_before=false
NSDIAG vkCreateSwapchainKHR format=B8G8R8A8_SRGB usage=TRANSFER_SRC | TRANSFER_DST | COLOR_ATTACHMENT bits=0x13 supported=TRANSFER_SRC | TRANSFER_DST | SAMPLED | STORAGE | COLOR_ATTACHMENT | INPUT_ATTACHMENT
NSDIAG gbuffer target target_id=1879048212 exists=true recreate=false colors=3 depth=true extent=1280x720
NSDIAG deferred-target label='deferred_lighting' gbuffer_target=1879048212 lit_target=1879048196 lit_initialized_before=false
NSDIAG vkCreateSwapchainKHR format=B8G8R8A8_SRGB usage=TRANSFER_SRC | TRANSFER_DST | COLOR_ATTACHMENT bits=0x13 supported=TRANSFER_SRC | TRANSFER_DST | SAMPLED | STORAGE | COLOR_ATTACHMENT | INPUT_ATTACHMENT
NSDIAG gbuffer target target_id=1879048212 exists=true recreate=false colors=3 depth=true extent=1280x720
NSDIAG deferred-target label='deferred_lighting' gbuffer_target=1879048212 lit_target=1879048196 lit_initialized_before=false
NSDIAG vkCreateSwapchainKHR format=B8G8R8A8_SRGB usage=TRANSFER_SRC | TRANSFER_DST | COLOR_ATTACHMENT bits=0x13 supported=TRANSFER_SRC | TRANSFER_DST | SAMPLED | STORAGE | COLOR_ATTACHMENT | INPUT_ATTACHMENT
NSDIAG gbuffer target target_id=1879048212 exists=true recreate=false colors=3 depth=true extent=1280x720
NSDIAG deferred-target label='deferred_lighting' gbuffer_target=1879048212 lit_target=1879048196 lit_initialized_before=false
NSDIAG vkCreateSwapchainKHR format=B8G8R8A8_SRGB usage=TRANSFER_SRC | TRANSFER_DST | COLOR_ATTACHMENT bits=0x13 supported=TRANSFER_SRC | TRANSFER_DST | SAMPLED | STORAGE | COLOR_ATTACHMENT | INPUT_ATTACHMENT
NSDIAG gbuffer target target_id=1879048212 exists=true recreate=false colors=3 depth=true extent=1280x720
NSDIAG deferred-target label='deferred_lighting' gbuffer_target=1879048212 lit_target=1879048196 lit_initialized_before=false
NSDIAG vkCreateSwapchainKHR format=B8G8R8A8_SRGB usage=TRANSFER_SRC | TRANSFER_DST | COLOR_ATTACHMENT bits=0x13 supported=TRANSFER_SRC | TRANSFER_DST | SAMPLED | STORAGE | COLOR_ATTACHMENT | INPUT_ATTACHMENT
NSDIAG gbuffer target target_id=1879048212 exists=true recreate=false colors=3 depth=true extent=1280x720
NSDIAG deferred-target label='deferred_lighting' gbuffer_target=1879048212 lit_target=1879048196 lit_initialized_before=false
NSDIAG vkCreateSwapchainKHR format=B8G8R8A8_SRGB usage=TRANSFER_SRC | TRANSFER_DST | COLOR_ATTACHMENT bits=0x13 supported=TRANSFER_SRC | TRANSFER_DST | SAMPLED | STORAGE | COLOR_ATTACHMENT | INPUT_ATTACHMENT
NSDIAG gbuffer target target_id=1879048212 exists=true recreate=false colors=3 depth=true extent=1280x720
NSDIAG deferred-target label='deferred_lighting' gbuffer_target=1879048212 lit_target=1879048196 lit_initialized_before=false
NSDIAG vkCreateSwapchainKHR format=B8G8R8A8_SRGB usage=TRANSFER_SRC | TRANSFER_DST | COLOR_ATTACHMENT bits=0x13 supported=TRANSFER_SRC | TRANSFER_DST | SAMPLED | STORAGE | COLOR_ATTACHMENT | INPUT_ATTACHMENT
NSDIAG gbuffer target target_id=1879048212 exists=true recreate=false colors=3 depth=true extent=1280x720
NSDIAG deferred-target label='deferred_lighting' gbuffer_target=1879048212 lit_target=1879048196 lit_initialized_before=false
NSDIAG vkCreateSwapchainKHR format=B8G8R8A8_SRGB usage=TRANSFER_SRC | TRANSFER_DST | COLOR_ATTACHMENT bits=0x13 supported=TRANSFER_SRC | TRANSFER_DST | SAMPLED | STORAGE | COLOR_ATTACHMENT | INPUT_ATTACHMENT
NSDIAG gbuffer target target_id=1879048212 exists=true recreate=false colors=3 depth=true extent=1280x720
NSDIAG deferred-target label='deferred_lighting' gbuffer_target=1879048212 lit_target=1879048196 lit_initialized_before=false
NSDIAG vkCreateSwapchainKHR format=B8G8R8A8_SRGB usage=TRANSFER_SRC | TRANSFER_DST | COLOR_ATTACHMENT bits=0x13 supported=TRANSFER_SRC | TRANSFER_DST | SAMPLED | STORAGE | COLOR_ATTACHMENT | INPUT_ATTACHMENT
NSDIAG gbuffer target target_id=1879048212 exists=true recreate=false colors=3 depth=true extent=1280x720
NSDIAG deferred-target label='deferred_lighting' gbuffer_target=1879048212 lit_target=1879048196 lit_initialized_before=false
NSDIAG vkCreateSwapchainKHR format=B8G8R8A8_SRGB usage=TRANSFER_SRC | TRANSFER_DST | COLOR_ATTACHMENT bits=0x13 supported=TRANSFER_SRC | TRANSFER_DST | SAMPLED | STORAGE | COLOR_ATTACHMENT | INPUT_ATTACHMENT
NSDIAG gbuffer target target_id=1879048212 exists=true recreate=false colors=3 depth=true extent=1280x720
NSDIAG deferred-target label='deferred_lighting' gbuffer_target=1879048212 lit_target=1879048196 lit_initialized_before=false
NSDIAG vkCreateSwapchainKHR format=B8G8R8A8_SRGB usage=TRANSFER_SRC | TRANSFER_DST | COLOR_ATTACHMENT bits=0x13 supported=TRANSFER_SRC | TRANSFER_DST | SAMPLED | STORAGE | COLOR_ATTACHMENT | INPUT_ATTACHMENT
NSDIAG gbuffer target target_id=1879048212 exists=true recreate=false colors=3 depth=true extent=1280x720
NSDIAG deferred-target label='deferred_lighting' gbuffer_target=1879048212 lit_target=1879048196 lit_initialized_before=false
NSDIAG vkCreateSwapchainKHR format=B8G8R8A8_SRGB usage=TRANSFER_SRC | TRANSFER_DST | COLOR_ATTACHMENT bits=0x13 supported=TRANSFER_SRC | TRANSFER_DST | SAMPLED | STORAGE | COLOR_ATTACHMENT | INPUT_ATTACHMENT
NSDIAG gbuffer target target_id=1879048212 exists=true recreate=false colors=3 depth=true extent=1280x720
NSDIAG deferred-target label='deferred_lighting' gbuffer_target=1879048212 lit_target=1879048196 lit_initialized_before=false
NSDIAG vkCreateSwapchainKHR format=B8G8R8A8_SRGB usage=TRANSFER_SRC | TRANSFER_DST | COLOR_ATTACHMENT bits=0x13 supported=TRANSFER_SRC | TRANSFER_DST | SAMPLED | STORAGE | COLOR_ATTACHMENT | INPUT_ATTACHMENT
NSDIAG gbuffer target target_id=1879048212 exists=true recreate=false colors=3 depth=true extent=1280x720
NSDIAG deferred-target label='deferred_lighting' gbuffer_target=1879048212 lit_target=1879048196 lit_initialized_before=false
NSDIAG vkCreateSwapchainKHR format=B8G8R8A8_SRGB usage=TRANSFER_SRC | TRANSFER_DST | COLOR_ATTACHMENT bits=0x13 supported=TRANSFER_SRC | TRANSFER_DST | SAMPLED | STORAGE | COLOR_ATTACHMENT | INPUT_ATTACHMENT
NSDIAG gbuffer target target_id=1879048212 exists=true recreate=false colors=3 depth=true extent=1280x720
NSDIAG deferred-target label='deferred_lighting' gbuffer_target=1879048212 lit_target=1879048196 lit_initialized_before=false
NSDIAG vkCreateSwapchainKHR format=B8G8R8A8_SRGB usage=TRANSFER_SRC | TRANSFER_DST | COLOR_ATTACHMENT bits=0x13 supported=TRANSFER_SRC | TRANSFER_DST | SAMPLED | STORAGE | COLOR_ATTACHMENT | INPUT_ATTACHMENT
NSDIAG gbuffer target target_id=1879048212 exists=true recreate=false colors=3 depth=true extent=1280x720
NSDIAG deferred-target label='deferred_lighting' gbuffer_target=1879048212 lit_target=1879048196 lit_initialized_before=false
NSDIAG vkCreateSwapchainKHR format=B8G8R8A8_SRGB usage=TRANSFER_SRC | TRANSFER_DST | COLOR_ATTACHMENT bits=0x13 supported=TRANSFER_SRC | TRANSFER_DST | SAMPLED | STORAGE | COLOR_ATTACHMENT | INPUT_ATTACHMENT
NSDIAG gbuffer target target_id=1879048212 exists=true recreate=false colors=3 depth=true extent=1280x720
NSDIAG deferred-target label='deferred_lighting' gbuffer_target=1879048212 lit_target=1879048196 lit_initialized_before=false
NSDIAG vkCreateSwapchainKHR format=B8G8R8A8_SRGB usage=TRANSFER_SRC | TRANSFER_DST | COLOR_ATTACHMENT bits=0x13 supported=TRANSFER_SRC | TRANSFER_DST | SAMPLED | STORAGE | COLOR_ATTACHMENT | INPUT_ATTACHMENT
NSDIAG gbuffer target target_id=1879048212 exists=true recreate=false colors=3 depth=true extent=1280x720
NSDIAG graph-pass begin frame=540 id=120 label='shadow_cascade_map' kind=ShadowCascadeMap queue=Graphics draws=164
NSDIAG graph-pass end frame=540 id=120 label='shadow_cascade_map' kind=ShadowCascadeMap ok=true
NSDIAG graph-pass begin frame=540 id=560 label='particle_simulation' kind=ParticleSimulation queue=Compute draws=0
NSDIAG graph-pass end frame=540 id=560 label='particle_simulation' kind=ParticleSimulation ok=true
NSDIAG graph-pass begin frame=540 id=300 label='viewport_gbuffer' kind=GBuffer queue=Graphics draws=16
NSDIAG graph-pass end frame=540 id=300 label='viewport_gbuffer' kind=GBuffer ok=true
NSDIAG graph-pass begin frame=540 id=400 label='deferred_lighting' kind=DeferredLighting queue=Graphics draws=0
NSDIAG deferred-target label='deferred_lighting' gbuffer_target=1879048212 lit_target=1879048196 lit_initialized_before=false
NSDIAG graph-pass end frame=540 id=400 label='deferred_lighting' kind=DeferredLighting ok=false
NSDIAG vkCreateSwapchainKHR format=B8G8R8A8_SRGB usage=TRANSFER_SRC | TRANSFER_DST | COLOR_ATTACHMENT bits=0x13 supported=TRANSFER_SRC | TRANSFER_DST | SAMPLED | STORAGE | COLOR_ATTACHMENT | INPUT_ATTACHMENT
NSDIAG gbuffer target target_id=1879048212 exists=true recreate=false colors=3 depth=true extent=1280x720
NSDIAG deferred-target label='deferred_lighting' gbuffer_target=1879048212 lit_target=1879048196 lit_initialized_before=false
NSDIAG vkCreateSwapchainKHR format=B8G8R8A8_SRGB usage=TRANSFER_SRC | TRANSFER_DST | COLOR_ATTACHMENT bits=0x13 supported=TRANSFER_SRC | TRANSFER_DST | SAMPLED | STORAGE | COLOR_ATTACHMENT | INPUT_ATTACHMENT
NSDIAG gbuffer target target_id=1879048212 exists=true recreate=false colors=3 depth=true extent=1280x720
NSDIAG deferred-target label='deferred_lighting' gbuffer_target=1879048212 lit_target=1879048196 lit_initialized_before=false
NSDIAG vkCreateSwapchainKHR format=B8G8R8A8_SRGB usage=TRANSFER_SRC | TRANSFER_DST | COLOR_ATTACHMENT bits=0x13 supported=TRANSFER_SRC | TRANSFER_DST | SAMPLED | STORAGE | COLOR_ATTACHMENT | INPUT_ATTACHMENT
NSDIAG gbuffer target target_id=1879048212 exists=true recreate=false colors=3 depth=true extent=1280x720
NSDIAG deferred-target label='deferred_lighting' gbuffer_target=1879048212 lit_target=1879048196 lit_initialized_before=false
NSDIAG vkCreateSwapchainKHR format=B8G8R8A8_SRGB usage=TRANSFER_SRC | TRANSFER_DST | COLOR_ATTACHMENT bits=0x13 supported=TRANSFER_SRC | TRANSFER_DST | SAMPLED | STORAGE | COLOR_ATTACHMENT | INPUT_ATTACHMENT
NSDIAG gbuffer target target_id=1879048212 exists=true recreate=false colors=3 depth=true extent=1280x720
NSDIAG deferred-target label='deferred_lighting' gbuffer_target=1879048212 lit_target=1879048196 lit_initialized_before=false
NSDIAG vkCreateSwapchainKHR format=B8G8R8A8_SRGB usage=TRANSFER_SRC | TRANSFER_DST | COLOR_ATTACHMENT bits=0x13 supported=TRANSFER_SRC | TRANSFER_DST | SAMPLED | STORAGE | COLOR_ATTACHMENT | INPUT_ATTACHMENT
NSDIAG gbuffer target target_id=1879048212 exists=true recreate=false colors=3 depth=true extent=1280x720
NSDIAG deferred-target label='deferred_lighting' gbuffer_target=1879048212 lit_target=1879048196 lit_initialized_before=false
NSDIAG vkCreateSwapchainKHR format=B8G8R8A8_SRGB usage=TRANSFER_SRC | TRANSFER_DST | COLOR_ATTACHMENT bits=0x13 supported=TRANSFER_SRC | TRANSFER_DST | SAMPLED | STORAGE | COLOR_ATTACHMENT | INPUT_ATTACHMENT
NSDIAG gbuffer target target_id=1879048212 exists=true recreate=false colors=3 depth=true extent=1280x720
NSDIAG deferred-target label='deferred_lighting' gbuffer_target=1879048212 lit_target=1879048196 lit_initialized_before=false
NSDIAG vkCreateSwapchainKHR format=B8G8R8A8_SRGB usage=TRANSFER_SRC | TRANSFER_DST | COLOR_ATTACHMENT bits=0x13 supported=TRANSFER_SRC | TRANSFER_DST | SAMPLED | STORAGE | COLOR_ATTACHMENT | INPUT_ATTACHMENT
NSDIAG gbuffer target target_id=1879048212 exists=true recreate=false colors=3 depth=true extent=1280x720
NSDIAG deferred-target label='deferred_lighting' gbuffer_target=1879048212 lit_target=1879048196 lit_initialized_before=false
NSDIAG vkCreateSwapchainKHR format=B8G8R8A8_SRGB usage=TRANSFER_SRC | TRANSFER_DST | COLOR_ATTACHMENT bits=0x13 supported=TRANSFER_SRC | TRANSFER_DST | SAMPLED | STORAGE | COLOR_ATTACHMENT | INPUT_ATTACHMENT
NSDIAG gbuffer target target_id=1879048212 exists=true recreate=false colors=3 depth=true extent=1280x720
NSDIAG deferred-target label='deferred_lighting' gbuffer_target=1879048212 lit_target=1879048196 lit_initialized_before=false
NSDIAG vkCreateSwapchainKHR format=B8G8R8A8_SRGB usage=TRANSFER_SRC | TRANSFER_DST | COLOR_ATTACHMENT bits=0x13 supported=TRANSFER_SRC | TRANSFER_DST | SAMPLED | STORAGE | COLOR_ATTACHMENT | INPUT_ATTACHMENT
NSDIAG gbuffer target target_id=1879048212 exists=true recreate=false colors=3 depth=true extent=1280x720
NSDIAG deferred-target label='deferred_lighting' gbuffer_target=1879048212 lit_target=1879048196 lit_initialized_before=false
NSDIAG vkCreateSwapchainKHR format=B8G8R8A8_SRGB usage=TRANSFER_SRC | TRANSFER_DST | COLOR_ATTACHMENT bits=0x13 supported=TRANSFER_SRC | TRANSFER_DST | SAMPLED | STORAGE | COLOR_ATTACHMENT | INPUT_ATTACHMENT
NSDIAG gbuffer target target_id=1879048212 exists=true recreate=false colors=3 depth=true extent=1280x720
NSDIAG deferred-target label='deferred_lighting' gbuffer_target=1879048212 lit_target=1879048196 lit_initialized_before=false
NSDIAG vkCreateSwapchainKHR format=B8G8R8A8_SRGB usage=TRANSFER_SRC | TRANSFER_DST | COLOR_ATTACHMENT bits=0x13 supported=TRANSFER_SRC | TRANSFER_DST | SAMPLED | STORAGE | COLOR_ATTACHMENT | INPUT_ATTACHMENT
NSDIAG gbuffer target target_id=1879048212 exists=true recreate=false colors=3 depth=true extent=1280x720
NSDIAG deferred-target label='deferred_lighting' gbuffer_target=1879048212 lit_target=1879048196 lit_initialized_before=false
NSDIAG vkCreateSwapchainKHR format=B8G8R8A8_SRGB usage=TRANSFER_SRC | TRANSFER_DST | COLOR_ATTACHMENT bits=0x13 supported=TRANSFER_SRC | TRANSFER_DST | SAMPLED | STORAGE | COLOR_ATTACHMENT | INPUT_ATTACHMENT
NSDIAG gbuffer target target_id=1879048212 exists=true recreate=false colors=3 depth=true extent=1280x720
NSDIAG deferred-target label='deferred_lighting' gbuffer_target=1879048212 lit_target=1879048196 lit_initialized_before=false
NSDIAG vkCreateSwapchainKHR format=B8G8R8A8_SRGB usage=TRANSFER_SRC | TRANSFER_DST | COLOR_ATTACHMENT bits=0x13 supported=TRANSFER_SRC | TRANSFER_DST | SAMPLED | STORAGE | COLOR_ATTACHMENT | INPUT_ATTACHMENT
NSDIAG gbuffer target target_id=1879048212 exists=true recreate=false colors=3 depth=true extent=1280x720
NSDIAG deferred-target label='deferred_lighting' gbuffer_target=1879048212 lit_target=1879048196 lit_initialized_before=false
NSDIAG vkCreateSwapchainKHR format=B8G8R8A8_SRGB usage=TRANSFER_SRC | TRANSFER_DST | COLOR_ATTACHMENT bits=0x13 supported=TRANSFER_SRC | TRANSFER_DST | SAMPLED | STORAGE | COLOR_ATTACHMENT | INPUT_ATTACHMENT
NSDIAG gbuffer target target_id=1879048212 exists=true recreate=false colors=3 depth=true extent=1280x720
NSDIAG deferred-target label='deferred_lighting' gbuffer_target=1879048212 lit_target=1879048196 lit_initialized_before=false
NSDIAG vkCreateSwapchainKHR format=B8G8R8A8_SRGB usage=TRANSFER_SRC | TRANSFER_DST | COLOR_ATTACHMENT bits=0x13 supported=TRANSFER_SRC | TRANSFER_DST | SAMPLED | STORAGE | COLOR_ATTACHMENT | INPUT_ATTACHMENT
NSDIAG gbuffer target target_id=1879048212 exists=true recreate=false colors=3 depth=true extent=1280x720
NSDIAG deferred-target label='deferred_lighting' gbuffer_target=1879048212 lit_target=1879048196 lit_initialized_before=false
NSDIAG vkCreateSwapchainKHR format=B8G8R8A8_SRGB usage=TRANSFER_SRC | TRANSFER_DST | COLOR_ATTACHMENT bits=0x13 supported=TRANSFER_SRC | TRANSFER_DST | SAMPLED | STORAGE | COLOR_ATTACHMENT | INPUT_ATTACHMENT
NSDIAG gbuffer target target_id=1879048212 exists=true recreate=false colors=3 depth=true extent=1280x720
NSDIAG deferred-target label='deferred_lighting' gbuffer_target=1879048212 lit_target=1879048196 lit_initialized_before=false
NSDIAG vkCreateSwapchainKHR format=B8G8R8A8_SRGB usage=TRANSFER_SRC | TRANSFER_DST | COLOR_ATTACHMENT bits=0x13 supported=TRANSFER_SRC | TRANSFER_DST | SAMPLED | STORAGE | COLOR_ATTACHMENT | INPUT_ATTACHMENT
NSDIAG gbuffer target target_id=1879048212 exists=true recreate=false colors=3 depth=true extent=1280x720
NSDIAG deferred-target label='deferred_lighting' gbuffer_target=1879048212 lit_target=1879048196 lit_initialized_before=false
NSDIAG vkCreateSwapchainKHR format=B8G8R8A8_SRGB usage=TRANSFER_SRC | TRANSFER_DST | COLOR_ATTACHMENT bits=0x13 supported=TRANSFER_SRC | TRANSFER_DST | SAMPLED | STORAGE | COLOR_ATTACHMENT | INPUT_ATTACHMENT
NSDIAG gbuffer target target_id=1879048212 exists=true recreate=false colors=3 depth=true extent=1280x720
NSDIAG deferred-target label='deferred_lighting' gbuffer_target=1879048212 lit_target=1879048196 lit_initialized_before=false
NSDIAG vkCreateSwapchainKHR format=B8G8R8A8_SRGB usage=TRANSFER_SRC | TRANSFER_DST | COLOR_ATTACHMENT bits=0x13 supported=TRANSFER_SRC | TRANSFER_DST | SAMPLED | STORAGE | COLOR_ATTACHMENT | INPUT_ATTACHMENT
NSDIAG gbuffer target target_id=1879048212 exists=true recreate=false colors=3 depth=true extent=1280x720
NSDIAG deferred-target label='deferred_lighting' gbuffer_target=1879048212 lit_target=1879048196 lit_initialized_before=false
NSDIAG vkCreateSwapchainKHR format=B8G8R8A8_SRGB usage=TRANSFER_SRC | TRANSFER_DST | COLOR_ATTACHMENT bits=0x13 supported=TRANSFER_SRC | TRANSFER_DST | SAMPLED | STORAGE | COLOR_ATTACHMENT | INPUT_ATTACHMENT
NSDIAG gbuffer target target_id=1879048212 exists=true recreate=false colors=3 depth=true extent=1280x720
NSDIAG deferred-target label='deferred_lighting' gbuffer_target=1879048212 lit_target=1879048196 lit_initialized_before=false
NSDIAG vkCreateSwapchainKHR format=B8G8R8A8_SRGB usage=TRANSFER_SRC | TRANSFER_DST | COLOR_ATTACHMENT bits=0x13 supported=TRANSFER_SRC | TRANSFER_DST | SAMPLED | STORAGE | COLOR_ATTACHMENT | INPUT_ATTACHMENT
NSDIAG gbuffer target target_id=1879048212 exists=true recreate=false colors=3 depth=true extent=1280x720
NSDIAG deferred-target label='deferred_lighting' gbuffer_target=1879048212 lit_target=1879048196 lit_initialized_before=false
NSDIAG vkCreateSwapchainKHR format=B8G8R8A8_SRGB usage=TRANSFER_SRC | TRANSFER_DST | COLOR_ATTACHMENT bits=0x13 supported=TRANSFER_SRC | TRANSFER_DST | SAMPLED | STORAGE | COLOR_ATTACHMENT | INPUT_ATTACHMENT
NSDIAG gbuffer target target_id=1879048212 exists=true recreate=false colors=3 depth=true extent=1280x720
NSDIAG deferred-target label='deferred_lighting' gbuffer_target=1879048212 lit_target=1879048196 lit_initialized_before=false
NSDIAG vkCreateSwapchainKHR format=B8G8R8A8_SRGB usage=TRANSFER_SRC | TRANSFER_DST | COLOR_ATTACHMENT bits=0x13 supported=TRANSFER_SRC | TRANSFER_DST | SAMPLED | STORAGE | COLOR_ATTACHMENT | INPUT_ATTACHMENT
NSDIAG gbuffer target target_id=1879048212 exists=true recreate=false colors=3 depth=true extent=1280x720
NSDIAG deferred-target label='deferred_lighting' gbuffer_target=1879048212 lit_target=1879048196 lit_initialized_before=false
NSDIAG vkCreateSwapchainKHR format=B8G8R8A8_SRGB usage=TRANSFER_SRC | TRANSFER_DST | COLOR_ATTACHMENT bits=0x13 supported=TRANSFER_SRC | TRANSFER_DST | SAMPLED | STORAGE | COLOR_ATTACHMENT | INPUT_ATTACHMENT
NSDIAG gbuffer target target_id=1879048212 exists=true recreate=false colors=3 depth=true extent=1280x720
NSDIAG deferred-target label='deferred_lighting' gbuffer_target=1879048212 lit_target=1879048196 lit_initialized_before=false
NSDIAG vkCreateSwapchainKHR format=B8G8R8A8_SRGB usage=TRANSFER_SRC | TRANSFER_DST | COLOR_ATTACHMENT bits=0x13 supported=TRANSFER_SRC | TRANSFER_DST | SAMPLED | STORAGE | COLOR_ATTACHMENT | INPUT_ATTACHMENT
NSDIAG gbuffer target target_id=1879048212 exists=true recreate=false colors=3 depth=true extent=1280x720
NSDIAG deferred-target label='deferred_lighting' gbuffer_target=1879048212 lit_target=1879048196 lit_initialized_before=false
NSDIAG vkCreateSwapchainKHR format=B8G8R8A8_SRGB usage=TRANSFER_SRC | TRANSFER_DST | COLOR_ATTACHMENT bits=0x13 supported=TRANSFER_SRC | TRANSFER_DST | SAMPLED | STORAGE | COLOR_ATTACHMENT | INPUT_ATTACHMENT
NSDIAG gbuffer target target_id=1879048212 exists=true recreate=false colors=3 depth=true extent=1280x720
NSDIAG deferred-target label='deferred_lighting' gbuffer_target=1879048212 lit_target=1879048196 lit_initialized_before=false
NSDIAG vkCreateSwapchainKHR format=B8G8R8A8_SRGB usage=TRANSFER_SRC | TRANSFER_DST | COLOR_ATTACHMENT bits=0x13 supported=TRANSFER_SRC | TRANSFER_DST | SAMPLED | STORAGE | COLOR_ATTACHMENT | INPUT_ATTACHMENT
NSDIAG gbuffer target target_id=1879048212 exists=true recreate=false colors=3 depth=true extent=1280x720
NSDIAG deferred-target label='deferred_lighting' gbuffer_target=1879048212 lit_target=1879048196 lit_initialized_before=false
NSDIAG vkCreateSwapchainKHR format=B8G8R8A8_SRGB usage=TRANSFER_SRC | TRANSFER_DST | COLOR_ATTACHMENT bits=0x13 supported=TRANSFER_SRC | TRANSFER_DST | SAMPLED | STORAGE | COLOR_ATTACHMENT | INPUT_ATTACHMENT
NSDIAG gbuffer target target_id=1879048212 exists=true recreate=false colors=3 depth=true extent=1280x720
NSDIAG deferred-target label='deferred_lighting' gbuffer_target=1879048212 lit_target=1879048196 lit_initialized_before=false
NSDIAG vkCreateSwapchainKHR format=B8G8R8A8_SRGB usage=TRANSFER_SRC | TRANSFER_DST | COLOR_ATTACHMENT bits=0x13 supported=TRANSFER_SRC | TRANSFER_DST | SAMPLED | STORAGE | COLOR_ATTACHMENT | INPUT_ATTACHMENT
NSDIAG gbuffer target target_id=1879048212 exists=true recreate=false colors=3 depth=true extent=1280x720
NSDIAG deferred-target label='deferred_lighting' gbuffer_target=1879048212 lit_target=1879048196 lit_initialized_before=false
NSDIAG vkCreateSwapchainKHR format=B8G8R8A8_SRGB usage=TRANSFER_SRC | TRANSFER_DST | COLOR_ATTACHMENT bits=0x13 supported=TRANSFER_SRC | TRANSFER_DST | SAMPLED | STORAGE | COLOR_ATTACHMENT | INPUT_ATTACHMENT
NSDIAG gbuffer target target_id=1879048212 exists=true recreate=false colors=3 depth=true extent=1280x720
NSDIAG graph-pass begin frame=570 id=120 label='shadow_cascade_map' kind=ShadowCascadeMap queue=Graphics draws=164
NSDIAG graph-pass end frame=570 id=120 label='shadow_cascade_map' kind=ShadowCascadeMap ok=true
NSDIAG graph-pass begin frame=570 id=560 label='particle_simulation' kind=ParticleSimulation queue=Compute draws=0
NSDIAG graph-pass end frame=570 id=560 label='particle_simulation' kind=ParticleSimulation ok=true
NSDIAG graph-pass begin frame=570 id=300 label='viewport_gbuffer' kind=GBuffer queue=Graphics draws=16
NSDIAG graph-pass end frame=570 id=300 label='viewport_gbuffer' kind=GBuffer ok=true
NSDIAG graph-pass begin frame=570 id=400 label='deferred_lighting' kind=DeferredLighting queue=Graphics draws=0
NSDIAG deferred-target label='deferred_lighting' gbuffer_target=1879048212 lit_target=1879048196 lit_initialized_before=false
NSDIAG graph-pass end frame=570 id=400 label='deferred_lighting' kind=DeferredLighting ok=false
NSDIAG vkCreateSwapchainKHR format=B8G8R8A8_SRGB usage=TRANSFER_SRC | TRANSFER_DST | COLOR_ATTACHMENT bits=0x13 supported=TRANSFER_SRC | TRANSFER_DST | SAMPLED | STORAGE | COLOR_ATTACHMENT | INPUT_ATTACHMENT
NSDIAG gbuffer target target_id=1879048212 exists=true recreate=false colors=3 depth=true extent=1280x720
NSDIAG deferred-target label='deferred_lighting' gbuffer_target=1879048212 lit_target=1879048196 lit_initialized_before=false
NSDIAG vkCreateSwapchainKHR format=B8G8R8A8_SRGB usage=TRANSFER_SRC | TRANSFER_DST | COLOR_ATTACHMENT bits=0x13 supported=TRANSFER_SRC | TRANSFER_DST | SAMPLED | STORAGE | COLOR_ATTACHMENT | INPUT_ATTACHMENT
NSDIAG gbuffer target target_id=1879048212 exists=true recreate=false colors=3 depth=true extent=1280x720
NSDIAG deferred-target label='deferred_lighting' gbuffer_target=1879048212 lit_target=1879048196 lit_initialized_before=false
NSDIAG vkCreateSwapchainKHR format=B8G8R8A8_SRGB usage=TRANSFER_SRC | TRANSFER_DST | COLOR_ATTACHMENT bits=0x13 supported=TRANSFER_SRC | TRANSFER_DST | SAMPLED | STORAGE | COLOR_ATTACHMENT | INPUT_ATTACHMENT
NSDIAG gbuffer target target_id=1879048212 exists=true recreate=false colors=3 depth=true extent=1280x720
NSDIAG deferred-target label='deferred_lighting' gbuffer_target=1879048212 lit_target=1879048196 lit_initialized_before=false
NSDIAG vkCreateSwapchainKHR format=B8G8R8A8_SRGB usage=TRANSFER_SRC | TRANSFER_DST | COLOR_ATTACHMENT bits=0x13 supported=TRANSFER_SRC | TRANSFER_DST | SAMPLED | STORAGE | COLOR_ATTACHMENT | INPUT_ATTACHMENT
NSDIAG gbuffer target target_id=1879048212 exists=true recreate=false colors=3 depth=true extent=1280x720
NSDIAG deferred-target label='deferred_lighting' gbuffer_target=1879048212 lit_target=1879048196 lit_initialized_before=false
NSDIAG vkCreateSwapchainKHR format=B8G8R8A8_SRGB usage=TRANSFER_SRC | TRANSFER_DST | COLOR_ATTACHMENT bits=0x13 supported=TRANSFER_SRC | TRANSFER_DST | SAMPLED | STORAGE | COLOR_ATTACHMENT | INPUT_ATTACHMENT
NSDIAG gbuffer target target_id=1879048212 exists=true recreate=false colors=3 depth=true extent=1280x720
NSDIAG deferred-target label='deferred_lighting' gbuffer_target=1879048212 lit_target=1879048196 lit_initialized_before=false
NSDIAG vkCreateSwapchainKHR format=B8G8R8A8_SRGB usage=TRANSFER_SRC | TRANSFER_DST | COLOR_ATTACHMENT bits=0x13 supported=TRANSFER_SRC | TRANSFER_DST | SAMPLED | STORAGE | COLOR_ATTACHMENT | INPUT_ATTACHMENT
NSDIAG gbuffer target target_id=1879048212 exists=true recreate=false colors=3 depth=true extent=1280x720
NSDIAG deferred-target label='deferred_lighting' gbuffer_target=1879048212 lit_target=1879048196 lit_initialized_before=false
NSDIAG vkCreateSwapchainKHR format=B8G8R8A8_SRGB usage=TRANSFER_SRC | TRANSFER_DST | COLOR_ATTACHMENT bits=0x13 supported=TRANSFER_SRC | TRANSFER_DST | SAMPLED | STORAGE | COLOR_ATTACHMENT | INPUT_ATTACHMENT
NSDIAG gbuffer target target_id=1879048212 exists=true recreate=false colors=3 depth=true extent=1280x720
NSDIAG deferred-target label='deferred_lighting' gbuffer_target=1879048212 lit_target=1879048196 lit_initialized_before=false
NSDIAG vkCreateSwapchainKHR format=B8G8R8A8_SRGB usage=TRANSFER_SRC | TRANSFER_DST | COLOR_ATTACHMENT bits=0x13 supported=TRANSFER_SRC | TRANSFER_DST | SAMPLED | STORAGE | COLOR_ATTACHMENT | INPUT_ATTACHMENT
NSDIAG gbuffer target target_id=1879048212 exists=true recreate=false colors=3 depth=true extent=1280x720
NSDIAG deferred-target label='deferred_lighting' gbuffer_target=1879048212 lit_target=1879048196 lit_initialized_before=false
NSDIAG vkCreateSwapchainKHR format=B8G8R8A8_SRGB usage=TRANSFER_SRC | TRANSFER_DST | COLOR_ATTACHMENT bits=0x13 supported=TRANSFER_SRC | TRANSFER_DST | SAMPLED | STORAGE | COLOR_ATTACHMENT | INPUT_ATTACHMENT
NSDIAG gbuffer target target_id=1879048212 exists=true recreate=false colors=3 depth=true extent=1280x720
NSDIAG deferred-target label='deferred_lighting' gbuffer_target=1879048212 lit_target=1879048196 lit_initialized_before=false
NSDIAG vkCreateSwapchainKHR format=B8G8R8A8_SRGB usage=TRANSFER_SRC | TRANSFER_DST | COLOR_ATTACHMENT bits=0x13 supported=TRANSFER_SRC | TRANSFER_DST | SAMPLED | STORAGE | COLOR_ATTACHMENT | INPUT_ATTACHMENT
NSDIAG gbuffer target target_id=1879048212 exists=true recreate=false colors=3 depth=true extent=1280x720
NSDIAG deferred-target label='deferred_lighting' gbuffer_target=1879048212 lit_target=1879048196 lit_initialized_before=false
NSDIAG vkCreateSwapchainKHR format=B8G8R8A8_SRGB usage=TRANSFER_SRC | TRANSFER_DST | COLOR_ATTACHMENT bits=0x13 supported=TRANSFER_SRC | TRANSFER_DST | SAMPLED | STORAGE | COLOR_ATTACHMENT | INPUT_ATTACHMENT
NSDIAG gbuffer target target_id=1879048212 exists=true recreate=false colors=3 depth=true extent=1280x720
NSDIAG deferred-target label='deferred_lighting' gbuffer_target=1879048212 lit_target=1879048196 lit_initialized_before=false
NSDIAG vkCreateSwapchainKHR format=B8G8R8A8_SRGB usage=TRANSFER_SRC | TRANSFER_DST | COLOR_ATTACHMENT bits=0x13 supported=TRANSFER_SRC | TRANSFER_DST | SAMPLED | STORAGE | COLOR_ATTACHMENT | INPUT_ATTACHMENT
NSDIAG gbuffer target target_id=1879048212 exists=true recreate=false colors=3 depth=true extent=1280x720
NSDIAG deferred-target label='deferred_lighting' gbuffer_target=1879048212 lit_target=1879048196 lit_initialized_before=false
NSDIAG vkCreateSwapchainKHR format=B8G8R8A8_SRGB usage=TRANSFER_SRC | TRANSFER_DST | COLOR_ATTACHMENT bits=0x13 supported=TRANSFER_SRC | TRANSFER_DST | SAMPLED | STORAGE | COLOR_ATTACHMENT | INPUT_ATTACHMENT
NSDIAG gbuffer target target_id=1879048212 exists=true recreate=false colors=3 depth=true extent=1280x720
NSDIAG deferred-target label='deferred_lighting' gbuffer_target=1879048212 lit_target=1879048196 lit_initialized_before=false
NSDIAG vkCreateSwapchainKHR format=B8G8R8A8_SRGB usage=TRANSFER_SRC | TRANSFER_DST | COLOR_ATTACHMENT bits=0x13 supported=TRANSFER_SRC | TRANSFER_DST | SAMPLED | STORAGE | COLOR_ATTACHMENT | INPUT_ATTACHMENT
NSDIAG gbuffer target target_id=1879048212 exists=true recreate=false colors=3 depth=true extent=1280x720
NSDIAG deferred-target label='deferred_lighting' gbuffer_target=1879048212 lit_target=1879048196 lit_initialized_before=false
NSDIAG vkCreateSwapchainKHR format=B8G8R8A8_SRGB usage=TRANSFER_SRC | TRANSFER_DST | COLOR_ATTACHMENT bits=0x13 supported=TRANSFER_SRC | TRANSFER_DST | SAMPLED | STORAGE | COLOR_ATTACHMENT | INPUT_ATTACHMENT
NSDIAG gbuffer target target_id=1879048212 exists=true recreate=false colors=3 depth=true extent=1280x720
NSDIAG deferred-target label='deferred_lighting' gbuffer_target=1879048212 lit_target=1879048196 lit_initialized_before=false
NSDIAG vkCreateSwapchainKHR format=B8G8R8A8_SRGB usage=TRANSFER_SRC | TRANSFER_DST | COLOR_ATTACHMENT bits=0x13 supported=TRANSFER_SRC | TRANSFER_DST | SAMPLED | STORAGE | COLOR_ATTACHMENT | INPUT_ATTACHMENT
NSDIAG gbuffer target target_id=1879048212 exists=true recreate=false colors=3 depth=true extent=1280x720
NSDIAG deferred-target label='deferred_lighting' gbuffer_target=1879048212 lit_target=1879048196 lit_initialized_before=false
NSDIAG vkCreateSwapchainKHR format=B8G8R8A8_SRGB usage=TRANSFER_SRC | TRANSFER_DST | COLOR_ATTACHMENT bits=0x13 supported=TRANSFER_SRC | TRANSFER_DST | SAMPLED | STORAGE | COLOR_ATTACHMENT | INPUT_ATTACHMENT
NSDIAG gbuffer target target_id=1879048212 exists=true recreate=false colors=3 depth=true extent=1280x720
NSDIAG deferred-target label='deferred_lighting' gbuffer_target=1879048212 lit_target=1879048196 lit_initialized_before=false
NSDIAG vkCreateSwapchainKHR format=B8G8R8A8_SRGB usage=TRANSFER_SRC | TRANSFER_DST | COLOR_ATTACHMENT bits=0x13 supported=TRANSFER_SRC | TRANSFER_DST | SAMPLED | STORAGE | COLOR_ATTACHMENT | INPUT_ATTACHMENT
NSDIAG gbuffer target target_id=1879048212 exists=true recreate=false colors=3 depth=true extent=1280x720
NSDIAG deferred-target label='deferred_lighting' gbuffer_target=1879048212 lit_target=1879048196 lit_initialized_before=false
NSDIAG vkCreateSwapchainKHR format=B8G8R8A8_SRGB usage=TRANSFER_SRC | TRANSFER_DST | COLOR_ATTACHMENT bits=0x13 supported=TRANSFER_SRC | TRANSFER_DST | SAMPLED | STORAGE | COLOR_ATTACHMENT | INPUT_ATTACHMENT
NSDIAG gbuffer target target_id=1879048212 exists=true recreate=false colors=3 depth=true extent=1280x720
NSDIAG deferred-target label='deferred_lighting' gbuffer_target=1879048212 lit_target=1879048196 lit_initialized_before=false
NSDIAG vkCreateSwapchainKHR format=B8G8R8A8_SRGB usage=TRANSFER_SRC | TRANSFER_DST | COLOR_ATTACHMENT bits=0x13 supported=TRANSFER_SRC | TRANSFER_DST | SAMPLED | STORAGE | COLOR_ATTACHMENT | INPUT_ATTACHMENT
NSDIAG gbuffer target target_id=1879048212 exists=true recreate=false colors=3 depth=true extent=1280x720
NSDIAG deferred-target label='deferred_lighting' gbuffer_target=1879048212 lit_target=1879048196 lit_initialized_before=false
NSDIAG vkCreateSwapchainKHR format=B8G8R8A8_SRGB usage=TRANSFER_SRC | TRANSFER_DST | COLOR_ATTACHMENT bits=0x13 supported=TRANSFER_SRC | TRANSFER_DST | SAMPLED | STORAGE | COLOR_ATTACHMENT | INPUT_ATTACHMENT
NSDIAG gbuffer target target_id=1879048212 exists=true recreate=false colors=3 depth=true extent=1280x720
NSDIAG deferred-target label='deferred_lighting' gbuffer_target=1879048212 lit_target=1879048196 lit_initialized_before=false
NSDIAG vkCreateSwapchainKHR format=B8G8R8A8_SRGB usage=TRANSFER_SRC | TRANSFER_DST | COLOR_ATTACHMENT bits=0x13 supported=TRANSFER_SRC | TRANSFER_DST | SAMPLED | STORAGE | COLOR_ATTACHMENT | INPUT_ATTACHMENT
NSDIAG gbuffer target target_id=1879048212 exists=true recreate=false colors=3 depth=true extent=1280x720
NSDIAG deferred-target label='deferred_lighting' gbuffer_target=1879048212 lit_target=1879048196 lit_initialized_before=false
NSDIAG vkCreateSwapchainKHR format=B8G8R8A8_SRGB usage=TRANSFER_SRC | TRANSFER_DST | COLOR_ATTACHMENT bits=0x13 supported=TRANSFER_SRC | TRANSFER_DST | SAMPLED | STORAGE | COLOR_ATTACHMENT | INPUT_ATTACHMENT
NSDIAG gbuffer target target_id=1879048212 exists=true recreate=false colors=3 depth=true extent=1280x720
NSDIAG deferred-target label='deferred_lighting' gbuffer_target=1879048212 lit_target=1879048196 lit_initialized_before=false
NSDIAG vkCreateSwapchainKHR format=B8G8R8A8_SRGB usage=TRANSFER_SRC | TRANSFER_DST | COLOR_ATTACHMENT bits=0x13 supported=TRANSFER_SRC | TRANSFER_DST | SAMPLED | STORAGE | COLOR_ATTACHMENT | INPUT_ATTACHMENT
NSDIAG gbuffer target target_id=1879048212 exists=true recreate=false colors=3 depth=true extent=1280x720
NSDIAG deferred-target label='deferred_lighting' gbuffer_target=1879048212 lit_target=1879048196 lit_initialized_before=false
NSDIAG vkCreateSwapchainKHR format=B8G8R8A8_SRGB usage=TRANSFER_SRC | TRANSFER_DST | COLOR_ATTACHMENT bits=0x13 supported=TRANSFER_SRC | TRANSFER_DST | SAMPLED | STORAGE | COLOR_ATTACHMENT | INPUT_ATTACHMENT
NSDIAG gbuffer target target_id=1879048212 exists=true recreate=false colors=3 depth=true extent=1280x720
NSDIAG deferred-target label='deferred_lighting' gbuffer_target=1879048212 lit_target=1879048196 lit_initialized_before=false
NSDIAG vkCreateSwapchainKHR format=B8G8R8A8_SRGB usage=TRANSFER_SRC | TRANSFER_DST | COLOR_ATTACHMENT bits=0x13 supported=TRANSFER_SRC | TRANSFER_DST | SAMPLED | STORAGE | COLOR_ATTACHMENT | INPUT_ATTACHMENT
NSDIAG gbuffer target target_id=1879048212 exists=true recreate=false colors=3 depth=true extent=1280x720
NSDIAG deferred-target label='deferred_lighting' gbuffer_target=1879048212 lit_target=1879048196 lit_initialized_before=false
NSDIAG vkCreateSwapchainKHR format=B8G8R8A8_SRGB usage=TRANSFER_SRC | TRANSFER_DST | COLOR_ATTACHMENT bits=0x13 supported=TRANSFER_SRC | TRANSFER_DST | SAMPLED | STORAGE | COLOR_ATTACHMENT | INPUT_ATTACHMENT
NSDIAG gbuffer target target_id=1879048212 exists=true recreate=false colors=3 depth=true extent=1280x720
NSDIAG deferred-target label='deferred_lighting' gbuffer_target=1879048212 lit_target=1879048196 lit_initialized_before=false
NSDIAG vkCreateSwapchainKHR format=B8G8R8A8_SRGB usage=TRANSFER_SRC | TRANSFER_DST | COLOR_ATTACHMENT bits=0x13 supported=TRANSFER_SRC | TRANSFER_DST | SAMPLED | STORAGE | COLOR_ATTACHMENT | INPUT_ATTACHMENT
NSDIAG gbuffer target target_id=1879048212 exists=true recreate=false colors=3 depth=true extent=1280x720
NSDIAG deferred-target label='deferred_lighting' gbuffer_target=1879048212 lit_target=1879048196 lit_initialized_before=false
NSDIAG vkCreateSwapchainKHR format=B8G8R8A8_SRGB usage=TRANSFER_SRC | TRANSFER_DST | COLOR_ATTACHMENT bits=0x13 supported=TRANSFER_SRC | TRANSFER_DST | SAMPLED | STORAGE | COLOR_ATTACHMENT | INPUT_ATTACHMENT
NSDIAG gbuffer target target_id=1879048212 exists=true recreate=false colors=3 depth=true extent=1280x720
NSDIAG deferred-target label='deferred_lighting' gbuffer_target=1879048212 lit_target=1879048196 lit_initialized_before=false
NSDIAG vkCreateSwapchainKHR format=B8G8R8A8_SRGB usage=TRANSFER_SRC | TRANSFER_DST | COLOR_ATTACHMENT bits=0x13 supported=TRANSFER_SRC | TRANSFER_DST | SAMPLED | STORAGE | COLOR_ATTACHMENT | INPUT_ATTACHMENT
[09:18:03.143] [[1;32mINFO [0m] render.shadow_setup.profile: frame=600 total_ms=0.017 directional_plan_ms=0.007 directional_admission_ms=0.009 local_plan_ms=0.001 local_admission_ms=0.000 finalize_ms=0.000 render_directional=true render_local=false local_views=0
NSDIAG gbuffer target target_id=1879048212 exists=true recreate=false colors=3 depth=true extent=1280x720
NSDIAG graph-pass begin frame=600 id=120 label='shadow_cascade_map' kind=ShadowCascadeMap queue=Graphics draws=164
NSDIAG graph-pass end frame=600 id=120 label='shadow_cascade_map' kind=ShadowCascadeMap ok=true
NSDIAG graph-pass begin frame=600 id=560 label='particle_simulation' kind=ParticleSimulation queue=Compute draws=0
NSDIAG graph-pass end frame=600 id=560 label='particle_simulation' kind=ParticleSimulation ok=true
NSDIAG graph-pass begin frame=600 id=300 label='viewport_gbuffer' kind=GBuffer queue=Graphics draws=16
NSDIAG graph-pass end frame=600 id=300 label='viewport_gbuffer' kind=GBuffer ok=true
NSDIAG graph-pass begin frame=600 id=400 label='deferred_lighting' kind=DeferredLighting queue=Graphics draws=0
NSDIAG deferred-target label='deferred_lighting' gbuffer_target=1879048212 lit_target=1879048196 lit_initialized_before=false
NSDIAG graph-pass end frame=600 id=400 label='deferred_lighting' kind=DeferredLighting ok=false
NSDIAG vkCreateSwapchainKHR format=B8G8R8A8_SRGB usage=TRANSFER_SRC | TRANSFER_DST | COLOR_ATTACHMENT bits=0x13 supported=TRANSFER_SRC | TRANSFER_DST | SAMPLED | STORAGE | COLOR_ATTACHMENT | INPUT_ATTACHMENT
[09:18:03.155] [[1;36mDEBUG[0m] game-ready live sky: experimental spatial cloud shadows disabled
[09:18:03.155] [[1;32mINFO [0m] game-ready atmosphere: profile='atmosphere/default_temperate.yatmos@profile' p=999.0hPa T=15.48C Td=8.66C RH=0.638 q=7.01g/kg rho=1.201kg/m3 LCL=853m PW=24.99mm CWP=0.000kg/m2 condensation=0.000 CAPE=0J/kg CIN=353J/kg cloud_top=853m aerosol=0.099 visibility=32708m
[09:18:03.155] [[1;32mINFO [0m] game-ready live sky: frame=600 profile='environment.default' weather='weather.clear.dry_high_pressure' tod=0.486 sun_y=0.965 sun_lux=103459.1 day=1.000 overcast=0.000 target_clouds=0.000 live_clouds=0.015 absorption=0.000 sky_light=0.520 haze=0.062 -> clear_sun=4.556 world_sun=4.556 ambient=0.363 world_ambient=0.363 sun_cloud_raw=0.000 sun_cloud=0.000 optical_depth=0.000 transmittance=1.000 world_shadow=0.000 map=[1.000,1.000,1.000,1.000,1.000] spread=0.000 history=0.000 erosion=[freq:0.0320,strength:0.140,fade:96.0] deck=[base:826,thickness:320,density:0.000,high:0.000/0.000] air=[humidity:0.647,aerosol:0.100,precip:0.000] wind_offset=[576.3794,282.1572] evolution=0.5202 lifecycle=0.6715 gust=1.001
NSDIAG gbuffer target target_id=1879048212 exists=true recreate=false colors=3 depth=true extent=1280x720
NSDIAG deferred-target label='deferred_lighting' gbuffer_target=1879048212 lit_target=1879048196 lit_initialized_before=false
NSDIAG vkCreateSwapchainKHR format=B8G8R8A8_SRGB usage=TRANSFER_SRC | TRANSFER_DST | COLOR_ATTACHMENT bits=0x13 supported=TRANSFER_SRC | TRANSFER_DST | SAMPLED | STORAGE | COLOR_ATTACHMENT | INPUT_ATTACHMENT
NSDIAG gbuffer target target_id=1879048212 exists=true recreate=false colors=3 depth=true extent=1280x720
NSDIAG deferred-target label='deferred_lighting' gbuffer_target=1879048212 lit_target=1879048196 lit_initialized_before=false
NSDIAG vkCreateSwapchainKHR format=B8G8R8A8_SRGB usage=TRANSFER_SRC | TRANSFER_DST | COLOR_ATTACHMENT bits=0x13 supported=TRANSFER_SRC | TRANSFER_DST | SAMPLED | STORAGE | COLOR_ATTACHMENT | INPUT_ATTACHMENT
NSDIAG gbuffer target target_id=1879048212 exists=true recreate=false colors=3 depth=true extent=1280x720
NSDIAG deferred-target label='deferred_lighting' gbuffer_target=1879048212 lit_target=1879048196 lit_initialized_before=false
NSDIAG vkCreateSwapchainKHR format=B8G8R8A8_SRGB usage=TRANSFER_SRC | TRANSFER_DST | COLOR_ATTACHMENT bits=0x13 supported=TRANSFER_SRC | TRANSFER_DST | SAMPLED | STORAGE | COLOR_ATTACHMENT | INPUT_ATTACHMENT
NSDIAG gbuffer target target_id=1879048212 exists=true recreate=false colors=3 depth=true extent=1280x720
NSDIAG deferred-target label='deferred_lighting' gbuffer_target=1879048212 lit_target=1879048196 lit_initialized_before=false
NSDIAG vkCreateSwapchainKHR format=B8G8R8A8_SRGB usage=TRANSFER_SRC | TRANSFER_DST | COLOR_ATTACHMENT bits=0x13 supported=TRANSFER_SRC | TRANSFER_DST | SAMPLED | STORAGE | COLOR_ATTACHMENT | INPUT_ATTACHMENT
NSDIAG gbuffer target target_id=1879048212 exists=true recreate=false colors=3 depth=true extent=1280x720
NSDIAG deferred-target label='deferred_lighting' gbuffer_target=1879048212 lit_target=1879048196 lit_initialized_before=false
NSDIAG vkCreateSwapchainKHR format=B8G8R8A8_SRGB usage=TRANSFER_SRC | TRANSFER_DST | COLOR_ATTACHMENT bits=0x13 supported=TRANSFER_SRC | TRANSFER_DST | SAMPLED | STORAGE | COLOR_ATTACHMENT | INPUT_ATTACHMENT
NSDIAG gbuffer target target_id=1879048212 exists=true recreate=false colors=3 depth=true extent=1280x720
NSDIAG deferred-target label='deferred_lighting' gbuffer_target=1879048212 lit_target=1879048196 lit_initialized_before=false
NSDIAG vkCreateSwapchainKHR format=B8G8R8A8_SRGB usage=TRANSFER_SRC | TRANSFER_DST | COLOR_ATTACHMENT bits=0x13 supported=TRANSFER_SRC | TRANSFER_DST | SAMPLED | STORAGE | COLOR_ATTACHMENT | INPUT_ATTACHMENT
NSDIAG gbuffer target target_id=1879048212 exists=true recreate=false colors=3 depth=true extent=1280x720
NSDIAG deferred-target label='deferred_lighting' gbuffer_target=1879048212 lit_target=1879048196 lit_initialized_before=false
NSDIAG vkCreateSwapchainKHR format=B8G8R8A8_SRGB usage=TRANSFER_SRC | TRANSFER_DST | COLOR_ATTACHMENT bits=0x13 supported=TRANSFER_SRC | TRANSFER_DST | SAMPLED | STORAGE | COLOR_ATTACHMENT | INPUT_ATTACHMENT
NSDIAG gbuffer target target_id=1879048212 exists=true recreate=false colors=3 depth=true extent=1280x720
NSDIAG deferred-target label='deferred_lighting' gbuffer_target=1879048212 lit_target=1879048196 lit_initialized_before=false
NSDIAG vkCreateSwapchainKHR format=B8G8R8A8_SRGB usage=TRANSFER_SRC | TRANSFER_DST | COLOR_ATTACHMENT bits=0x13 supported=TRANSFER_SRC | TRANSFER_DST | SAMPLED | STORAGE | COLOR_ATTACHMENT | INPUT_ATTACHMENT
NSDIAG gbuffer target target_id=1879048212 exists=true recreate=false colors=3 depth=true extent=1280x720
NSDIAG deferred-target label='deferred_lighting' gbuffer_target=1879048212 lit_target=1879048196 lit_initialized_before=false
NSDIAG vkCreateSwapchainKHR format=B8G8R8A8_SRGB usage=TRANSFER_SRC | TRANSFER_DST | COLOR_ATTACHMENT bits=0x13 supported=TRANSFER_SRC | TRANSFER_DST | SAMPLED | STORAGE | COLOR_ATTACHMENT | INPUT_ATTACHMENT
NSDIAG gbuffer target target_id=1879048212 exists=true recreate=false colors=3 depth=true extent=1280x720
NSDIAG deferred-target label='deferred_lighting' gbuffer_target=1879048212 lit_target=1879048196 lit_initialized_before=false
NSDIAG vkCreateSwapchainKHR format=B8G8R8A8_SRGB usage=TRANSFER_SRC | TRANSFER_DST | COLOR_ATTACHMENT bits=0x13 supported=TRANSFER_SRC | TRANSFER_DST | SAMPLED | STORAGE | COLOR_ATTACHMENT | INPUT_ATTACHMENT
NSDIAG gbuffer target target_id=1879048212 exists=true recreate=false colors=3 depth=true extent=1280x720
NSDIAG deferred-target label='deferred_lighting' gbuffer_target=1879048212 lit_target=1879048196 lit_initialized_before=false
NSDIAG vkCreateSwapchainKHR format=B8G8R8A8_SRGB usage=TRANSFER_SRC | TRANSFER_DST | COLOR_ATTACHMENT bits=0x13 supported=TRANSFER_SRC | TRANSFER_DST | SAMPLED | STORAGE | COLOR_ATTACHMENT | INPUT_ATTACHMENT
NSDIAG gbuffer target target_id=1879048212 exists=true recreate=false colors=3 depth=true extent=1280x720
NSDIAG deferred-target label='deferred_lighting' gbuffer_target=1879048212 lit_target=1879048196 lit_initialized_before=false
NSDIAG vkCreateSwapchainKHR format=B8G8R8A8_SRGB usage=TRANSFER_SRC | TRANSFER_DST | COLOR_ATTACHMENT bits=0x13 supported=TRANSFER_SRC | TRANSFER_DST | SAMPLED | STORAGE | COLOR_ATTACHMENT | INPUT_ATTACHMENT
NSDIAG gbuffer target target_id=1879048212 exists=true recreate=false colors=3 depth=true extent=1280x720
NSDIAG deferred-target label='deferred_lighting' gbuffer_target=1879048212 lit_target=1879048196 lit_initialized_before=false
NSDIAG vkCreateSwapchainKHR format=B8G8R8A8_SRGB usage=TRANSFER_SRC | TRANSFER_DST | COLOR_ATTACHMENT bits=0x13 supported=TRANSFER_SRC | TRANSFER_DST | SAMPLED | STORAGE | COLOR_ATTACHMENT | INPUT_ATTACHMENT
NSDIAG gbuffer target target_id=1879048212 exists=true recreate=false colors=3 depth=true extent=1280x720
NSDIAG deferred-target label='deferred_lighting' gbuffer_target=1879048212 lit_target=1879048196 lit_initialized_before=false
NSDIAG vkCreateSwapchainKHR format=B8G8R8A8_SRGB usage=TRANSFER_SRC | TRANSFER_DST | COLOR_ATTACHMENT bits=0x13 supported=TRANSFER_SRC | TRANSFER_DST | SAMPLED | STORAGE | COLOR_ATTACHMENT | INPUT_ATTACHMENT
NSDIAG gbuffer target target_id=1879048212 exists=true recreate=false colors=3 depth=true extent=1280x720
NSDIAG deferred-target label='deferred_lighting' gbuffer_target=1879048212 lit_target=1879048196 lit_initialized_before=false
NSDIAG vkCreateSwapchainKHR format=B8G8R8A8_SRGB usage=TRANSFER_SRC | TRANSFER_DST | COLOR_ATTACHMENT bits=0x13 supported=TRANSFER_SRC | TRANSFER_DST | SAMPLED | STORAGE | COLOR_ATTACHMENT | INPUT_ATTACHMENT
NSDIAG gbuffer target target_id=1879048212 exists=true recreate=false colors=3 depth=true extent=1280x720
NSDIAG deferred-target label='deferred_lighting' gbuffer_target=1879048212 lit_target=1879048196 lit_initialized_before=false
NSDIAG vkCreateSwapchainKHR format=B8G8R8A8_SRGB usage=TRANSFER_SRC | TRANSFER_DST | COLOR_ATTACHMENT bits=0x13 supported=TRANSFER_SRC | TRANSFER_DST | SAMPLED | STORAGE | COLOR_ATTACHMENT | INPUT_ATTACHMENT
NSDIAG gbuffer target target_id=1879048212 exists=true recreate=false colors=3 depth=true extent=1280x720
NSDIAG deferred-target label='deferred_lighting' gbuffer_target=1879048212 lit_target=1879048196 lit_initialized_before=false
NSDIAG vkCreateSwapchainKHR format=B8G8R8A8_SRGB usage=TRANSFER_SRC | TRANSFER_DST | COLOR_ATTACHMENT bits=0x13 supported=TRANSFER_SRC | TRANSFER_DST | SAMPLED | STORAGE | COLOR_ATTACHMENT | INPUT_ATTACHMENT
NSDIAG gbuffer target target_id=1879048212 exists=true recreate=false colors=3 depth=true extent=1280x720
NSDIAG deferred-target label='deferred_lighting' gbuffer_target=1879048212 lit_target=1879048196 lit_initialized_before=false
NSDIAG vkCreateSwapchainKHR format=B8G8R8A8_SRGB usage=TRANSFER_SRC | TRANSFER_DST | COLOR_ATTACHMENT bits=0x13 supported=TRANSFER_SRC | TRANSFER_DST | SAMPLED | STORAGE | COLOR_ATTACHMENT | INPUT_ATTACHMENT
NSDIAG gbuffer target target_id=1879048212 exists=true recreate=false colors=3 depth=true extent=1280x720
NSDIAG deferred-target label='deferred_lighting' gbuffer_target=1879048212 lit_target=1879048196 lit_initialized_before=false
NSDIAG vkCreateSwapchainKHR format=B8G8R8A8_SRGB usage=TRANSFER_SRC | TRANSFER_DST | COLOR_ATTACHMENT bits=0x13 supported=TRANSFER_SRC | TRANSFER_DST | SAMPLED | STORAGE | COLOR_ATTACHMENT | INPUT_ATTACHMENT
NSDIAG gbuffer target target_id=1879048212 exists=true recreate=false colors=3 depth=true extent=1280x720
NSDIAG deferred-target label='deferred_lighting' gbuffer_target=1879048212 lit_target=1879048196 lit_initialized_before=false
NSDIAG vkCreateSwapchainKHR format=B8G8R8A8_SRGB usage=TRANSFER_SRC | TRANSFER_DST | COLOR_ATTACHMENT bits=0x13 supported=TRANSFER_SRC | TRANSFER_DST | SAMPLED | STORAGE | COLOR_ATTACHMENT | INPUT_ATTACHMENT
NSDIAG gbuffer target target_id=1879048212 exists=true recreate=false colors=3 depth=true extent=1280x720
NSDIAG deferred-target label='deferred_lighting' gbuffer_target=1879048212 lit_target=1879048196 lit_initialized_before=false
NSDIAG vkCreateSwapchainKHR format=B8G8R8A8_SRGB usage=TRANSFER_SRC | TRANSFER_DST | COLOR_ATTACHMENT bits=0x13 supported=TRANSFER_SRC | TRANSFER_DST | SAMPLED | STORAGE | COLOR_ATTACHMENT | INPUT_ATTACHMENT
NSDIAG gbuffer target target_id=1879048212 exists=true recreate=false colors=3 depth=true extent=1280x720
NSDIAG deferred-target label='deferred_lighting' gbuffer_target=1879048212 lit_target=1879048196 lit_initialized_before=false
NSDIAG vkCreateSwapchainKHR format=B8G8R8A8_SRGB usage=TRANSFER_SRC | TRANSFER_DST | COLOR_ATTACHMENT bits=0x13 supported=TRANSFER_SRC | TRANSFER_DST | SAMPLED | STORAGE | COLOR_ATTACHMENT | INPUT_ATTACHMENT
NSDIAG gbuffer target target_id=1879048212 exists=true recreate=false colors=3 depth=true extent=1280x720
NSDIAG deferred-target label='deferred_lighting' gbuffer_target=1879048212 lit_target=1879048196 lit_initialized_before=false
NSDIAG vkCreateSwapchainKHR format=B8G8R8A8_SRGB usage=TRANSFER_SRC | TRANSFER_DST | COLOR_ATTACHMENT bits=0x13 supported=TRANSFER_SRC | TRANSFER_DST | SAMPLED | STORAGE | COLOR_ATTACHMENT | INPUT_ATTACHMENT
NSDIAG gbuffer target target_id=1879048212 exists=true recreate=false colors=3 depth=true extent=1280x720
NSDIAG deferred-target label='deferred_lighting' gbuffer_target=1879048212 lit_target=1879048196 lit_initialized_before=false
NSDIAG vkCreateSwapchainKHR format=B8G8R8A8_SRGB usage=TRANSFER_SRC | TRANSFER_DST | COLOR_ATTACHMENT bits=0x13 supported=TRANSFER_SRC | TRANSFER_DST | SAMPLED | STORAGE | COLOR_ATTACHMENT | INPUT_ATTACHMENT
NSDIAG gbuffer target target_id=1879048212 exists=true recreate=false colors=3 depth=true extent=1280x720
NSDIAG deferred-target label='deferred_lighting' gbuffer_target=1879048212 lit_target=1879048196 lit_initialized_before=false
NSDIAG vkCreateSwapchainKHR format=B8G8R8A8_SRGB usage=TRANSFER_SRC | TRANSFER_DST | COLOR_ATTACHMENT bits=0x13 supported=TRANSFER_SRC | TRANSFER_DST | SAMPLED | STORAGE | COLOR_ATTACHMENT | INPUT_ATTACHMENT
NSDIAG gbuffer target target_id=1879048212 exists=true recreate=false colors=3 depth=true extent=1280x720
NSDIAG deferred-target label='deferred_lighting' gbuffer_target=1879048212 lit_target=1879048196 lit_initialized_before=false
NSDIAG vkCreateSwapchainKHR format=B8G8R8A8_SRGB usage=TRANSFER_SRC | TRANSFER_DST | COLOR_ATTACHMENT bits=0x13 supported=TRANSFER_SRC | TRANSFER_DST | SAMPLED | STORAGE | COLOR_ATTACHMENT | INPUT_ATTACHMENT
NSDIAG gbuffer target target_id=1879048212 exists=true recreate=false colors=3 depth=true extent=1280x720
NSDIAG deferred-target label='deferred_lighting' gbuffer_target=1879048212 lit_target=1879048196 lit_initialized_before=false
NSDIAG vkCreateSwapchainKHR format=B8G8R8A8_SRGB usage=TRANSFER_SRC | TRANSFER_DST | COLOR_ATTACHMENT bits=0x13 supported=TRANSFER_SRC | TRANSFER_DST | SAMPLED | STORAGE | COLOR_ATTACHMENT | INPUT_ATTACHMENT
NSDIAG gbuffer target target_id=1879048212 exists=true recreate=false colors=3 depth=true extent=1280x720
NSDIAG deferred-target label='deferred_lighting' gbuffer_target=1879048212 lit_target=1879048196 lit_initialized_before=false
NSDIAG vkCreateSwapchainKHR format=B8G8R8A8_SRGB usage=TRANSFER_SRC | TRANSFER_DST | COLOR_ATTACHMENT bits=0x13 supported=TRANSFER_SRC | TRANSFER_DST | SAMPLED | STORAGE | COLOR_ATTACHMENT | INPUT_ATTACHMENT
NSDIAG gbuffer target target_id=1879048212 exists=true recreate=false colors=3 depth=true extent=1280x720
NSDIAG deferred-target label='deferred_lighting' gbuffer_target=1879048212 lit_target=1879048196 lit_initialized_before=false
NSDIAG vkCreateSwapchainKHR format=B8G8R8A8_SRGB usage=TRANSFER_SRC | TRANSFER_DST | COLOR_ATTACHMENT bits=0x13 supported=TRANSFER_SRC | TRANSFER_DST | SAMPLED | STORAGE | COLOR_ATTACHMENT | INPUT_ATTACHMENT
NSDIAG gbuffer target target_id=1879048212 exists=true recreate=false colors=3 depth=true extent=1280x720
NSDIAG graph-pass begin frame=630 id=120 label='shadow_cascade_map' kind=ShadowCascadeMap queue=Graphics draws=164
NSDIAG graph-pass end frame=630 id=120 label='shadow_cascade_map' kind=ShadowCascadeMap ok=true
NSDIAG graph-pass begin frame=630 id=560 label='particle_simulation' kind=ParticleSimulation queue=Compute draws=0
NSDIAG graph-pass end frame=630 id=560 label='particle_simulation' kind=ParticleSimulation ok=true
NSDIAG graph-pass begin frame=630 id=300 label='viewport_gbuffer' kind=GBuffer queue=Graphics draws=16
NSDIAG graph-pass end frame=630 id=300 label='viewport_gbuffer' kind=GBuffer ok=true
NSDIAG graph-pass begin frame=630 id=400 label='deferred_lighting' kind=DeferredLighting queue=Graphics draws=0
NSDIAG deferred-target label='deferred_lighting' gbuffer_target=1879048212 lit_target=1879048196 lit_initialized_before=false
NSDIAG graph-pass end frame=630 id=400 label='deferred_lighting' kind=DeferredLighting ok=false
NSDIAG vkCreateSwapchainKHR format=B8G8R8A8_SRGB usage=TRANSFER_SRC | TRANSFER_DST | COLOR_ATTACHMENT bits=0x13 supported=TRANSFER_SRC | TRANSFER_DST | SAMPLED | STORAGE | COLOR_ATTACHMENT | INPUT_ATTACHMENT
NSDIAG gbuffer target target_id=1879048212 exists=true recreate=false colors=3 depth=true extent=1280x720
NSDIAG deferred-target label='deferred_lighting' gbuffer_target=1879048212 lit_target=1879048196 lit_initialized_before=false
NSDIAG vkCreateSwapchainKHR format=B8G8R8A8_SRGB usage=TRANSFER_SRC | TRANSFER_DST | COLOR_ATTACHMENT bits=0x13 supported=TRANSFER_SRC | TRANSFER_DST | SAMPLED | STORAGE | COLOR_ATTACHMENT | INPUT_ATTACHMENT
NSDIAG gbuffer target target_id=1879048212 exists=true recreate=false colors=3 depth=true extent=1280x720
NSDIAG deferred-target label='deferred_lighting' gbuffer_target=1879048212 lit_target=1879048196 lit_initialized_before=false
NSDIAG vkCreateSwapchainKHR format=B8G8R8A8_SRGB usage=TRANSFER_SRC | TRANSFER_DST | COLOR_ATTACHMENT bits=0x13 supported=TRANSFER_SRC | TRANSFER_DST | SAMPLED | STORAGE | COLOR_ATTACHMENT | INPUT_ATTACHMENT
NSDIAG gbuffer target target_id=1879048212 exists=true recreate=false colors=3 depth=true extent=1280x720
NSDIAG deferred-target label='deferred_lighting' gbuffer_target=1879048212 lit_target=1879048196 lit_initialized_before=false
NSDIAG vkCreateSwapchainKHR format=B8G8R8A8_SRGB usage=TRANSFER_SRC | TRANSFER_DST | COLOR_ATTACHMENT bits=0x13 supported=TRANSFER_SRC | TRANSFER_DST | SAMPLED | STORAGE | COLOR_ATTACHMENT | INPUT_ATTACHMENT
NSDIAG gbuffer target target_id=1879048212 exists=true recreate=false colors=3 depth=true extent=1280x720
NSDIAG deferred-target label='deferred_lighting' gbuffer_target=1879048212 lit_target=1879048196 lit_initialized_before=false
NSDIAG vkCreateSwapchainKHR format=B8G8R8A8_SRGB usage=TRANSFER_SRC | TRANSFER_DST | COLOR_ATTACHMENT bits=0x13 supported=TRANSFER_SRC | TRANSFER_DST | SAMPLED | STORAGE | COLOR_ATTACHMENT | INPUT_ATTACHMENT
NSDIAG gbuffer target target_id=1879048212 exists=true recreate=false colors=3 depth=true extent=1280x720
NSDIAG deferred-target label='deferred_lighting' gbuffer_target=1879048212 lit_target=1879048196 lit_initialized_before=false
NSDIAG vkCreateSwapchainKHR format=B8G8R8A8_SRGB usage=TRANSFER_SRC | TRANSFER_DST | COLOR_ATTACHMENT bits=0x13 supported=TRANSFER_SRC | TRANSFER_DST | SAMPLED | STORAGE | COLOR_ATTACHMENT | INPUT_ATTACHMENT
NSDIAG gbuffer target target_id=1879048212 exists=true recreate=false colors=3 depth=true extent=1280x720
NSDIAG deferred-target label='deferred_lighting' gbuffer_target=1879048212 lit_target=1879048196 lit_initialized_before=false
NSDIAG vkCreateSwapchainKHR format=B8G8R8A8_SRGB usage=TRANSFER_SRC | TRANSFER_DST | COLOR_ATTACHMENT bits=0x13 supported=TRANSFER_SRC | TRANSFER_DST | SAMPLED | STORAGE | COLOR_ATTACHMENT | INPUT_ATTACHMENT
NSDIAG gbuffer target target_id=1879048212 exists=true recreate=false colors=3 depth=true extent=1280x720
NSDIAG deferred-target label='deferred_lighting' gbuffer_target=1879048212 lit_target=1879048196 lit_initialized_before=false
NSDIAG vkCreateSwapchainKHR format=B8G8R8A8_SRGB usage=TRANSFER_SRC | TRANSFER_DST | COLOR_ATTACHMENT bits=0x13 supported=TRANSFER_SRC | TRANSFER_DST | SAMPLED | STORAGE | COLOR_ATTACHMENT | INPUT_ATTACHMENT
NSDIAG gbuffer target target_id=1879048212 exists=true recreate=false colors=3 depth=true extent=1280x720
NSDIAG deferred-target label='deferred_lighting' gbuffer_target=1879048212 lit_target=1879048196 lit_initialized_before=false
NSDIAG vkCreateSwapchainKHR format=B8G8R8A8_SRGB usage=TRANSFER_SRC | TRANSFER_DST | COLOR_ATTACHMENT bits=0x13 supported=TRANSFER_SRC | TRANSFER_DST | SAMPLED | STORAGE | COLOR_ATTACHMENT | INPUT_ATTACHMENT
NSDIAG gbuffer target target_id=1879048212 exists=true recreate=false colors=3 depth=true extent=1280x720
NSDIAG deferred-target label='deferred_lighting' gbuffer_target=1879048212 lit_target=1879048196 lit_initialized_before=false
NSDIAG vkCreateSwapchainKHR format=B8G8R8A8_SRGB usage=TRANSFER_SRC | TRANSFER_DST | COLOR_ATTACHMENT bits=0x13 supported=TRANSFER_SRC | TRANSFER_DST | SAMPLED | STORAGE | COLOR_ATTACHMENT | INPUT_ATTACHMENT
NSDIAG gbuffer target target_id=1879048212 exists=true recreate=false colors=3 depth=true extent=1280x720
NSDIAG deferred-target label='deferred_lighting' gbuffer_target=1879048212 lit_target=1879048196 lit_initialized_before=false
NSDIAG vkCreateSwapchainKHR format=B8G8R8A8_SRGB usage=TRANSFER_SRC | TRANSFER_DST | COLOR_ATTACHMENT bits=0x13 supported=TRANSFER_SRC | TRANSFER_DST | SAMPLED | STORAGE | COLOR_ATTACHMENT | INPUT_ATTACHMENT
NSDIAG gbuffer target target_id=1879048212 exists=true recreate=false colors=3 depth=true extent=1280x720
NSDIAG deferred-target label='deferred_lighting' gbuffer_target=1879048212 lit_target=1879048196 lit_initialized_before=false
NSDIAG vkCreateSwapchainKHR format=B8G8R8A8_SRGB usage=TRANSFER_SRC | TRANSFER_DST | COLOR_ATTACHMENT bits=0x13 supported=TRANSFER_SRC | TRANSFER_DST | SAMPLED | STORAGE | COLOR_ATTACHMENT | INPUT_ATTACHMENT
NSDIAG gbuffer target target_id=1879048212 exists=true recreate=false colors=3 depth=true extent=1280x720
NSDIAG deferred-target label='deferred_lighting' gbuffer_target=1879048212 lit_target=1879048196 lit_initialized_before=false
NSDIAG vkCreateSwapchainKHR format=B8G8R8A8_SRGB usage=TRANSFER_SRC | TRANSFER_DST | COLOR_ATTACHMENT bits=0x13 supported=TRANSFER_SRC | TRANSFER_DST | SAMPLED | STORAGE | COLOR_ATTACHMENT | INPUT_ATTACHMENT
NSDIAG gbuffer target target_id=1879048212 exists=true recreate=false colors=3 depth=true extent=1280x720
NSDIAG deferred-target label='deferred_lighting' gbuffer_target=1879048212 lit_target=1879048196 lit_initialized_before=false
NSDIAG vkCreateSwapchainKHR format=B8G8R8A8_SRGB usage=TRANSFER_SRC | TRANSFER_DST | COLOR_ATTACHMENT bits=0x13 supported=TRANSFER_SRC | TRANSFER_DST | SAMPLED | STORAGE | COLOR_ATTACHMENT | INPUT_ATTACHMENT
NSDIAG gbuffer target target_id=1879048212 exists=true recreate=false colors=3 depth=true extent=1280x720
NSDIAG deferred-target label='deferred_lighting' gbuffer_target=1879048212 lit_target=1879048196 lit_initialized_before=false
NSDIAG vkCreateSwapchainKHR format=B8G8R8A8_SRGB usage=TRANSFER_SRC | TRANSFER_DST | COLOR_ATTACHMENT bits=0x13 supported=TRANSFER_SRC | TRANSFER_DST | SAMPLED | STORAGE | COLOR_ATTACHMENT | INPUT_ATTACHMENT
NSDIAG gbuffer target target_id=1879048212 exists=true recreate=false colors=3 depth=true extent=1280x720
NSDIAG deferred-target label='deferred_lighting' gbuffer_target=1879048212 lit_target=1879048196 lit_initialized_before=false
NSDIAG vkCreateSwapchainKHR format=B8G8R8A8_SRGB usage=TRANSFER_SRC | TRANSFER_DST | COLOR_ATTACHMENT bits=0x13 supported=TRANSFER_SRC | TRANSFER_DST | SAMPLED | STORAGE | COLOR_ATTACHMENT | INPUT_ATTACHMENT
NSDIAG gbuffer target target_id=1879048212 exists=true recreate=false colors=3 depth=true extent=1280x720
NSDIAG deferred-target label='deferred_lighting' gbuffer_target=1879048212 lit_target=1879048196 lit_initialized_before=false
NSDIAG vkCreateSwapchainKHR format=B8G8R8A8_SRGB usage=TRANSFER_SRC | TRANSFER_DST | COLOR_ATTACHMENT bits=0x13 supported=TRANSFER_SRC | TRANSFER_DST | SAMPLED | STORAGE | COLOR_ATTACHMENT | INPUT_ATTACHMENT
NSDIAG gbuffer target target_id=1879048212 exists=true recreate=false colors=3 depth=true extent=1280x720
NSDIAG deferred-target label='deferred_lighting' gbuffer_target=1879048212 lit_target=1879048196 lit_initialized_before=false
NSDIAG vkCreateSwapchainKHR format=B8G8R8A8_SRGB usage=TRANSFER_SRC | TRANSFER_DST | COLOR_ATTACHMENT bits=0x13 supported=TRANSFER_SRC | TRANSFER_DST | SAMPLED | STORAGE | COLOR_ATTACHMENT | INPUT_ATTACHMENT
NSDIAG gbuffer target target_id=1879048212 exists=true recreate=false colors=3 depth=true extent=1280x720
NSDIAG deferred-target label='deferred_lighting' gbuffer_target=1879048212 lit_target=1879048196 lit_initialized_before=false
NSDIAG vkCreateSwapchainKHR format=B8G8R8A8_SRGB usage=TRANSFER_SRC | TRANSFER_DST | COLOR_ATTACHMENT bits=0x13 supported=TRANSFER_SRC | TRANSFER_DST | SAMPLED | STORAGE | COLOR_ATTACHMENT | INPUT_ATTACHMENT
NSDIAG gbuffer target target_id=1879048212 exists=true recreate=false colors=3 depth=true extent=1280x720
NSDIAG deferred-target label='deferred_lighting' gbuffer_target=1879048212 lit_target=1879048196 lit_initialized_before=false
NSDIAG vkCreateSwapchainKHR format=B8G8R8A8_SRGB usage=TRANSFER_SRC | TRANSFER_DST | COLOR_ATTACHMENT bits=0x13 supported=TRANSFER_SRC | TRANSFER_DST | SAMPLED | STORAGE | COLOR_ATTACHMENT | INPUT_ATTACHMENT
NSDIAG gbuffer target target_id=1879048212 exists=true recreate=false colors=3 depth=true extent=1280x720
NSDIAG deferred-target label='deferred_lighting' gbuffer_target=1879048212 lit_target=1879048196 lit_initialized_before=false
NSDIAG vkCreateSwapchainKHR format=B8G8R8A8_SRGB usage=TRANSFER_SRC | TRANSFER_DST | COLOR_ATTACHMENT bits=0x13 supported=TRANSFER_SRC | TRANSFER_DST | SAMPLED | STORAGE | COLOR_ATTACHMENT | INPUT_ATTACHMENT
NSDIAG gbuffer target target_id=1879048212 exists=true recreate=false colors=3 depth=true extent=1280x720
NSDIAG deferred-target label='deferred_lighting' gbuffer_target=1879048212 lit_target=1879048196 lit_initialized_before=false
NSDIAG vkCreateSwapchainKHR format=B8G8R8A8_SRGB usage=TRANSFER_SRC | TRANSFER_DST | COLOR_ATTACHMENT bits=0x13 supported=TRANSFER_SRC | TRANSFER_DST | SAMPLED | STORAGE | COLOR_ATTACHMENT | INPUT_ATTACHMENT
NSDIAG gbuffer target target_id=1879048212 exists=true recreate=false colors=3 depth=true extent=1280x720
NSDIAG deferred-target label='deferred_lighting' gbuffer_target=1879048212 lit_target=1879048196 lit_initialized_before=false
NSDIAG vkCreateSwapchainKHR format=B8G8R8A8_SRGB usage=TRANSFER_SRC | TRANSFER_DST | COLOR_ATTACHMENT bits=0x13 supported=TRANSFER_SRC | TRANSFER_DST | SAMPLED | STORAGE | COLOR_ATTACHMENT | INPUT_ATTACHMENT
NSDIAG gbuffer target target_id=1879048212 exists=true recreate=false colors=3 depth=true extent=1280x720
NSDIAG deferred-target label='deferred_lighting' gbuffer_target=1879048212 lit_target=1879048196 lit_initialized_before=false
NSDIAG vkCreateSwapchainKHR format=B8G8R8A8_SRGB usage=TRANSFER_SRC | TRANSFER_DST | COLOR_ATTACHMENT bits=0x13 supported=TRANSFER_SRC | TRANSFER_DST | SAMPLED | STORAGE | COLOR_ATTACHMENT | INPUT_ATTACHMENT
NSDIAG gbuffer target target_id=1879048212 exists=true recreate=false colors=3 depth=true extent=1280x720
NSDIAG deferred-target label='deferred_lighting' gbuffer_target=1879048212 lit_target=1879048196 lit_initialized_before=false
NSDIAG vkCreateSwapchainKHR format=B8G8R8A8_SRGB usage=TRANSFER_SRC | TRANSFER_DST | COLOR_ATTACHMENT bits=0x13 supported=TRANSFER_SRC | TRANSFER_DST | SAMPLED | STORAGE | COLOR_ATTACHMENT | INPUT_ATTACHMENT
NSDIAG gbuffer target target_id=1879048212 exists=true recreate=false colors=3 depth=true extent=1280x720
NSDIAG deferred-target label='deferred_lighting' gbuffer_target=1879048212 lit_target=1879048196 lit_initialized_before=false
NSDIAG vkCreateSwapchainKHR format=B8G8R8A8_SRGB usage=TRANSFER_SRC | TRANSFER_DST | COLOR_ATTACHMENT bits=0x13 supported=TRANSFER_SRC | TRANSFER_DST | SAMPLED | STORAGE | COLOR_ATTACHMENT | INPUT_ATTACHMENT
NSDIAG gbuffer target target_id=1879048212 exists=true recreate=false colors=3 depth=true extent=1280x720
NSDIAG deferred-target label='deferred_lighting' gbuffer_target=1879048212 lit_target=1879048196 lit_initialized_before=false
NSDIAG vkCreateSwapchainKHR format=B8G8R8A8_SRGB usage=TRANSFER_SRC | TRANSFER_DST | COLOR_ATTACHMENT bits=0x13 supported=TRANSFER_SRC | TRANSFER_DST | SAMPLED | STORAGE | COLOR_ATTACHMENT | INPUT_ATTACHMENT
NSDIAG gbuffer target target_id=1879048212 exists=true recreate=false colors=3 depth=true extent=1280x720
NSDIAG deferred-target label='deferred_lighting' gbuffer_target=1879048212 lit_target=1879048196 lit_initialized_before=false
NSDIAG vkCreateSwapchainKHR format=B8G8R8A8_SRGB usage=TRANSFER_SRC | TRANSFER_DST | COLOR_ATTACHMENT bits=0x13 supported=TRANSFER_SRC | TRANSFER_DST | SAMPLED | STORAGE | COLOR_ATTACHMENT | INPUT_ATTACHMENT
NSDIAG gbuffer target target_id=1879048212 exists=true recreate=false colors=3 depth=true extent=1280x720
NSDIAG deferred-target label='deferred_lighting' gbuffer_target=1879048212 lit_target=1879048196 lit_initialized_before=false
NSDIAG vkCreateSwapchainKHR format=B8G8R8A8_SRGB usage=TRANSFER_SRC | TRANSFER_DST | COLOR_ATTACHMENT bits=0x13 supported=TRANSFER_SRC | TRANSFER_DST | SAMPLED | STORAGE | COLOR_ATTACHMENT | INPUT_ATTACHMENT
NSDIAG gbuffer target target_id=1879048212 exists=true recreate=false colors=3 depth=true extent=1280x720
NSDIAG deferred-target label='deferred_lighting' gbuffer_target=1879048212 lit_target=1879048196 lit_initialized_before=false
NSDIAG vkCreateSwapchainKHR format=B8G8R8A8_SRGB usage=TRANSFER_SRC | TRANSFER_DST | COLOR_ATTACHMENT bits=0x13 supported=TRANSFER_SRC | TRANSFER_DST | SAMPLED | STORAGE | COLOR_ATTACHMENT | INPUT_ATTACHMENT
NSDIAG gbuffer target target_id=1879048212 exists=true recreate=false colors=3 depth=true extent=1280x720
NSDIAG graph-pass begin frame=660 id=120 label='shadow_cascade_map' kind=ShadowCascadeMap queue=Graphics draws=164
NSDIAG graph-pass end frame=660 id=120 label='shadow_cascade_map' kind=ShadowCascadeMap ok=true
NSDIAG graph-pass begin frame=660 id=560 label='particle_simulation' kind=ParticleSimulation queue=Compute draws=0
NSDIAG graph-pass end frame=660 id=560 label='particle_simulation' kind=ParticleSimulation ok=true
NSDIAG graph-pass begin frame=660 id=300 label='viewport_gbuffer' kind=GBuffer queue=Graphics draws=16
NSDIAG graph-pass end frame=660 id=300 label='viewport_gbuffer' kind=GBuffer ok=true
NSDIAG graph-pass begin frame=660 id=400 label='deferred_lighting' kind=DeferredLighting queue=Graphics draws=0
NSDIAG deferred-target label='deferred_lighting' gbuffer_target=1879048212 lit_target=1879048196 lit_initialized_before=false
NSDIAG graph-pass end frame=660 id=400 label='deferred_lighting' kind=DeferredLighting ok=false
NSDIAG vkCreateSwapchainKHR format=B8G8R8A8_SRGB usage=TRANSFER_SRC | TRANSFER_DST | COLOR_ATTACHMENT bits=0x13 supported=TRANSFER_SRC | TRANSFER_DST | SAMPLED | STORAGE | COLOR_ATTACHMENT | INPUT_ATTACHMENT
NSDIAG gbuffer target target_id=1879048212 exists=true recreate=false colors=3 depth=true extent=1280x720
NSDIAG deferred-target label='deferred_lighting' gbuffer_target=1879048212 lit_target=1879048196 lit_initialized_before=false
NSDIAG vkCreateSwapchainKHR format=B8G8R8A8_SRGB usage=TRANSFER_SRC | TRANSFER_DST | COLOR_ATTACHMENT bits=0x13 supported=TRANSFER_SRC | TRANSFER_DST | SAMPLED | STORAGE | COLOR_ATTACHMENT | INPUT_ATTACHMENT
NSDIAG gbuffer target target_id=1879048212 exists=true recreate=false colors=3 depth=true extent=1280x720
NSDIAG deferred-target label='deferred_lighting' gbuffer_target=1879048212 lit_target=1879048196 lit_initialized_before=false
NSDIAG vkCreateSwapchainKHR format=B8G8R8A8_SRGB usage=TRANSFER_SRC | TRANSFER_DST | COLOR_ATTACHMENT bits=0x13 supported=TRANSFER_SRC | TRANSFER_DST | SAMPLED | STORAGE | COLOR_ATTACHMENT | INPUT_ATTACHMENT
NSDIAG gbuffer target target_id=1879048212 exists=true recreate=false colors=3 depth=true extent=1280x720
NSDIAG deferred-target label='deferred_lighting' gbuffer_target=1879048212 lit_target=1879048196 lit_initialized_before=false
NSDIAG vkCreateSwapchainKHR format=B8G8R8A8_SRGB usage=TRANSFER_SRC | TRANSFER_DST | COLOR_ATTACHMENT bits=0x13 supported=TRANSFER_SRC | TRANSFER_DST | SAMPLED | STORAGE | COLOR_ATTACHMENT | INPUT_ATTACHMENT
NSDIAG gbuffer target target_id=1879048212 exists=true recreate=false colors=3 depth=true extent=1280x720
NSDIAG deferred-target label='deferred_lighting' gbuffer_target=1879048212 lit_target=1879048196 lit_initialized_before=false
NSDIAG vkCreateSwapchainKHR format=B8G8R8A8_SRGB usage=TRANSFER_SRC | TRANSFER_DST | COLOR_ATTACHMENT bits=0x13 supported=TRANSFER_SRC | TRANSFER_DST | SAMPLED | STORAGE | COLOR_ATTACHMENT | INPUT_ATTACHMENT
NSDIAG gbuffer target target_id=1879048212 exists=true recreate=false colors=3 depth=true extent=1280x720
NSDIAG deferred-target label='deferred_lighting' gbuffer_target=1879048212 lit_target=1879048196 lit_initialized_before=false
NSDIAG vkCreateSwapchainKHR format=B8G8R8A8_SRGB usage=TRANSFER_SRC | TRANSFER_DST | COLOR_ATTACHMENT bits=0x13 supported=TRANSFER_SRC | TRANSFER_DST | SAMPLED | STORAGE | COLOR_ATTACHMENT | INPUT_ATTACHMENT
NSDIAG gbuffer target target_id=1879048212 exists=true recreate=false colors=3 depth=true extent=1280x720
NSDIAG deferred-target label='deferred_lighting' gbuffer_target=1879048212 lit_target=1879048196 lit_initialized_before=false
NSDIAG vkCreateSwapchainKHR format=B8G8R8A8_SRGB usage=TRANSFER_SRC | TRANSFER_DST | COLOR_ATTACHMENT bits=0x13 supported=TRANSFER_SRC | TRANSFER_DST | SAMPLED | STORAGE | COLOR_ATTACHMENT | INPUT_ATTACHMENT
NSDIAG gbuffer target target_id=1879048212 exists=true recreate=false colors=3 depth=true extent=1280x720
NSDIAG deferred-target label='deferred_lighting' gbuffer_target=1879048212 lit_target=1879048196 lit_initialized_before=false
NSDIAG vkCreateSwapchainKHR format=B8G8R8A8_SRGB usage=TRANSFER_SRC | TRANSFER_DST | COLOR_ATTACHMENT bits=0x13 supported=TRANSFER_SRC | TRANSFER_DST | SAMPLED | STORAGE | COLOR_ATTACHMENT | INPUT_ATTACHMENT
NSDIAG gbuffer target target_id=1879048212 exists=true recreate=false colors=3 depth=true extent=1280x720
NSDIAG deferred-target label='deferred_lighting' gbuffer_target=1879048212 lit_target=1879048196 lit_initialized_before=false
NSDIAG vkCreateSwapchainKHR format=B8G8R8A8_SRGB usage=TRANSFER_SRC | TRANSFER_DST | COLOR_ATTACHMENT bits=0x13 supported=TRANSFER_SRC | TRANSFER_DST | SAMPLED | STORAGE | COLOR_ATTACHMENT | INPUT_ATTACHMENT
NSDIAG gbuffer target target_id=1879048212 exists=true recreate=false colors=3 depth=true extent=1280x720
NSDIAG deferred-target label='deferred_lighting' gbuffer_target=1879048212 lit_target=1879048196 lit_initialized_before=false
NSDIAG vkCreateSwapchainKHR format=B8G8R8A8_SRGB usage=TRANSFER_SRC | TRANSFER_DST | COLOR_ATTACHMENT bits=0x13 supported=TRANSFER_SRC | TRANSFER_DST | SAMPLED | STORAGE | COLOR_ATTACHMENT | INPUT_ATTACHMENT
NSDIAG gbuffer target target_id=1879048212 exists=true recreate=false colors=3 depth=true extent=1280x720
NSDIAG deferred-target label='deferred_lighting' gbuffer_target=1879048212 lit_target=1879048196 lit_initialized_before=false
NSDIAG vkCreateSwapchainKHR format=B8G8R8A8_SRGB usage=TRANSFER_SRC | TRANSFER_DST | COLOR_ATTACHMENT bits=0x13 supported=TRANSFER_SRC | TRANSFER_DST | SAMPLED | STORAGE | COLOR_ATTACHMENT | INPUT_ATTACHMENT
NSDIAG gbuffer target target_id=1879048212 exists=true recreate=false colors=3 depth=true extent=1280x720
NSDIAG deferred-target label='deferred_lighting' gbuffer_target=1879048212 lit_target=1879048196 lit_initialized_before=false
NSDIAG vkCreateSwapchainKHR format=B8G8R8A8_SRGB usage=TRANSFER_SRC | TRANSFER_DST | COLOR_ATTACHMENT bits=0x13 supported=TRANSFER_SRC | TRANSFER_DST | SAMPLED | STORAGE | COLOR_ATTACHMENT | INPUT_ATTACHMENT
NSDIAG gbuffer target target_id=1879048212 exists=true recreate=false colors=3 depth=true extent=1280x720
NSDIAG deferred-target label='deferred_lighting' gbuffer_target=1879048212 lit_target=1879048196 lit_initialized_before=false
NSDIAG vkCreateSwapchainKHR format=B8G8R8A8_SRGB usage=TRANSFER_SRC | TRANSFER_DST | COLOR_ATTACHMENT bits=0x13 supported=TRANSFER_SRC | TRANSFER_DST | SAMPLED | STORAGE | COLOR_ATTACHMENT | INPUT_ATTACHMENT
NSDIAG gbuffer target target_id=1879048212 exists=true recreate=false colors=3 depth=true extent=1280x720
NSDIAG deferred-target label='deferred_lighting' gbuffer_target=1879048212 lit_target=1879048196 lit_initialized_before=false
NSDIAG vkCreateSwapchainKHR format=B8G8R8A8_SRGB usage=TRANSFER_SRC | TRANSFER_DST | COLOR_ATTACHMENT bits=0x13 supported=TRANSFER_SRC | TRANSFER_DST | SAMPLED | STORAGE | COLOR_ATTACHMENT | INPUT_ATTACHMENT
NSDIAG gbuffer target target_id=1879048212 exists=true recreate=false colors=3 depth=true extent=1280x720
NSDIAG deferred-target label='deferred_lighting' gbuffer_target=1879048212 lit_target=1879048196 lit_initialized_before=false
NSDIAG vkCreateSwapchainKHR format=B8G8R8A8_SRGB usage=TRANSFER_SRC | TRANSFER_DST | COLOR_ATTACHMENT bits=0x13 supported=TRANSFER_SRC | TRANSFER_DST | SAMPLED | STORAGE | COLOR_ATTACHMENT | INPUT_ATTACHMENT
NSDIAG gbuffer target target_id=1879048212 exists=true recreate=false colors=3 depth=true extent=1280x720
NSDIAG deferred-target label='deferred_lighting' gbuffer_target=1879048212 lit_target=1879048196 lit_initialized_before=false
NSDIAG vkCreateSwapchainKHR format=B8G8R8A8_SRGB usage=TRANSFER_SRC | TRANSFER_DST | COLOR_ATTACHMENT bits=0x13 supported=TRANSFER_SRC | TRANSFER_DST | SAMPLED | STORAGE | COLOR_ATTACHMENT | INPUT_ATTACHMENT
NSDIAG gbuffer target target_id=1879048212 exists=true recreate=false colors=3 depth=true extent=1280x720
NSDIAG deferred-target label='deferred_lighting' gbuffer_target=1879048212 lit_target=1879048196 lit_initialized_before=false
NSDIAG vkCreateSwapchainKHR format=B8G8R8A8_SRGB usage=TRANSFER_SRC | TRANSFER_DST | COLOR_ATTACHMENT bits=0x13 supported=TRANSFER_SRC | TRANSFER_DST | SAMPLED | STORAGE | COLOR_ATTACHMENT | INPUT_ATTACHMENT
NSDIAG gbuffer target target_id=1879048212 exists=true recreate=false colors=3 depth=true extent=1280x720
NSDIAG deferred-target label='deferred_lighting' gbuffer_target=1879048212 lit_target=1879048196 lit_initialized_before=false
NSDIAG vkCreateSwapchainKHR format=B8G8R8A8_SRGB usage=TRANSFER_SRC | TRANSFER_DST | COLOR_ATTACHMENT bits=0x13 supported=TRANSFER_SRC | TRANSFER_DST | SAMPLED | STORAGE | COLOR_ATTACHMENT | INPUT_ATTACHMENT
NSDIAG gbuffer target target_id=1879048212 exists=true recreate=false colors=3 depth=true extent=1280x720
NSDIAG deferred-target label='deferred_lighting' gbuffer_target=1879048212 lit_target=1879048196 lit_initialized_before=false
NSDIAG vkCreateSwapchainKHR format=B8G8R8A8_SRGB usage=TRANSFER_SRC | TRANSFER_DST | COLOR_ATTACHMENT bits=0x13 supported=TRANSFER_SRC | TRANSFER_DST | SAMPLED | STORAGE | COLOR_ATTACHMENT | INPUT_ATTACHMENT
NSDIAG gbuffer target target_id=1879048212 exists=true recreate=false colors=3 depth=true extent=1280x720
NSDIAG deferred-target label='deferred_lighting' gbuffer_target=1879048212 lit_target=1879048196 lit_initialized_before=false
NSDIAG vkCreateSwapchainKHR format=B8G8R8A8_SRGB usage=TRANSFER_SRC | TRANSFER_DST | COLOR_ATTACHMENT bits=0x13 supported=TRANSFER_SRC | TRANSFER_DST | SAMPLED | STORAGE | COLOR_ATTACHMENT | INPUT_ATTACHMENT
NSDIAG gbuffer target target_id=1879048212 exists=true recreate=false colors=3 depth=true extent=1280x720
NSDIAG deferred-target label='deferred_lighting' gbuffer_target=1879048212 lit_target=1879048196 lit_initialized_before=false
NSDIAG vkCreateSwapchainKHR format=B8G8R8A8_SRGB usage=TRANSFER_SRC | TRANSFER_DST | COLOR_ATTACHMENT bits=0x13 supported=TRANSFER_SRC | TRANSFER_DST | SAMPLED | STORAGE | COLOR_ATTACHMENT | INPUT_ATTACHMENT
NSDIAG gbuffer target target_id=1879048212 exists=true recreate=false colors=3 depth=true extent=1280x720
NSDIAG deferred-target label='deferred_lighting' gbuffer_target=1879048212 lit_target=1879048196 lit_initialized_before=false
NSDIAG vkCreateSwapchainKHR format=B8G8R8A8_SRGB usage=TRANSFER_SRC | TRANSFER_DST | COLOR_ATTACHMENT bits=0x13 supported=TRANSFER_SRC | TRANSFER_DST | SAMPLED | STORAGE | COLOR_ATTACHMENT | INPUT_ATTACHMENT
NSDIAG gbuffer target target_id=1879048212 exists=true recreate=false colors=3 depth=true extent=1280x720
NSDIAG deferred-target label='deferred_lighting' gbuffer_target=1879048212 lit_target=1879048196 lit_initialized_before=false
NSDIAG vkCreateSwapchainKHR format=B8G8R8A8_SRGB usage=TRANSFER_SRC | TRANSFER_DST | COLOR_ATTACHMENT bits=0x13 supported=TRANSFER_SRC | TRANSFER_DST | SAMPLED | STORAGE | COLOR_ATTACHMENT | INPUT_ATTACHMENT
NSDIAG gbuffer target target_id=1879048212 exists=true recreate=false colors=3 depth=true extent=1280x720
NSDIAG deferred-target label='deferred_lighting' gbuffer_target=1879048212 lit_target=1879048196 lit_initialized_before=false
NSDIAG vkCreateSwapchainKHR format=B8G8R8A8_SRGB usage=TRANSFER_SRC | TRANSFER_DST | COLOR_ATTACHMENT bits=0x13 supported=TRANSFER_SRC | TRANSFER_DST | SAMPLED | STORAGE | COLOR_ATTACHMENT | INPUT_ATTACHMENT
NSDIAG gbuffer target target_id=1879048212 exists=true recreate=false colors=3 depth=true extent=1280x720
NSDIAG deferred-target label='deferred_lighting' gbuffer_target=1879048212 lit_target=1879048196 lit_initialized_before=false
NSDIAG vkCreateSwapchainKHR format=B8G8R8A8_SRGB usage=TRANSFER_SRC | TRANSFER_DST | COLOR_ATTACHMENT bits=0x13 supported=TRANSFER_SRC | TRANSFER_DST | SAMPLED | STORAGE | COLOR_ATTACHMENT | INPUT_ATTACHMENT
NSDIAG gbuffer target target_id=1879048212 exists=true recreate=false colors=3 depth=true extent=1280x720
NSDIAG deferred-target label='deferred_lighting' gbuffer_target=1879048212 lit_target=1879048196 lit_initialized_before=false
NSDIAG vkCreateSwapchainKHR format=B8G8R8A8_SRGB usage=TRANSFER_SRC | TRANSFER_DST | COLOR_ATTACHMENT bits=0x13 supported=TRANSFER_SRC | TRANSFER_DST | SAMPLED | STORAGE | COLOR_ATTACHMENT | INPUT_ATTACHMENT
NSDIAG gbuffer target target_id=1879048212 exists=true recreate=false colors=3 depth=true extent=1280x720
NSDIAG deferred-target label='deferred_lighting' gbuffer_target=1879048212 lit_target=1879048196 lit_initialized_before=false
NSDIAG vkCreateSwapchainKHR format=B8G8R8A8_SRGB usage=TRANSFER_SRC | TRANSFER_DST | COLOR_ATTACHMENT bits=0x13 supported=TRANSFER_SRC | TRANSFER_DST | SAMPLED | STORAGE | COLOR_ATTACHMENT | INPUT_ATTACHMENT
NSDIAG gbuffer target target_id=1879048212 exists=true recreate=false colors=3 depth=true extent=1280x720
NSDIAG deferred-target label='deferred_lighting' gbuffer_target=1879048212 lit_target=1879048196 lit_initialized_before=false
NSDIAG vkCreateSwapchainKHR format=B8G8R8A8_SRGB usage=TRANSFER_SRC | TRANSFER_DST | COLOR_ATTACHMENT bits=0x13 supported=TRANSFER_SRC | TRANSFER_DST | SAMPLED | STORAGE | COLOR_ATTACHMENT | INPUT_ATTACHMENT
NSDIAG gbuffer target target_id=1879048212 exists=true recreate=false colors=3 depth=true extent=1280x720
NSDIAG deferred-target label='deferred_lighting' gbuffer_target=1879048212 lit_target=1879048196 lit_initialized_before=false
NSDIAG vkCreateSwapchainKHR format=B8G8R8A8_SRGB usage=TRANSFER_SRC | TRANSFER_DST | COLOR_ATTACHMENT bits=0x13 supported=TRANSFER_SRC | TRANSFER_DST | SAMPLED | STORAGE | COLOR_ATTACHMENT | INPUT_ATTACHMENT
NSDIAG gbuffer target target_id=1879048212 exists=true recreate=false colors=3 depth=true extent=1280x720
NSDIAG deferred-target label='deferred_lighting' gbuffer_target=1879048212 lit_target=1879048196 lit_initialized_before=false
NSDIAG vkCreateSwapchainKHR format=B8G8R8A8_SRGB usage=TRANSFER_SRC | TRANSFER_DST | COLOR_ATTACHMENT bits=0x13 supported=TRANSFER_SRC | TRANSFER_DST | SAMPLED | STORAGE | COLOR_ATTACHMENT | INPUT_ATTACHMENT
NSDIAG gbuffer target target_id=1879048212 exists=true recreate=false colors=3 depth=true extent=1280x720
NSDIAG graph-pass begin frame=690 id=120 label='shadow_cascade_map' kind=ShadowCascadeMap queue=Graphics draws=164
NSDIAG graph-pass end frame=690 id=120 label='shadow_cascade_map' kind=ShadowCascadeMap ok=true
NSDIAG graph-pass begin frame=690 id=560 label='particle_simulation' kind=ParticleSimulation queue=Compute draws=0
NSDIAG graph-pass end frame=690 id=560 label='particle_simulation' kind=ParticleSimulation ok=true
NSDIAG graph-pass begin frame=690 id=300 label='viewport_gbuffer' kind=GBuffer queue=Graphics draws=16
NSDIAG graph-pass end frame=690 id=300 label='viewport_gbuffer' kind=GBuffer ok=true
NSDIAG graph-pass begin frame=690 id=400 label='deferred_lighting' kind=DeferredLighting queue=Graphics draws=0
NSDIAG deferred-target label='deferred_lighting' gbuffer_target=1879048212 lit_target=1879048196 lit_initialized_before=false
NSDIAG graph-pass end frame=690 id=400 label='deferred_lighting' kind=DeferredLighting ok=false
NSDIAG vkCreateSwapchainKHR format=B8G8R8A8_SRGB usage=TRANSFER_SRC | TRANSFER_DST | COLOR_ATTACHMENT bits=0x13 supported=TRANSFER_SRC | TRANSFER_DST | SAMPLED | STORAGE | COLOR_ATTACHMENT | INPUT_ATTACHMENT
NSDIAG gbuffer target target_id=1879048212 exists=true recreate=false colors=3 depth=true extent=1280x720
NSDIAG deferred-target label='deferred_lighting' gbuffer_target=1879048212 lit_target=1879048196 lit_initialized_before=false
NSDIAG vkCreateSwapchainKHR format=B8G8R8A8_SRGB usage=TRANSFER_SRC | TRANSFER_DST | COLOR_ATTACHMENT bits=0x13 supported=TRANSFER_SRC | TRANSFER_DST | SAMPLED | STORAGE | COLOR_ATTACHMENT | INPUT_ATTACHMENT
NSDIAG gbuffer target target_id=1879048212 exists=true recreate=false colors=3 depth=true extent=1280x720
NSDIAG deferred-target label='deferred_lighting' gbuffer_target=1879048212 lit_target=1879048196 lit_initialized_before=false
NSDIAG vkCreateSwapchainKHR format=B8G8R8A8_SRGB usage=TRANSFER_SRC | TRANSFER_DST | COLOR_ATTACHMENT bits=0x13 supported=TRANSFER_SRC | TRANSFER_DST | SAMPLED | STORAGE | COLOR_ATTACHMENT | INPUT_ATTACHMENT
NSDIAG gbuffer target target_id=1879048212 exists=true recreate=false colors=3 depth=true extent=1280x720
NSDIAG deferred-target label='deferred_lighting' gbuffer_target=1879048212 lit_target=1879048196 lit_initialized_before=false
NSDIAG vkCreateSwapchainKHR format=B8G8R8A8_SRGB usage=TRANSFER_SRC | TRANSFER_DST | COLOR_ATTACHMENT bits=0x13 supported=TRANSFER_SRC | TRANSFER_DST | SAMPLED | STORAGE | COLOR_ATTACHMENT | INPUT_ATTACHMENT
NSDIAG gbuffer target target_id=1879048212 exists=true recreate=false colors=3 depth=true extent=1280x720
NSDIAG deferred-target label='deferred_lighting' gbuffer_target=1879048212 lit_target=1879048196 lit_initialized_before=false
NSDIAG vkCreateSwapchainKHR format=B8G8R8A8_SRGB usage=TRANSFER_SRC | TRANSFER_DST | COLOR_ATTACHMENT bits=0x13 supported=TRANSFER_SRC | TRANSFER_DST | SAMPLED | STORAGE | COLOR_ATTACHMENT | INPUT_ATTACHMENT
NSDIAG gbuffer target target_id=1879048212 exists=true recreate=false colors=3 depth=true extent=1280x720
NSDIAG deferred-target label='deferred_lighting' gbuffer_target=1879048212 lit_target=1879048196 lit_initialized_before=false
NSDIAG vkCreateSwapchainKHR format=B8G8R8A8_SRGB usage=TRANSFER_SRC | TRANSFER_DST | COLOR_ATTACHMENT bits=0x13 supported=TRANSFER_SRC | TRANSFER_DST | SAMPLED | STORAGE | COLOR_ATTACHMENT | INPUT_ATTACHMENT
NSDIAG gbuffer target target_id=1879048212 exists=true recreate=false colors=3 depth=true extent=1280x720
NSDIAG deferred-target label='deferred_lighting' gbuffer_target=1879048212 lit_target=1879048196 lit_initialized_before=false
NSDIAG vkCreateSwapchainKHR format=B8G8R8A8_SRGB usage=TRANSFER_SRC | TRANSFER_DST | COLOR_ATTACHMENT bits=0x13 supported=TRANSFER_SRC | TRANSFER_DST | SAMPLED | STORAGE | COLOR_ATTACHMENT | INPUT_ATTACHMENT
NSDIAG gbuffer target target_id=1879048212 exists=true recreate=false colors=3 depth=true extent=1280x720
NSDIAG deferred-target label='deferred_lighting' gbuffer_target=1879048212 lit_target=1879048196 lit_initialized_before=false
NSDIAG vkCreateSwapchainKHR format=B8G8R8A8_SRGB usage=TRANSFER_SRC | TRANSFER_DST | COLOR_ATTACHMENT bits=0x13 supported=TRANSFER_SRC | TRANSFER_DST | SAMPLED | STORAGE | COLOR_ATTACHMENT | INPUT_ATTACHMENT
NSDIAG gbuffer target target_id=1879048212 exists=true recreate=false colors=3 depth=true extent=1280x720
NSDIAG deferred-target label='deferred_lighting' gbuffer_target=1879048212 lit_target=1879048196 lit_initialized_before=false
NSDIAG vkCreateSwapchainKHR format=B8G8R8A8_SRGB usage=TRANSFER_SRC | TRANSFER_DST | COLOR_ATTACHMENT bits=0x13 supported=TRANSFER_SRC | TRANSFER_DST | SAMPLED | STORAGE | COLOR_ATTACHMENT | INPUT_ATTACHMENT
NSDIAG gbuffer target target_id=1879048212 exists=true recreate=false colors=3 depth=true extent=1280x720
NSDIAG deferred-target label='deferred_lighting' gbuffer_target=1879048212 lit_target=1879048196 lit_initialized_before=false
NSDIAG vkCreateSwapchainKHR format=B8G8R8A8_SRGB usage=TRANSFER_SRC | TRANSFER_DST | COLOR_ATTACHMENT bits=0x13 supported=TRANSFER_SRC | TRANSFER_DST | SAMPLED | STORAGE | COLOR_ATTACHMENT | INPUT_ATTACHMENT
NSDIAG gbuffer target target_id=1879048212 exists=true recreate=false colors=3 depth=true extent=1280x720
NSDIAG deferred-target label='deferred_lighting' gbuffer_target=1879048212 lit_target=1879048196 lit_initialized_before=false
NSDIAG vkCreateSwapchainKHR format=B8G8R8A8_SRGB usage=TRANSFER_SRC | TRANSFER_DST | COLOR_ATTACHMENT bits=0x13 supported=TRANSFER_SRC | TRANSFER_DST | SAMPLED | STORAGE | COLOR_ATTACHMENT | INPUT_ATTACHMENT
NSDIAG gbuffer target target_id=1879048212 exists=true recreate=false colors=3 depth=true extent=1280x720
NSDIAG deferred-target label='deferred_lighting' gbuffer_target=1879048212 lit_target=1879048196 lit_initialized_before=false
NSDIAG vkCreateSwapchainKHR format=B8G8R8A8_SRGB usage=TRANSFER_SRC | TRANSFER_DST | COLOR_ATTACHMENT bits=0x13 supported=TRANSFER_SRC | TRANSFER_DST | SAMPLED | STORAGE | COLOR_ATTACHMENT | INPUT_ATTACHMENT
NSDIAG gbuffer target target_id=1879048212 exists=true recreate=false colors=3 depth=true extent=1280x720
NSDIAG deferred-target label='deferred_lighting' gbuffer_target=1879048212 lit_target=1879048196 lit_initialized_before=false
NSDIAG vkCreateSwapchainKHR format=B8G8R8A8_SRGB usage=TRANSFER_SRC | TRANSFER_DST | COLOR_ATTACHMENT bits=0x13 supported=TRANSFER_SRC | TRANSFER_DST | SAMPLED | STORAGE | COLOR_ATTACHMENT | INPUT_ATTACHMENT
NSDIAG gbuffer target target_id=1879048212 exists=true recreate=false colors=3 depth=true extent=1280x720
NSDIAG deferred-target label='deferred_lighting' gbuffer_target=1879048212 lit_target=1879048196 lit_initialized_before=false
NSDIAG vkCreateSwapchainKHR format=B8G8R8A8_SRGB usage=TRANSFER_SRC | TRANSFER_DST | COLOR_ATTACHMENT bits=0x13 supported=TRANSFER_SRC | TRANSFER_DST | SAMPLED | STORAGE | COLOR_ATTACHMENT | INPUT_ATTACHMENT
NSDIAG gbuffer target target_id=1879048212 exists=true recreate=false colors=3 depth=true extent=1280x720
NSDIAG deferred-target label='deferred_lighting' gbuffer_target=1879048212 lit_target=1879048196 lit_initialized_before=false
NSDIAG vkCreateSwapchainKHR format=B8G8R8A8_SRGB usage=TRANSFER_SRC | TRANSFER_DST | COLOR_ATTACHMENT bits=0x13 supported=TRANSFER_SRC | TRANSFER_DST | SAMPLED | STORAGE | COLOR_ATTACHMENT | INPUT_ATTACHMENT
NSDIAG gbuffer target target_id=1879048212 exists=true recreate=false colors=3 depth=true extent=1280x720
NSDIAG deferred-target label='deferred_lighting' gbuffer_target=1879048212 lit_target=1879048196 lit_initialized_before=false
NSDIAG vkCreateSwapchainKHR format=B8G8R8A8_SRGB usage=TRANSFER_SRC | TRANSFER_DST | COLOR_ATTACHMENT bits=0x13 supported=TRANSFER_SRC | TRANSFER_DST | SAMPLED | STORAGE | COLOR_ATTACHMENT | INPUT_ATTACHMENT
NSDIAG gbuffer target target_id=1879048212 exists=true recreate=false colors=3 depth=true extent=1280x720
NSDIAG deferred-target label='deferred_lighting' gbuffer_target=1879048212 lit_target=1879048196 lit_initialized_before=false
NSDIAG vkCreateSwapchainKHR format=B8G8R8A8_SRGB usage=TRANSFER_SRC | TRANSFER_DST | COLOR_ATTACHMENT bits=0x13 supported=TRANSFER_SRC | TRANSFER_DST | SAMPLED | STORAGE | COLOR_ATTACHMENT | INPUT_ATTACHMENT
NSDIAG gbuffer target target_id=1879048212 exists=true recreate=false colors=3 depth=true extent=1280x720
NSDIAG deferred-target label='deferred_lighting' gbuffer_target=1879048212 lit_target=1879048196 lit_initialized_before=false
NSDIAG vkCreateSwapchainKHR format=B8G8R8A8_SRGB usage=TRANSFER_SRC | TRANSFER_DST | COLOR_ATTACHMENT bits=0x13 supported=TRANSFER_SRC | TRANSFER_DST | SAMPLED | STORAGE | COLOR_ATTACHMENT | INPUT_ATTACHMENT
NSDIAG gbuffer target target_id=1879048212 exists=true recreate=false colors=3 depth=true extent=1280x720
NSDIAG deferred-target label='deferred_lighting' gbuffer_target=1879048212 lit_target=1879048196 lit_initialized_before=false
NSDIAG vkCreateSwapchainKHR format=B8G8R8A8_SRGB usage=TRANSFER_SRC | TRANSFER_DST | COLOR_ATTACHMENT bits=0x13 supported=TRANSFER_SRC | TRANSFER_DST | SAMPLED | STORAGE | COLOR_ATTACHMENT | INPUT_ATTACHMENT
NSDIAG gbuffer target target_id=1879048212 exists=true recreate=false colors=3 depth=true extent=1280x720
NSDIAG deferred-target label='deferred_lighting' gbuffer_target=1879048212 lit_target=1879048196 lit_initialized_before=false
NSDIAG vkCreateSwapchainKHR format=B8G8R8A8_SRGB usage=TRANSFER_SRC | TRANSFER_DST | COLOR_ATTACHMENT bits=0x13 supported=TRANSFER_SRC | TRANSFER_DST | SAMPLED | STORAGE | COLOR_ATTACHMENT | INPUT_ATTACHMENT
NSDIAG gbuffer target target_id=1879048212 exists=true recreate=false colors=3 depth=true extent=1280x720
NSDIAG deferred-target label='deferred_lighting' gbuffer_target=1879048212 lit_target=1879048196 lit_initialized_before=false
NSDIAG vkCreateSwapchainKHR format=B8G8R8A8_SRGB usage=TRANSFER_SRC | TRANSFER_DST | COLOR_ATTACHMENT bits=0x13 supported=TRANSFER_SRC | TRANSFER_DST | SAMPLED | STORAGE | COLOR_ATTACHMENT | INPUT_ATTACHMENT
NSDIAG gbuffer target target_id=1879048212 exists=true recreate=false colors=3 depth=true extent=1280x720
NSDIAG deferred-target label='deferred_lighting' gbuffer_target=1879048212 lit_target=1879048196 lit_initialized_before=false
NSDIAG vkCreateSwapchainKHR format=B8G8R8A8_SRGB usage=TRANSFER_SRC | TRANSFER_DST | COLOR_ATTACHMENT bits=0x13 supported=TRANSFER_SRC | TRANSFER_DST | SAMPLED | STORAGE | COLOR_ATTACHMENT | INPUT_ATTACHMENT
NSDIAG gbuffer target target_id=1879048212 exists=true recreate=false colors=3 depth=true extent=1280x720
NSDIAG deferred-target label='deferred_lighting' gbuffer_target=1879048212 lit_target=1879048196 lit_initialized_before=false
NSDIAG vkCreateSwapchainKHR format=B8G8R8A8_SRGB usage=TRANSFER_SRC | TRANSFER_DST | COLOR_ATTACHMENT bits=0x13 supported=TRANSFER_SRC | TRANSFER_DST | SAMPLED | STORAGE | COLOR_ATTACHMENT | INPUT_ATTACHMENT
NSDIAG gbuffer target target_id=1879048212 exists=true recreate=false colors=3 depth=true extent=1280x720
NSDIAG deferred-target label='deferred_lighting' gbuffer_target=1879048212 lit_target=1879048196 lit_initialized_before=false
NSDIAG vkCreateSwapchainKHR format=B8G8R8A8_SRGB usage=TRANSFER_SRC | TRANSFER_DST | COLOR_ATTACHMENT bits=0x13 supported=TRANSFER_SRC | TRANSFER_DST | SAMPLED | STORAGE | COLOR_ATTACHMENT | INPUT_ATTACHMENT
NSDIAG gbuffer target target_id=1879048212 exists=true recreate=false colors=3 depth=true extent=1280x720
NSDIAG deferred-target label='deferred_lighting' gbuffer_target=1879048212 lit_target=1879048196 lit_initialized_before=false
NSDIAG vkCreateSwapchainKHR format=B8G8R8A8_SRGB usage=TRANSFER_SRC | TRANSFER_DST | COLOR_ATTACHMENT bits=0x13 supported=TRANSFER_SRC | TRANSFER_DST | SAMPLED | STORAGE | COLOR_ATTACHMENT | INPUT_ATTACHMENT
NSDIAG gbuffer target target_id=1879048212 exists=true recreate=false colors=3 depth=true extent=1280x720
NSDIAG deferred-target label='deferred_lighting' gbuffer_target=1879048212 lit_target=1879048196 lit_initialized_before=false
NSDIAG vkCreateSwapchainKHR format=B8G8R8A8_SRGB usage=TRANSFER_SRC | TRANSFER_DST | COLOR_ATTACHMENT bits=0x13 supported=TRANSFER_SRC | TRANSFER_DST | SAMPLED | STORAGE | COLOR_ATTACHMENT | INPUT_ATTACHMENT
NSDIAG gbuffer target target_id=1879048212 exists=true recreate=false colors=3 depth=true extent=1280x720
NSDIAG deferred-target label='deferred_lighting' gbuffer_target=1879048212 lit_target=1879048196 lit_initialized_before=false
NSDIAG vkCreateSwapchainKHR format=B8G8R8A8_SRGB usage=TRANSFER_SRC | TRANSFER_DST | COLOR_ATTACHMENT bits=0x13 supported=TRANSFER_SRC | TRANSFER_DST | SAMPLED | STORAGE | COLOR_ATTACHMENT | INPUT_ATTACHMENT
NSDIAG gbuffer target target_id=1879048212 exists=true recreate=false colors=3 depth=true extent=1280x720
NSDIAG deferred-target label='deferred_lighting' gbuffer_target=1879048212 lit_target=1879048196 lit_initialized_before=false
NSDIAG vkCreateSwapchainKHR format=B8G8R8A8_SRGB usage=TRANSFER_SRC | TRANSFER_DST | COLOR_ATTACHMENT bits=0x13 supported=TRANSFER_SRC | TRANSFER_DST | SAMPLED | STORAGE | COLOR_ATTACHMENT | INPUT_ATTACHMENT
NSDIAG gbuffer target target_id=1879048212 exists=true recreate=false colors=3 depth=true extent=1280x720
NSDIAG deferred-target label='deferred_lighting' gbuffer_target=1879048212 lit_target=1879048196 lit_initialized_before=false
NSDIAG vkCreateSwapchainKHR format=B8G8R8A8_SRGB usage=TRANSFER_SRC | TRANSFER_DST | COLOR_ATTACHMENT bits=0x13 supported=TRANSFER_SRC | TRANSFER_DST | SAMPLED | STORAGE | COLOR_ATTACHMENT | INPUT_ATTACHMENT
NSDIAG gbuffer target target_id=1879048212 exists=true recreate=false colors=3 depth=true extent=1280x720
NSDIAG deferred-target label='deferred_lighting' gbuffer_target=1879048212 lit_target=1879048196 lit_initialized_before=false
NSDIAG vkCreateSwapchainKHR format=B8G8R8A8_SRGB usage=TRANSFER_SRC | TRANSFER_DST | COLOR_ATTACHMENT bits=0x13 supported=TRANSFER_SRC | TRANSFER_DST | SAMPLED | STORAGE | COLOR_ATTACHMENT | INPUT_ATTACHMENT
[09:18:04.090] [[1;32mINFO [0m] render.shadow_setup.profile: frame=720 total_ms=0.017 directional_plan_ms=0.007 directional_admission_ms=0.009 local_plan_ms=0.001 local_admission_ms=0.000 finalize_ms=0.000 render_directional=true render_local=false local_views=0
NSDIAG gbuffer target target_id=1879048212 exists=true recreate=false colors=3 depth=true extent=1280x720
NSDIAG graph-pass begin frame=720 id=120 label='shadow_cascade_map' kind=ShadowCascadeMap queue=Graphics draws=164
NSDIAG graph-pass end frame=720 id=120 label='shadow_cascade_map' kind=ShadowCascadeMap ok=true
NSDIAG graph-pass begin frame=720 id=560 label='particle_simulation' kind=ParticleSimulation queue=Compute draws=0
NSDIAG graph-pass end frame=720 id=560 label='particle_simulation' kind=ParticleSimulation ok=true
NSDIAG graph-pass begin frame=720 id=300 label='viewport_gbuffer' kind=GBuffer queue=Graphics draws=16
NSDIAG graph-pass end frame=720 id=300 label='viewport_gbuffer' kind=GBuffer ok=true
NSDIAG graph-pass begin frame=720 id=400 label='deferred_lighting' kind=DeferredLighting queue=Graphics draws=0
NSDIAG deferred-target label='deferred_lighting' gbuffer_target=1879048212 lit_target=1879048196 lit_initialized_before=false
NSDIAG graph-pass end frame=720 id=400 label='deferred_lighting' kind=DeferredLighting ok=false
[09:18:04.096] [[1;36mDEBUG[0m] render controller: material pipeline still pending heartbeat frame=720 waiting_for='renderer.shader_compile_event'
NSDIAG vkCreateSwapchainKHR format=B8G8R8A8_SRGB usage=TRANSFER_SRC | TRANSFER_DST | COLOR_ATTACHMENT bits=0x13 supported=TRANSFER_SRC | TRANSFER_DST | SAMPLED | STORAGE | COLOR_ATTACHMENT | INPUT_ATTACHMENT
NSDIAG gbuffer target target_id=1879048212 exists=true recreate=false colors=3 depth=true extent=1280x720
NSDIAG deferred-target label='deferred_lighting' gbuffer_target=1879048212 lit_target=1879048196 lit_initialized_before=false
NSDIAG vkCreateSwapchainKHR format=B8G8R8A8_SRGB usage=TRANSFER_SRC | TRANSFER_DST | COLOR_ATTACHMENT bits=0x13 supported=TRANSFER_SRC | TRANSFER_DST | SAMPLED | STORAGE | COLOR_ATTACHMENT | INPUT_ATTACHMENT
NSDIAG gbuffer target target_id=1879048212 exists=true recreate=false colors=3 depth=true extent=1280x720
NSDIAG deferred-target label='deferred_lighting' gbuffer_target=1879048212 lit_target=1879048196 lit_initialized_before=false
NSDIAG vkCreateSwapchainKHR format=B8G8R8A8_SRGB usage=TRANSFER_SRC | TRANSFER_DST | COLOR_ATTACHMENT bits=0x13 supported=TRANSFER_SRC | TRANSFER_DST | SAMPLED | STORAGE | COLOR_ATTACHMENT | INPUT_ATTACHMENT
NSDIAG gbuffer target target_id=1879048212 exists=true recreate=false colors=3 depth=true extent=1280x720
NSDIAG deferred-target label='deferred_lighting' gbuffer_target=1879048212 lit_target=1879048196 lit_initialized_before=false
NSDIAG vkCreateSwapchainKHR format=B8G8R8A8_SRGB usage=TRANSFER_SRC | TRANSFER_DST | COLOR_ATTACHMENT bits=0x13 supported=TRANSFER_SRC | TRANSFER_DST | SAMPLED | STORAGE | COLOR_ATTACHMENT | INPUT_ATTACHMENT
NSDIAG gbuffer target target_id=1879048212 exists=true recreate=false colors=3 depth=true extent=1280x720
NSDIAG deferred-target label='deferred_lighting' gbuffer_target=1879048212 lit_target=1879048196 lit_initialized_before=false
NSDIAG vkCreateSwapchainKHR format=B8G8R8A8_SRGB usage=TRANSFER_SRC | TRANSFER_DST | COLOR_ATTACHMENT bits=0x13 supported=TRANSFER_SRC | TRANSFER_DST | SAMPLED | STORAGE | COLOR_ATTACHMENT | INPUT_ATTACHMENT
NSDIAG gbuffer target target_id=1879048212 exists=true recreate=false colors=3 depth=true extent=1280x720
NSDIAG deferred-target label='deferred_lighting' gbuffer_target=1879048212 lit_target=1879048196 lit_initialized_before=false
NSDIAG vkCreateSwapchainKHR format=B8G8R8A8_SRGB usage=TRANSFER_SRC | TRANSFER_DST | COLOR_ATTACHMENT bits=0x13 supported=TRANSFER_SRC | TRANSFER_DST | SAMPLED | STORAGE | COLOR_ATTACHMENT | INPUT_ATTACHMENT
NSDIAG gbuffer target target_id=1879048212 exists=true recreate=false colors=3 depth=true extent=1280x720
NSDIAG deferred-target label='deferred_lighting' gbuffer_target=1879048212 lit_target=1879048196 lit_initialized_before=false
NSDIAG vkCreateSwapchainKHR format=B8G8R8A8_SRGB usage=TRANSFER_SRC | TRANSFER_DST | COLOR_ATTACHMENT bits=0x13 supported=TRANSFER_SRC | TRANSFER_DST | SAMPLED | STORAGE | COLOR_ATTACHMENT | INPUT_ATTACHMENT
NSDIAG gbuffer target target_id=1879048212 exists=true recreate=false colors=3 depth=true extent=1280x720
NSDIAG deferred-target label='deferred_lighting' gbuffer_target=1879048212 lit_target=1879048196 lit_initialized_before=false
NSDIAG vkCreateSwapchainKHR format=B8G8R8A8_SRGB usage=TRANSFER_SRC | TRANSFER_DST | COLOR_ATTACHMENT bits=0x13 supported=TRANSFER_SRC | TRANSFER_DST | SAMPLED | STORAGE | COLOR_ATTACHMENT | INPUT_ATTACHMENT
NSDIAG gbuffer target target_id=1879048212 exists=true recreate=false colors=3 depth=true extent=1280x720
NSDIAG deferred-target label='deferred_lighting' gbuffer_target=1879048212 lit_target=1879048196 lit_initialized_before=false
NSDIAG vkCreateSwapchainKHR format=B8G8R8A8_SRGB usage=TRANSFER_SRC | TRANSFER_DST | COLOR_ATTACHMENT bits=0x13 supported=TRANSFER_SRC | TRANSFER_DST | SAMPLED | STORAGE | COLOR_ATTACHMENT | INPUT_ATTACHMENT
NSDIAG gbuffer target target_id=1879048212 exists=true recreate=false colors=3 depth=true extent=1280x720
NSDIAG deferred-target label='deferred_lighting' gbuffer_target=1879048212 lit_target=1879048196 lit_initialized_before=false
NSDIAG vkCreateSwapchainKHR format=B8G8R8A8_SRGB usage=TRANSFER_SRC | TRANSFER_DST | COLOR_ATTACHMENT bits=0x13 supported=TRANSFER_SRC | TRANSFER_DST | SAMPLED | STORAGE | COLOR_ATTACHMENT | INPUT_ATTACHMENT
NSDIAG gbuffer target target_id=1879048212 exists=true recreate=false colors=3 depth=true extent=1280x720
NSDIAG deferred-target label='deferred_lighting' gbuffer_target=1879048212 lit_target=1879048196 lit_initialized_before=false
NSDIAG vkCreateSwapchainKHR format=B8G8R8A8_SRGB usage=TRANSFER_SRC | TRANSFER_DST | COLOR_ATTACHMENT bits=0x13 supported=TRANSFER_SRC | TRANSFER_DST | SAMPLED | STORAGE | COLOR_ATTACHMENT | INPUT_ATTACHMENT
NSDIAG gbuffer target target_id=1879048212 exists=true recreate=false colors=3 depth=true extent=1280x720
NSDIAG deferred-target label='deferred_lighting' gbuffer_target=1879048212 lit_target=1879048196 lit_initialized_before=false
NSDIAG vkCreateSwapchainKHR format=B8G8R8A8_SRGB usage=TRANSFER_SRC | TRANSFER_DST | COLOR_ATTACHMENT bits=0x13 supported=TRANSFER_SRC | TRANSFER_DST | SAMPLED | STORAGE | COLOR_ATTACHMENT | INPUT_ATTACHMENT
NSDIAG gbuffer target target_id=1879048212 exists=true recreate=false colors=3 depth=true extent=1280x720
NSDIAG deferred-target label='deferred_lighting' gbuffer_target=1879048212 lit_target=1879048196 lit_initialized_before=false
NSDIAG vkCreateSwapchainKHR format=B8G8R8A8_SRGB usage=TRANSFER_SRC | TRANSFER_DST | COLOR_ATTACHMENT bits=0x13 supported=TRANSFER_SRC | TRANSFER_DST | SAMPLED | STORAGE | COLOR_ATTACHMENT | INPUT_ATTACHMENT
NSDIAG gbuffer target target_id=1879048212 exists=true recreate=false colors=3 depth=true extent=1280x720
NSDIAG deferred-target label='deferred_lighting' gbuffer_target=1879048212 lit_target=1879048196 lit_initialized_before=false
NSDIAG vkCreateSwapchainKHR format=B8G8R8A8_SRGB usage=TRANSFER_SRC | TRANSFER_DST | COLOR_ATTACHMENT bits=0x13 supported=TRANSFER_SRC | TRANSFER_DST | SAMPLED | STORAGE | COLOR_ATTACHMENT | INPUT_ATTACHMENT
NSDIAG gbuffer target target_id=1879048212 exists=true recreate=false colors=3 depth=true extent=1280x720
NSDIAG deferred-target label='deferred_lighting' gbuffer_target=1879048212 lit_target=1879048196 lit_initialized_before=false
NSDIAG vkCreateSwapchainKHR format=B8G8R8A8_SRGB usage=TRANSFER_SRC | TRANSFER_DST | COLOR_ATTACHMENT bits=0x13 supported=TRANSFER_SRC | TRANSFER_DST | SAMPLED | STORAGE | COLOR_ATTACHMENT | INPUT_ATTACHMENT
NSDIAG gbuffer target target_id=1879048212 exists=true recreate=false colors=3 depth=true extent=1280x720
NSDIAG deferred-target label='deferred_lighting' gbuffer_target=1879048212 lit_target=1879048196 lit_initialized_before=false
NSDIAG vkCreateSwapchainKHR format=B8G8R8A8_SRGB usage=TRANSFER_SRC | TRANSFER_DST | COLOR_ATTACHMENT bits=0x13 supported=TRANSFER_SRC | TRANSFER_DST | SAMPLED | STORAGE | COLOR_ATTACHMENT | INPUT_ATTACHMENT
NSDIAG gbuffer target target_id=1879048212 exists=true recreate=false colors=3 depth=true extent=1280x720
NSDIAG deferred-target label='deferred_lighting' gbuffer_target=1879048212 lit_target=1879048196 lit_initialized_before=false
NSDIAG vkCreateSwapchainKHR format=B8G8R8A8_SRGB usage=TRANSFER_SRC | TRANSFER_DST | COLOR_ATTACHMENT bits=0x13 supported=TRANSFER_SRC | TRANSFER_DST | SAMPLED | STORAGE | COLOR_ATTACHMENT | INPUT_ATTACHMENT
NSDIAG gbuffer target target_id=1879048212 exists=true recreate=false colors=3 depth=true extent=1280x720
NSDIAG deferred-target label='deferred_lighting' gbuffer_target=1879048212 lit_target=1879048196 lit_initialized_before=false
NSDIAG vkCreateSwapchainKHR format=B8G8R8A8_SRGB usage=TRANSFER_SRC | TRANSFER_DST | COLOR_ATTACHMENT bits=0x13 supported=TRANSFER_SRC | TRANSFER_DST | SAMPLED | STORAGE | COLOR_ATTACHMENT | INPUT_ATTACHMENT
NSDIAG gbuffer target target_id=1879048212 exists=true recreate=false colors=3 depth=true extent=1280x720
NSDIAG deferred-target label='deferred_lighting' gbuffer_target=1879048212 lit_target=1879048196 lit_initialized_before=false
NSDIAG vkCreateSwapchainKHR format=B8G8R8A8_SRGB usage=TRANSFER_SRC | TRANSFER_DST | COLOR_ATTACHMENT bits=0x13 supported=TRANSFER_SRC | TRANSFER_DST | SAMPLED | STORAGE | COLOR_ATTACHMENT | INPUT_ATTACHMENT
NSDIAG gbuffer target target_id=1879048212 exists=true recreate=false colors=3 depth=true extent=1280x720
NSDIAG deferred-target label='deferred_lighting' gbuffer_target=1879048212 lit_target=1879048196 lit_initialized_before=false
NSDIAG vkCreateSwapchainKHR format=B8G8R8A8_SRGB usage=TRANSFER_SRC | TRANSFER_DST | COLOR_ATTACHMENT bits=0x13 supported=TRANSFER_SRC | TRANSFER_DST | SAMPLED | STORAGE | COLOR_ATTACHMENT | INPUT_ATTACHMENT
NSDIAG gbuffer target target_id=1879048212 exists=true recreate=false colors=3 depth=true extent=1280x720
NSDIAG deferred-target label='deferred_lighting' gbuffer_target=1879048212 lit_target=1879048196 lit_initialized_before=false
NSDIAG vkCreateSwapchainKHR format=B8G8R8A8_SRGB usage=TRANSFER_SRC | TRANSFER_DST | COLOR_ATTACHMENT bits=0x13 supported=TRANSFER_SRC | TRANSFER_DST | SAMPLED | STORAGE | COLOR_ATTACHMENT | INPUT_ATTACHMENT
NSDIAG gbuffer target target_id=1879048212 exists=true recreate=false colors=3 depth=true extent=1280x720
NSDIAG deferred-target label='deferred_lighting' gbuffer_target=1879048212 lit_target=1879048196 lit_initialized_before=false
NSDIAG vkCreateSwapchainKHR format=B8G8R8A8_SRGB usage=TRANSFER_SRC | TRANSFER_DST | COLOR_ATTACHMENT bits=0x13 supported=TRANSFER_SRC | TRANSFER_DST | SAMPLED | STORAGE | COLOR_ATTACHMENT | INPUT_ATTACHMENT
NSDIAG gbuffer target target_id=1879048212 exists=true recreate=false colors=3 depth=true extent=1280x720
NSDIAG deferred-target label='deferred_lighting' gbuffer_target=1879048212 lit_target=1879048196 lit_initialized_before=false
NSDIAG vkCreateSwapchainKHR format=B8G8R8A8_SRGB usage=TRANSFER_SRC | TRANSFER_DST | COLOR_ATTACHMENT bits=0x13 supported=TRANSFER_SRC | TRANSFER_DST | SAMPLED | STORAGE | COLOR_ATTACHMENT | INPUT_ATTACHMENT
NSDIAG gbuffer target target_id=1879048212 exists=true recreate=false colors=3 depth=true extent=1280x720
NSDIAG deferred-target label='deferred_lighting' gbuffer_target=1879048212 lit_target=1879048196 lit_initialized_before=false
NSDIAG vkCreateSwapchainKHR format=B8G8R8A8_SRGB usage=TRANSFER_SRC | TRANSFER_DST | COLOR_ATTACHMENT bits=0x13 supported=TRANSFER_SRC | TRANSFER_DST | SAMPLED | STORAGE | COLOR_ATTACHMENT | INPUT_ATTACHMENT
NSDIAG gbuffer target target_id=1879048212 exists=true recreate=false colors=3 depth=true extent=1280x720
NSDIAG deferred-target label='deferred_lighting' gbuffer_target=1879048212 lit_target=1879048196 lit_initialized_before=false
NSDIAG vkCreateSwapchainKHR format=B8G8R8A8_SRGB usage=TRANSFER_SRC | TRANSFER_DST | COLOR_ATTACHMENT bits=0x13 supported=TRANSFER_SRC | TRANSFER_DST | SAMPLED | STORAGE | COLOR_ATTACHMENT | INPUT_ATTACHMENT
NSDIAG gbuffer target target_id=1879048212 exists=true recreate=false colors=3 depth=true extent=1280x720
NSDIAG deferred-target label='deferred_lighting' gbuffer_target=1879048212 lit_target=1879048196 lit_initialized_before=false
NSDIAG vkCreateSwapchainKHR format=B8G8R8A8_SRGB usage=TRANSFER_SRC | TRANSFER_DST | COLOR_ATTACHMENT bits=0x13 supported=TRANSFER_SRC | TRANSFER_DST | SAMPLED | STORAGE | COLOR_ATTACHMENT | INPUT_ATTACHMENT
NSDIAG gbuffer target target_id=1879048212 exists=true recreate=false colors=3 depth=true extent=1280x720
NSDIAG deferred-target label='deferred_lighting' gbuffer_target=1879048212 lit_target=1879048196 lit_initialized_before=false
NSDIAG vkCreateSwapchainKHR format=B8G8R8A8_SRGB usage=TRANSFER_SRC | TRANSFER_DST | COLOR_ATTACHMENT bits=0x13 supported=TRANSFER_SRC | TRANSFER_DST | SAMPLED | STORAGE | COLOR_ATTACHMENT | INPUT_ATTACHMENT
NSDIAG gbuffer target target_id=1879048212 exists=true recreate=false colors=3 depth=true extent=1280x720
NSDIAG deferred-target label='deferred_lighting' gbuffer_target=1879048212 lit_target=1879048196 lit_initialized_before=false
NSDIAG vkCreateSwapchainKHR format=B8G8R8A8_SRGB usage=TRANSFER_SRC | TRANSFER_DST | COLOR_ATTACHMENT bits=0x13 supported=TRANSFER_SRC | TRANSFER_DST | SAMPLED | STORAGE | COLOR_ATTACHMENT | INPUT_ATTACHMENT
NSDIAG gbuffer target target_id=1879048212 exists=true recreate=false colors=3 depth=true extent=1280x720
NSDIAG deferred-target label='deferred_lighting' gbuffer_target=1879048212 lit_target=1879048196 lit_initialized_before=false
NSDIAG vkCreateSwapchainKHR format=B8G8R8A8_SRGB usage=TRANSFER_SRC | TRANSFER_DST | COLOR_ATTACHMENT bits=0x13 supported=TRANSFER_SRC | TRANSFER_DST | SAMPLED | STORAGE | COLOR_ATTACHMENT | INPUT_ATTACHMENT
NSDIAG gbuffer target target_id=1879048212 exists=true recreate=false colors=3 depth=true extent=1280x720
NSDIAG deferred-target label='deferred_lighting' gbuffer_target=1879048212 lit_target=1879048196 lit_initialized_before=false
NSDIAG vkCreateSwapchainKHR format=B8G8R8A8_SRGB usage=TRANSFER_SRC | TRANSFER_DST | COLOR_ATTACHMENT bits=0x13 supported=TRANSFER_SRC | TRANSFER_DST | SAMPLED | STORAGE | COLOR_ATTACHMENT | INPUT_ATTACHMENT
NSDIAG gbuffer target target_id=1879048212 exists=true recreate=false colors=3 depth=true extent=1280x720
NSDIAG graph-pass begin frame=750 id=120 label='shadow_cascade_map' kind=ShadowCascadeMap queue=Graphics draws=164
NSDIAG graph-pass end frame=750 id=120 label='shadow_cascade_map' kind=ShadowCascadeMap ok=true
NSDIAG graph-pass begin frame=750 id=560 label='particle_simulation' kind=ParticleSimulation queue=Compute draws=0
NSDIAG graph-pass end frame=750 id=560 label='particle_simulation' kind=ParticleSimulation ok=true
NSDIAG graph-pass begin frame=750 id=300 label='viewport_gbuffer' kind=GBuffer queue=Graphics draws=16
NSDIAG graph-pass end frame=750 id=300 label='viewport_gbuffer' kind=GBuffer ok=true
NSDIAG graph-pass begin frame=750 id=400 label='deferred_lighting' kind=DeferredLighting queue=Graphics draws=0
NSDIAG deferred-target label='deferred_lighting' gbuffer_target=1879048212 lit_target=1879048196 lit_initialized_before=false
NSDIAG graph-pass end frame=750 id=400 label='deferred_lighting' kind=DeferredLighting ok=false
NSDIAG vkCreateSwapchainKHR format=B8G8R8A8_SRGB usage=TRANSFER_SRC | TRANSFER_DST | COLOR_ATTACHMENT bits=0x13 supported=TRANSFER_SRC | TRANSFER_DST | SAMPLED | STORAGE | COLOR_ATTACHMENT | INPUT_ATTACHMENT
NSDIAG gbuffer target target_id=1879048212 exists=true recreate=false colors=3 depth=true extent=1280x720
NSDIAG deferred-target label='deferred_lighting' gbuffer_target=1879048212 lit_target=1879048196 lit_initialized_before=false
NSDIAG vkCreateSwapchainKHR format=B8G8R8A8_SRGB usage=TRANSFER_SRC | TRANSFER_DST | COLOR_ATTACHMENT bits=0x13 supported=TRANSFER_SRC | TRANSFER_DST | SAMPLED | STORAGE | COLOR_ATTACHMENT | INPUT_ATTACHMENT
NSDIAG gbuffer target target_id=1879048212 exists=true recreate=false colors=3 depth=true extent=1280x720
NSDIAG deferred-target label='deferred_lighting' gbuffer_target=1879048212 lit_target=1879048196 lit_initialized_before=false
NSDIAG vkCreateSwapchainKHR format=B8G8R8A8_SRGB usage=TRANSFER_SRC | TRANSFER_DST | COLOR_ATTACHMENT bits=0x13 supported=TRANSFER_SRC | TRANSFER_DST | SAMPLED | STORAGE | COLOR_ATTACHMENT | INPUT_ATTACHMENT
NSDIAG gbuffer target target_id=1879048212 exists=true recreate=false colors=3 depth=true extent=1280x720
NSDIAG deferred-target label='deferred_lighting' gbuffer_target=1879048212 lit_target=1879048196 lit_initialized_before=false
NSDIAG vkCreateSwapchainKHR format=B8G8R8A8_SRGB usage=TRANSFER_SRC | TRANSFER_DST | COLOR_ATTACHMENT bits=0x13 supported=TRANSFER_SRC | TRANSFER_DST | SAMPLED | STORAGE | COLOR_ATTACHMENT | INPUT_ATTACHMENT
NSDIAG gbuffer target target_id=1879048212 exists=true recreate=false colors=3 depth=true extent=1280x720
NSDIAG deferred-target label='deferred_lighting' gbuffer_target=1879048212 lit_target=1879048196 lit_initialized_before=false
NSDIAG vkCreateSwapchainKHR format=B8G8R8A8_SRGB usage=TRANSFER_SRC | TRANSFER_DST | COLOR_ATTACHMENT bits=0x13 supported=TRANSFER_SRC | TRANSFER_DST | SAMPLED | STORAGE | COLOR_ATTACHMENT | INPUT_ATTACHMENT
NSDIAG gbuffer target target_id=1879048212 exists=true recreate=false colors=3 depth=true extent=1280x720
NSDIAG deferred-target label='deferred_lighting' gbuffer_target=1879048212 lit_target=1879048196 lit_initialized_before=false
NSDIAG vkCreateSwapchainKHR format=B8G8R8A8_SRGB usage=TRANSFER_SRC | TRANSFER_DST | COLOR_ATTACHMENT bits=0x13 supported=TRANSFER_SRC | TRANSFER_DST | SAMPLED | STORAGE | COLOR_ATTACHMENT | INPUT_ATTACHMENT
NSDIAG gbuffer target target_id=1879048212 exists=true recreate=false colors=3 depth=true extent=1280x720
NSDIAG deferred-target label='deferred_lighting' gbuffer_target=1879048212 lit_target=1879048196 lit_initialized_before=false
NSDIAG vkCreateSwapchainKHR format=B8G8R8A8_SRGB usage=TRANSFER_SRC | TRANSFER_DST | COLOR_ATTACHMENT bits=0x13 supported=TRANSFER_SRC | TRANSFER_DST | SAMPLED | STORAGE | COLOR_ATTACHMENT | INPUT_ATTACHMENT
NSDIAG gbuffer target target_id=1879048212 exists=true recreate=false colors=3 depth=true extent=1280x720
NSDIAG deferred-target label='deferred_lighting' gbuffer_target=1879048212 lit_target=1879048196 lit_initialized_before=false
NSDIAG vkCreateSwapchainKHR format=B8G8R8A8_SRGB usage=TRANSFER_SRC | TRANSFER_DST | COLOR_ATTACHMENT bits=0x13 supported=TRANSFER_SRC | TRANSFER_DST | SAMPLED | STORAGE | COLOR_ATTACHMENT | INPUT_ATTACHMENT
NSDIAG gbuffer target target_id=1879048212 exists=true recreate=false colors=3 depth=true extent=1280x720
NSDIAG deferred-target label='deferred_lighting' gbuffer_target=1879048212 lit_target=1879048196 lit_initialized_before=false
NSDIAG vkCreateSwapchainKHR format=B8G8R8A8_SRGB usage=TRANSFER_SRC | TRANSFER_DST | COLOR_ATTACHMENT bits=0x13 supported=TRANSFER_SRC | TRANSFER_DST | SAMPLED | STORAGE | COLOR_ATTACHMENT | INPUT_ATTACHMENT
NSDIAG gbuffer target target_id=1879048212 exists=true recreate=false colors=3 depth=true extent=1280x720
NSDIAG deferred-target label='deferred_lighting' gbuffer_target=1879048212 lit_target=1879048196 lit_initialized_before=false
NSDIAG vkCreateSwapchainKHR format=B8G8R8A8_SRGB usage=TRANSFER_SRC | TRANSFER_DST | COLOR_ATTACHMENT bits=0x13 supported=TRANSFER_SRC | TRANSFER_DST | SAMPLED | STORAGE | COLOR_ATTACHMENT | INPUT_ATTACHMENT
NSDIAG gbuffer target target_id=1879048212 exists=true recreate=false colors=3 depth=true extent=1280x720
NSDIAG deferred-target label='deferred_lighting' gbuffer_target=1879048212 lit_target=1879048196 lit_initialized_before=false
NSDIAG vkCreateSwapchainKHR format=B8G8R8A8_SRGB usage=TRANSFER_SRC | TRANSFER_DST | COLOR_ATTACHMENT bits=0x13 supported=TRANSFER_SRC | TRANSFER_DST | SAMPLED | STORAGE | COLOR_ATTACHMENT | INPUT_ATTACHMENT
NSDIAG gbuffer target target_id=1879048212 exists=true recreate=false colors=3 depth=true extent=1280x720
NSDIAG deferred-target label='deferred_lighting' gbuffer_target=1879048212 lit_target=1879048196 lit_initialized_before=false
NSDIAG vkCreateSwapchainKHR format=B8G8R8A8_SRGB usage=TRANSFER_SRC | TRANSFER_DST | COLOR_ATTACHMENT bits=0x13 supported=TRANSFER_SRC | TRANSFER_DST | SAMPLED | STORAGE | COLOR_ATTACHMENT | INPUT_ATTACHMENT
NSDIAG gbuffer target target_id=1879048212 exists=true recreate=false colors=3 depth=true extent=1280x720
NSDIAG deferred-target label='deferred_lighting' gbuffer_target=1879048212 lit_target=1879048196 lit_initialized_before=false
NSDIAG vkCreateSwapchainKHR format=B8G8R8A8_SRGB usage=TRANSFER_SRC | TRANSFER_DST | COLOR_ATTACHMENT bits=0x13 supported=TRANSFER_SRC | TRANSFER_DST | SAMPLED | STORAGE | COLOR_ATTACHMENT | INPUT_ATTACHMENT
NSDIAG gbuffer target target_id=1879048212 exists=true recreate=false colors=3 depth=true extent=1280x720
NSDIAG deferred-target label='deferred_lighting' gbuffer_target=1879048212 lit_target=1879048196 lit_initialized_before=false
NSDIAG vkCreateSwapchainKHR format=B8G8R8A8_SRGB usage=TRANSFER_SRC | TRANSFER_DST | COLOR_ATTACHMENT bits=0x13 supported=TRANSFER_SRC | TRANSFER_DST | SAMPLED | STORAGE | COLOR_ATTACHMENT | INPUT_ATTACHMENT
NSDIAG gbuffer target target_id=1879048212 exists=true recreate=false colors=3 depth=true extent=1280x720
NSDIAG deferred-target label='deferred_lighting' gbuffer_target=1879048212 lit_target=1879048196 lit_initialized_before=false
NSDIAG vkCreateSwapchainKHR format=B8G8R8A8_SRGB usage=TRANSFER_SRC | TRANSFER_DST | COLOR_ATTACHMENT bits=0x13 supported=TRANSFER_SRC | TRANSFER_DST | SAMPLED | STORAGE | COLOR_ATTACHMENT | INPUT_ATTACHMENT
NSDIAG gbuffer target target_id=1879048212 exists=true recreate=false colors=3 depth=true extent=1280x720
NSDIAG deferred-target label='deferred_lighting' gbuffer_target=1879048212 lit_target=1879048196 lit_initialized_before=false
NSDIAG vkCreateSwapchainKHR format=B8G8R8A8_SRGB usage=TRANSFER_SRC | TRANSFER_DST | COLOR_ATTACHMENT bits=0x13 supported=TRANSFER_SRC | TRANSFER_DST | SAMPLED | STORAGE | COLOR_ATTACHMENT | INPUT_ATTACHMENT
NSDIAG gbuffer target target_id=1879048212 exists=true recreate=false colors=3 depth=true extent=1280x720
NSDIAG deferred-target label='deferred_lighting' gbuffer_target=1879048212 lit_target=1879048196 lit_initialized_before=false
NSDIAG vkCreateSwapchainKHR format=B8G8R8A8_SRGB usage=TRANSFER_SRC | TRANSFER_DST | COLOR_ATTACHMENT bits=0x13 supported=TRANSFER_SRC | TRANSFER_DST | SAMPLED | STORAGE | COLOR_ATTACHMENT | INPUT_ATTACHMENT
NSDIAG gbuffer target target_id=1879048212 exists=true recreate=false colors=3 depth=true extent=1280x720
NSDIAG deferred-target label='deferred_lighting' gbuffer_target=1879048212 lit_target=1879048196 lit_initialized_before=false
NSDIAG vkCreateSwapchainKHR format=B8G8R8A8_SRGB usage=TRANSFER_SRC | TRANSFER_DST | COLOR_ATTACHMENT bits=0x13 supported=TRANSFER_SRC | TRANSFER_DST | SAMPLED | STORAGE | COLOR_ATTACHMENT | INPUT_ATTACHMENT
NSDIAG gbuffer target target_id=1879048212 exists=true recreate=false colors=3 depth=true extent=1280x720
NSDIAG deferred-target label='deferred_lighting' gbuffer_target=1879048212 lit_target=1879048196 lit_initialized_before=false
NSDIAG vkCreateSwapchainKHR format=B8G8R8A8_SRGB usage=TRANSFER_SRC | TRANSFER_DST | COLOR_ATTACHMENT bits=0x13 supported=TRANSFER_SRC | TRANSFER_DST | SAMPLED | STORAGE | COLOR_ATTACHMENT | INPUT_ATTACHMENT
NSDIAG gbuffer target target_id=1879048212 exists=true recreate=false colors=3 depth=true extent=1280x720
NSDIAG deferred-target label='deferred_lighting' gbuffer_target=1879048212 lit_target=1879048196 lit_initialized_before=false
NSDIAG vkCreateSwapchainKHR format=B8G8R8A8_SRGB usage=TRANSFER_SRC | TRANSFER_DST | COLOR_ATTACHMENT bits=0x13 supported=TRANSFER_SRC | TRANSFER_DST | SAMPLED | STORAGE | COLOR_ATTACHMENT | INPUT_ATTACHMENT
NSDIAG gbuffer target target_id=1879048212 exists=true recreate=false colors=3 depth=true extent=1280x720
NSDIAG deferred-target label='deferred_lighting' gbuffer_target=1879048212 lit_target=1879048196 lit_initialized_before=false
NSDIAG vkCreateSwapchainKHR format=B8G8R8A8_SRGB usage=TRANSFER_SRC | TRANSFER_DST | COLOR_ATTACHMENT bits=0x13 supported=TRANSFER_SRC | TRANSFER_DST | SAMPLED | STORAGE | COLOR_ATTACHMENT | INPUT_ATTACHMENT
NSDIAG gbuffer target target_id=1879048212 exists=true recreate=false colors=3 depth=true extent=1280x720
NSDIAG deferred-target label='deferred_lighting' gbuffer_target=1879048212 lit_target=1879048196 lit_initialized_before=false
NSDIAG vkCreateSwapchainKHR format=B8G8R8A8_SRGB usage=TRANSFER_SRC | TRANSFER_DST | COLOR_ATTACHMENT bits=0x13 supported=TRANSFER_SRC | TRANSFER_DST | SAMPLED | STORAGE | COLOR_ATTACHMENT | INPUT_ATTACHMENT
NSDIAG gbuffer target target_id=1879048212 exists=true recreate=false colors=3 depth=true extent=1280x720
NSDIAG deferred-target label='deferred_lighting' gbuffer_target=1879048212 lit_target=1879048196 lit_initialized_before=false
NSDIAG vkCreateSwapchainKHR format=B8G8R8A8_SRGB usage=TRANSFER_SRC | TRANSFER_DST | COLOR_ATTACHMENT bits=0x13 supported=TRANSFER_SRC | TRANSFER_DST | SAMPLED | STORAGE | COLOR_ATTACHMENT | INPUT_ATTACHMENT
NSDIAG gbuffer target target_id=1879048212 exists=true recreate=false colors=3 depth=true extent=1280x720
NSDIAG deferred-target label='deferred_lighting' gbuffer_target=1879048212 lit_target=1879048196 lit_initialized_before=false
NSDIAG vkCreateSwapchainKHR format=B8G8R8A8_SRGB usage=TRANSFER_SRC | TRANSFER_DST | COLOR_ATTACHMENT bits=0x13 supported=TRANSFER_SRC | TRANSFER_DST | SAMPLED | STORAGE | COLOR_ATTACHMENT | INPUT_ATTACHMENT
NSDIAG gbuffer target target_id=1879048212 exists=true recreate=false colors=3 depth=true extent=1280x720
NSDIAG deferred-target label='deferred_lighting' gbuffer_target=1879048212 lit_target=1879048196 lit_initialized_before=false
NSDIAG vkCreateSwapchainKHR format=B8G8R8A8_SRGB usage=TRANSFER_SRC | TRANSFER_DST | COLOR_ATTACHMENT bits=0x13 supported=TRANSFER_SRC | TRANSFER_DST | SAMPLED | STORAGE | COLOR_ATTACHMENT | INPUT_ATTACHMENT
NSDIAG gbuffer target target_id=1879048212 exists=true recreate=false colors=3 depth=true extent=1280x720
NSDIAG deferred-target label='deferred_lighting' gbuffer_target=1879048212 lit_target=1879048196 lit_initialized_before=false
NSDIAG vkCreateSwapchainKHR format=B8G8R8A8_SRGB usage=TRANSFER_SRC | TRANSFER_DST | COLOR_ATTACHMENT bits=0x13 supported=TRANSFER_SRC | TRANSFER_DST | SAMPLED | STORAGE | COLOR_ATTACHMENT | INPUT_ATTACHMENT
NSDIAG gbuffer target target_id=1879048212 exists=true recreate=false colors=3 depth=true extent=1280x720
NSDIAG deferred-target label='deferred_lighting' gbuffer_target=1879048212 lit_target=1879048196 lit_initialized_before=false
NSDIAG vkCreateSwapchainKHR format=B8G8R8A8_SRGB usage=TRANSFER_SRC | TRANSFER_DST | COLOR_ATTACHMENT bits=0x13 supported=TRANSFER_SRC | TRANSFER_DST | SAMPLED | STORAGE | COLOR_ATTACHMENT | INPUT_ATTACHMENT
NSDIAG gbuffer target target_id=1879048212 exists=true recreate=false colors=3 depth=true extent=1280x720
NSDIAG deferred-target label='deferred_lighting' gbuffer_target=1879048212 lit_target=1879048196 lit_initialized_before=false
NSDIAG vkCreateSwapchainKHR format=B8G8R8A8_SRGB usage=TRANSFER_SRC | TRANSFER_DST | COLOR_ATTACHMENT bits=0x13 supported=TRANSFER_SRC | TRANSFER_DST | SAMPLED | STORAGE | COLOR_ATTACHMENT | INPUT_ATTACHMENT
NSDIAG gbuffer target target_id=1879048212 exists=true recreate=false colors=3 depth=true extent=1280x720
NSDIAG deferred-target label='deferred_lighting' gbuffer_target=1879048212 lit_target=1879048196 lit_initialized_before=false
NSDIAG vkCreateSwapchainKHR format=B8G8R8A8_SRGB usage=TRANSFER_SRC | TRANSFER_DST | COLOR_ATTACHMENT bits=0x13 supported=TRANSFER_SRC | TRANSFER_DST | SAMPLED | STORAGE | COLOR_ATTACHMENT | INPUT_ATTACHMENT
NSDIAG gbuffer target target_id=1879048212 exists=true recreate=false colors=3 depth=true extent=1280x720
NSDIAG deferred-target label='deferred_lighting' gbuffer_target=1879048212 lit_target=1879048196 lit_initialized_before=false
NSDIAG vkCreateSwapchainKHR format=B8G8R8A8_SRGB usage=TRANSFER_SRC | TRANSFER_DST | COLOR_ATTACHMENT bits=0x13 supported=TRANSFER_SRC | TRANSFER_DST | SAMPLED | STORAGE | COLOR_ATTACHMENT | INPUT_ATTACHMENT
NSDIAG gbuffer target target_id=1879048212 exists=true recreate=false colors=3 depth=true extent=1280x720
NSDIAG graph-pass begin frame=780 id=120 label='shadow_cascade_map' kind=ShadowCascadeMap queue=Graphics draws=164
NSDIAG graph-pass end frame=780 id=120 label='shadow_cascade_map' kind=ShadowCascadeMap ok=true
NSDIAG graph-pass begin frame=780 id=560 label='particle_simulation' kind=ParticleSimulation queue=Compute draws=0
NSDIAG graph-pass end frame=780 id=560 label='particle_simulation' kind=ParticleSimulation ok=true
NSDIAG graph-pass begin frame=780 id=300 label='viewport_gbuffer' kind=GBuffer queue=Graphics draws=16
NSDIAG graph-pass end frame=780 id=300 label='viewport_gbuffer' kind=GBuffer ok=true
NSDIAG graph-pass begin frame=780 id=400 label='deferred_lighting' kind=DeferredLighting queue=Graphics draws=0
NSDIAG deferred-target label='deferred_lighting' gbuffer_target=1879048212 lit_target=1879048196 lit_initialized_before=false
NSDIAG graph-pass end frame=780 id=400 label='deferred_lighting' kind=DeferredLighting ok=false
NSDIAG vkCreateSwapchainKHR format=B8G8R8A8_SRGB usage=TRANSFER_SRC | TRANSFER_DST | COLOR_ATTACHMENT bits=0x13 supported=TRANSFER_SRC | TRANSFER_DST | SAMPLED | STORAGE | COLOR_ATTACHMENT | INPUT_ATTACHMENT
NSDIAG gbuffer target target_id=1879048212 exists=true recreate=false colors=3 depth=true extent=1280x720
NSDIAG deferred-target label='deferred_lighting' gbuffer_target=1879048212 lit_target=1879048196 lit_initialized_before=false
NSDIAG vkCreateSwapchainKHR format=B8G8R8A8_SRGB usage=TRANSFER_SRC | TRANSFER_DST | COLOR_ATTACHMENT bits=0x13 supported=TRANSFER_SRC | TRANSFER_DST | SAMPLED | STORAGE | COLOR_ATTACHMENT | INPUT_ATTACHMENT
NSDIAG gbuffer target target_id=1879048212 exists=true recreate=false colors=3 depth=true extent=1280x720
NSDIAG deferred-target label='deferred_lighting' gbuffer_target=1879048212 lit_target=1879048196 lit_initialized_before=false
NSDIAG vkCreateSwapchainKHR format=B8G8R8A8_SRGB usage=TRANSFER_SRC | TRANSFER_DST | COLOR_ATTACHMENT bits=0x13 supported=TRANSFER_SRC | TRANSFER_DST | SAMPLED | STORAGE | COLOR_ATTACHMENT | INPUT_ATTACHMENT
NSDIAG gbuffer target target_id=1879048212 exists=true recreate=false colors=3 depth=true extent=1280x720
NSDIAG deferred-target label='deferred_lighting' gbuffer_target=1879048212 lit_target=1879048196 lit_initialized_before=false
NSDIAG vkCreateSwapchainKHR format=B8G8R8A8_SRGB usage=TRANSFER_SRC | TRANSFER_DST | COLOR_ATTACHMENT bits=0x13 supported=TRANSFER_SRC | TRANSFER_DST | SAMPLED | STORAGE | COLOR_ATTACHMENT | INPUT_ATTACHMENT
NSDIAG gbuffer target target_id=1879048212 exists=true recreate=false colors=3 depth=true extent=1280x720
NSDIAG deferred-target label='deferred_lighting' gbuffer_target=1879048212 lit_target=1879048196 lit_initialized_before=false
NSDIAG vkCreateSwapchainKHR format=B8G8R8A8_SRGB usage=TRANSFER_SRC | TRANSFER_DST | COLOR_ATTACHMENT bits=0x13 supported=TRANSFER_SRC | TRANSFER_DST | SAMPLED | STORAGE | COLOR_ATTACHMENT | INPUT_ATTACHMENT
NSDIAG gbuffer target target_id=1879048212 exists=true recreate=false colors=3 depth=true extent=1280x720
NSDIAG deferred-target label='deferred_lighting' gbuffer_target=1879048212 lit_target=1879048196 lit_initialized_before=false
NSDIAG vkCreateSwapchainKHR format=B8G8R8A8_SRGB usage=TRANSFER_SRC | TRANSFER_DST | COLOR_ATTACHMENT bits=0x13 supported=TRANSFER_SRC | TRANSFER_DST | SAMPLED | STORAGE | COLOR_ATTACHMENT | INPUT_ATTACHMENT
NSDIAG gbuffer target target_id=1879048212 exists=true recreate=false colors=3 depth=true extent=1280x720
NSDIAG deferred-target label='deferred_lighting' gbuffer_target=1879048212 lit_target=1879048196 lit_initialized_before=false
NSDIAG vkCreateSwapchainKHR format=B8G8R8A8_SRGB usage=TRANSFER_SRC | TRANSFER_DST | COLOR_ATTACHMENT bits=0x13 supported=TRANSFER_SRC | TRANSFER_DST | SAMPLED | STORAGE | COLOR_ATTACHMENT | INPUT_ATTACHMENT
NSDIAG gbuffer target target_id=1879048212 exists=true recreate=false colors=3 depth=true extent=1280x720
NSDIAG deferred-target label='deferred_lighting' gbuffer_target=1879048212 lit_target=1879048196 lit_initialized_before=false
NSDIAG vkCreateSwapchainKHR format=B8G8R8A8_SRGB usage=TRANSFER_SRC | TRANSFER_DST | COLOR_ATTACHMENT bits=0x13 supported=TRANSFER_SRC | TRANSFER_DST | SAMPLED | STORAGE | COLOR_ATTACHMENT | INPUT_ATTACHMENT
NSDIAG gbuffer target target_id=1879048212 exists=true recreate=false colors=3 depth=true extent=1280x720
NSDIAG deferred-target label='deferred_lighting' gbuffer_target=1879048212 lit_target=1879048196 lit_initialized_before=false
NSDIAG vkCreateSwapchainKHR format=B8G8R8A8_SRGB usage=TRANSFER_SRC | TRANSFER_DST | COLOR_ATTACHMENT bits=0x13 supported=TRANSFER_SRC | TRANSFER_DST | SAMPLED | STORAGE | COLOR_ATTACHMENT | INPUT_ATTACHMENT
NSDIAG gbuffer target target_id=1879048212 exists=true recreate=false colors=3 depth=true extent=1280x720
NSDIAG deferred-target label='deferred_lighting' gbuffer_target=1879048212 lit_target=1879048196 lit_initialized_before=false
NSDIAG vkCreateSwapchainKHR format=B8G8R8A8_SRGB usage=TRANSFER_SRC | TRANSFER_DST | COLOR_ATTACHMENT bits=0x13 supported=TRANSFER_SRC | TRANSFER_DST | SAMPLED | STORAGE | COLOR_ATTACHMENT | INPUT_ATTACHMENT
NSDIAG gbuffer target target_id=1879048212 exists=true recreate=false colors=3 depth=true extent=1280x720
NSDIAG deferred-target label='deferred_lighting' gbuffer_target=1879048212 lit_target=1879048196 lit_initialized_before=false
NSDIAG vkCreateSwapchainKHR format=B8G8R8A8_SRGB usage=TRANSFER_SRC | TRANSFER_DST | COLOR_ATTACHMENT bits=0x13 supported=TRANSFER_SRC | TRANSFER_DST | SAMPLED | STORAGE | COLOR_ATTACHMENT | INPUT_ATTACHMENT
NSDIAG gbuffer target target_id=1879048212 exists=true recreate=false colors=3 depth=true extent=1280x720
NSDIAG deferred-target label='deferred_lighting' gbuffer_target=1879048212 lit_target=1879048196 lit_initialized_before=false
NSDIAG vkCreateSwapchainKHR format=B8G8R8A8_SRGB usage=TRANSFER_SRC | TRANSFER_DST | COLOR_ATTACHMENT bits=0x13 supported=TRANSFER_SRC | TRANSFER_DST | SAMPLED | STORAGE | COLOR_ATTACHMENT | INPUT_ATTACHMENT
NSDIAG gbuffer target target_id=1879048212 exists=true recreate=false colors=3 depth=true extent=1280x720
NSDIAG deferred-target label='deferred_lighting' gbuffer_target=1879048212 lit_target=1879048196 lit_initialized_before=false
NSDIAG vkCreateSwapchainKHR format=B8G8R8A8_SRGB usage=TRANSFER_SRC | TRANSFER_DST | COLOR_ATTACHMENT bits=0x13 supported=TRANSFER_SRC | TRANSFER_DST | SAMPLED | STORAGE | COLOR_ATTACHMENT | INPUT_ATTACHMENT
NSDIAG gbuffer target target_id=1879048212 exists=true recreate=false colors=3 depth=true extent=1280x720
NSDIAG deferred-target label='deferred_lighting' gbuffer_target=1879048212 lit_target=1879048196 lit_initialized_before=false
NSDIAG vkCreateSwapchainKHR format=B8G8R8A8_SRGB usage=TRANSFER_SRC | TRANSFER_DST | COLOR_ATTACHMENT bits=0x13 supported=TRANSFER_SRC | TRANSFER_DST | SAMPLED | STORAGE | COLOR_ATTACHMENT | INPUT_ATTACHMENT
NSDIAG gbuffer target target_id=1879048212 exists=true recreate=false colors=3 depth=true extent=1280x720
NSDIAG deferred-target label='deferred_lighting' gbuffer_target=1879048212 lit_target=1879048196 lit_initialized_before=false
NSDIAG vkCreateSwapchainKHR format=B8G8R8A8_SRGB usage=TRANSFER_SRC | TRANSFER_DST | COLOR_ATTACHMENT bits=0x13 supported=TRANSFER_SRC | TRANSFER_DST | SAMPLED | STORAGE | COLOR_ATTACHMENT | INPUT_ATTACHMENT
NSDIAG gbuffer target target_id=1879048212 exists=true recreate=false colors=3 depth=true extent=1280x720
NSDIAG deferred-target label='deferred_lighting' gbuffer_target=1879048212 lit_target=1879048196 lit_initialized_before=false
NSDIAG vkCreateSwapchainKHR format=B8G8R8A8_SRGB usage=TRANSFER_SRC | TRANSFER_DST | COLOR_ATTACHMENT bits=0x13 supported=TRANSFER_SRC | TRANSFER_DST | SAMPLED | STORAGE | COLOR_ATTACHMENT | INPUT_ATTACHMENT
NSDIAG gbuffer target target_id=1879048212 exists=true recreate=false colors=3 depth=true extent=1280x720
NSDIAG deferred-target label='deferred_lighting' gbuffer_target=1879048212 lit_target=1879048196 lit_initialized_before=false
NSDIAG vkCreateSwapchainKHR format=B8G8R8A8_SRGB usage=TRANSFER_SRC | TRANSFER_DST | COLOR_ATTACHMENT bits=0x13 supported=TRANSFER_SRC | TRANSFER_DST | SAMPLED | STORAGE | COLOR_ATTACHMENT | INPUT_ATTACHMENT
NSDIAG gbuffer target target_id=1879048212 exists=true recreate=false colors=3 depth=true extent=1280x720
NSDIAG deferred-target label='deferred_lighting' gbuffer_target=1879048212 lit_target=1879048196 lit_initialized_before=false
NSDIAG vkCreateSwapchainKHR format=B8G8R8A8_SRGB usage=TRANSFER_SRC | TRANSFER_DST | COLOR_ATTACHMENT bits=0x13 supported=TRANSFER_SRC | TRANSFER_DST | SAMPLED | STORAGE | COLOR_ATTACHMENT | INPUT_ATTACHMENT
NSDIAG gbuffer target target_id=1879048212 exists=true recreate=false colors=3 depth=true extent=1280x720
NSDIAG deferred-target label='deferred_lighting' gbuffer_target=1879048212 lit_target=1879048196 lit_initialized_before=false
NSDIAG vkCreateSwapchainKHR format=B8G8R8A8_SRGB usage=TRANSFER_SRC | TRANSFER_DST | COLOR_ATTACHMENT bits=0x13 supported=TRANSFER_SRC | TRANSFER_DST | SAMPLED | STORAGE | COLOR_ATTACHMENT | INPUT_ATTACHMENT
NSDIAG gbuffer target target_id=1879048212 exists=true recreate=false colors=3 depth=true extent=1280x720
NSDIAG deferred-target label='deferred_lighting' gbuffer_target=1879048212 lit_target=1879048196 lit_initialized_before=false
NSDIAG vkCreateSwapchainKHR format=B8G8R8A8_SRGB usage=TRANSFER_SRC | TRANSFER_DST | COLOR_ATTACHMENT bits=0x13 supported=TRANSFER_SRC | TRANSFER_DST | SAMPLED | STORAGE | COLOR_ATTACHMENT | INPUT_ATTACHMENT
NSDIAG gbuffer target target_id=1879048212 exists=true recreate=false colors=3 depth=true extent=1280x720
NSDIAG deferred-target label='deferred_lighting' gbuffer_target=1879048212 lit_target=1879048196 lit_initialized_before=false
NSDIAG vkCreateSwapchainKHR format=B8G8R8A8_SRGB usage=TRANSFER_SRC | TRANSFER_DST | COLOR_ATTACHMENT bits=0x13 supported=TRANSFER_SRC | TRANSFER_DST | SAMPLED | STORAGE | COLOR_ATTACHMENT | INPUT_ATTACHMENT
NSDIAG gbuffer target target_id=1879048212 exists=true recreate=false colors=3 depth=true extent=1280x720
NSDIAG deferred-target label='deferred_lighting' gbuffer_target=1879048212 lit_target=1879048196 lit_initialized_before=false
NSDIAG vkCreateSwapchainKHR format=B8G8R8A8_SRGB usage=TRANSFER_SRC | TRANSFER_DST | COLOR_ATTACHMENT bits=0x13 supported=TRANSFER_SRC | TRANSFER_DST | SAMPLED | STORAGE | COLOR_ATTACHMENT | INPUT_ATTACHMENT
NSDIAG gbuffer target target_id=1879048212 exists=true recreate=false colors=3 depth=true extent=1280x720
NSDIAG deferred-target label='deferred_lighting' gbuffer_target=1879048212 lit_target=1879048196 lit_initialized_before=false
NSDIAG vkCreateSwapchainKHR format=B8G8R8A8_SRGB usage=TRANSFER_SRC | TRANSFER_DST | COLOR_ATTACHMENT bits=0x13 supported=TRANSFER_SRC | TRANSFER_DST | SAMPLED | STORAGE | COLOR_ATTACHMENT | INPUT_ATTACHMENT
NSDIAG gbuffer target target_id=1879048212 exists=true recreate=false colors=3 depth=true extent=1280x720
NSDIAG deferred-target label='deferred_lighting' gbuffer_target=1879048212 lit_target=1879048196 lit_initialized_before=false
NSDIAG vkCreateSwapchainKHR format=B8G8R8A8_SRGB usage=TRANSFER_SRC | TRANSFER_DST | COLOR_ATTACHMENT bits=0x13 supported=TRANSFER_SRC | TRANSFER_DST | SAMPLED | STORAGE | COLOR_ATTACHMENT | INPUT_ATTACHMENT
NSDIAG gbuffer target target_id=1879048212 exists=true recreate=false colors=3 depth=true extent=1280x720
NSDIAG deferred-target label='deferred_lighting' gbuffer_target=1879048212 lit_target=1879048196 lit_initialized_before=false
NSDIAG vkCreateSwapchainKHR format=B8G8R8A8_SRGB usage=TRANSFER_SRC | TRANSFER_DST | COLOR_ATTACHMENT bits=0x13 supported=TRANSFER_SRC | TRANSFER_DST | SAMPLED | STORAGE | COLOR_ATTACHMENT | INPUT_ATTACHMENT
NSDIAG gbuffer target target_id=1879048212 exists=true recreate=false colors=3 depth=true extent=1280x720
NSDIAG deferred-target label='deferred_lighting' gbuffer_target=1879048212 lit_target=1879048196 lit_initialized_before=false
NSDIAG vkCreateSwapchainKHR format=B8G8R8A8_SRGB usage=TRANSFER_SRC | TRANSFER_DST | COLOR_ATTACHMENT bits=0x13 supported=TRANSFER_SRC | TRANSFER_DST | SAMPLED | STORAGE | COLOR_ATTACHMENT | INPUT_ATTACHMENT
NSDIAG gbuffer target target_id=1879048212 exists=true recreate=false colors=3 depth=true extent=1280x720
NSDIAG deferred-target label='deferred_lighting' gbuffer_target=1879048212 lit_target=1879048196 lit_initialized_before=false
NSDIAG vkCreateSwapchainKHR format=B8G8R8A8_SRGB usage=TRANSFER_SRC | TRANSFER_DST | COLOR_ATTACHMENT bits=0x13 supported=TRANSFER_SRC | TRANSFER_DST | SAMPLED | STORAGE | COLOR_ATTACHMENT | INPUT_ATTACHMENT
NSDIAG gbuffer target target_id=1879048212 exists=true recreate=false colors=3 depth=true extent=1280x720
NSDIAG deferred-target label='deferred_lighting' gbuffer_target=1879048212 lit_target=1879048196 lit_initialized_before=false
NSDIAG vkCreateSwapchainKHR format=B8G8R8A8_SRGB usage=TRANSFER_SRC | TRANSFER_DST | COLOR_ATTACHMENT bits=0x13 supported=TRANSFER_SRC | TRANSFER_DST | SAMPLED | STORAGE | COLOR_ATTACHMENT | INPUT_ATTACHMENT
NSDIAG gbuffer target target_id=1879048212 exists=true recreate=false colors=3 depth=true extent=1280x720
NSDIAG deferred-target label='deferred_lighting' gbuffer_target=1879048212 lit_target=1879048196 lit_initialized_before=false
NSDIAG vkCreateSwapchainKHR format=B8G8R8A8_SRGB usage=TRANSFER_SRC | TRANSFER_DST | COLOR_ATTACHMENT bits=0x13 supported=TRANSFER_SRC | TRANSFER_DST | SAMPLED | STORAGE | COLOR_ATTACHMENT | INPUT_ATTACHMENT
NSDIAG gbuffer target target_id=1879048212 exists=true recreate=false colors=3 depth=true extent=1280x720
NSDIAG deferred-target label='deferred_lighting' gbuffer_target=1879048212 lit_target=1879048196 lit_initialized_before=false
NSDIAG vkCreateSwapchainKHR format=B8G8R8A8_SRGB usage=TRANSFER_SRC | TRANSFER_DST | COLOR_ATTACHMENT bits=0x13 supported=TRANSFER_SRC | TRANSFER_DST | SAMPLED | STORAGE | COLOR_ATTACHMENT | INPUT_ATTACHMENT
NSDIAG gbuffer target target_id=1879048212 exists=true recreate=false colors=3 depth=true extent=1280x720
NSDIAG graph-pass begin frame=810 id=120 label='shadow_cascade_map' kind=ShadowCascadeMap queue=Graphics draws=164
NSDIAG graph-pass end frame=810 id=120 label='shadow_cascade_map' kind=ShadowCascadeMap ok=true
NSDIAG graph-pass begin frame=810 id=560 label='particle_simulation' kind=ParticleSimulation queue=Compute draws=0
NSDIAG graph-pass end frame=810 id=560 label='particle_simulation' kind=ParticleSimulation ok=true
NSDIAG graph-pass begin frame=810 id=300 label='viewport_gbuffer' kind=GBuffer queue=Graphics draws=16
NSDIAG graph-pass end frame=810 id=300 label='viewport_gbuffer' kind=GBuffer ok=true
NSDIAG graph-pass begin frame=810 id=400 label='deferred_lighting' kind=DeferredLighting queue=Graphics draws=0
NSDIAG deferred-target label='deferred_lighting' gbuffer_target=1879048212 lit_target=1879048196 lit_initialized_before=false
NSDIAG graph-pass end frame=810 id=400 label='deferred_lighting' kind=DeferredLighting ok=false
NSDIAG vkCreateSwapchainKHR format=B8G8R8A8_SRGB usage=TRANSFER_SRC | TRANSFER_DST | COLOR_ATTACHMENT bits=0x13 supported=TRANSFER_SRC | TRANSFER_DST | SAMPLED | STORAGE | COLOR_ATTACHMENT | INPUT_ATTACHMENT
NSDIAG gbuffer target target_id=1879048212 exists=true recreate=false colors=3 depth=true extent=1280x720
NSDIAG deferred-target label='deferred_lighting' gbuffer_target=1879048212 lit_target=1879048196 lit_initialized_before=false
NSDIAG vkCreateSwapchainKHR format=B8G8R8A8_SRGB usage=TRANSFER_SRC | TRANSFER_DST | COLOR_ATTACHMENT bits=0x13 supported=TRANSFER_SRC | TRANSFER_DST | SAMPLED | STORAGE | COLOR_ATTACHMENT | INPUT_ATTACHMENT
NSDIAG gbuffer target target_id=1879048212 exists=true recreate=false colors=3 depth=true extent=1280x720
NSDIAG deferred-target label='deferred_lighting' gbuffer_target=1879048212 lit_target=1879048196 lit_initialized_before=false
NSDIAG vkCreateSwapchainKHR format=B8G8R8A8_SRGB usage=TRANSFER_SRC | TRANSFER_DST | COLOR_ATTACHMENT bits=0x13 supported=TRANSFER_SRC | TRANSFER_DST | SAMPLED | STORAGE | COLOR_ATTACHMENT | INPUT_ATTACHMENT
NSDIAG gbuffer target target_id=1879048212 exists=true recreate=false colors=3 depth=true extent=1280x720
NSDIAG deferred-target label='deferred_lighting' gbuffer_target=1879048212 lit_target=1879048196 lit_initialized_before=false
NSDIAG vkCreateSwapchainKHR format=B8G8R8A8_SRGB usage=TRANSFER_SRC | TRANSFER_DST | COLOR_ATTACHMENT bits=0x13 supported=TRANSFER_SRC | TRANSFER_DST | SAMPLED | STORAGE | COLOR_ATTACHMENT | INPUT_ATTACHMENT
NSDIAG gbuffer target target_id=1879048212 exists=true recreate=false colors=3 depth=true extent=1280x720
NSDIAG deferred-target label='deferred_lighting' gbuffer_target=1879048212 lit_target=1879048196 lit_initialized_before=false
NSDIAG vkCreateSwapchainKHR format=B8G8R8A8_SRGB usage=TRANSFER_SRC | TRANSFER_DST | COLOR_ATTACHMENT bits=0x13 supported=TRANSFER_SRC | TRANSFER_DST | SAMPLED | STORAGE | COLOR_ATTACHMENT | INPUT_ATTACHMENT
NSDIAG gbuffer target target_id=1879048212 exists=true recreate=false colors=3 depth=true extent=1280x720
NSDIAG deferred-target label='deferred_lighting' gbuffer_target=1879048212 lit_target=1879048196 lit_initialized_before=false
NSDIAG vkCreateSwapchainKHR format=B8G8R8A8_SRGB usage=TRANSFER_SRC | TRANSFER_DST | COLOR_ATTACHMENT bits=0x13 supported=TRANSFER_SRC | TRANSFER_DST | SAMPLED | STORAGE | COLOR_ATTACHMENT | INPUT_ATTACHMENT
NSDIAG gbuffer target target_id=1879048212 exists=true recreate=false colors=3 depth=true extent=1280x720
NSDIAG deferred-target label='deferred_lighting' gbuffer_target=1879048212 lit_target=1879048196 lit_initialized_before=false
NSDIAG vkCreateSwapchainKHR format=B8G8R8A8_SRGB usage=TRANSFER_SRC | TRANSFER_DST | COLOR_ATTACHMENT bits=0x13 supported=TRANSFER_SRC | TRANSFER_DST | SAMPLED | STORAGE | COLOR_ATTACHMENT | INPUT_ATTACHMENT
NSDIAG gbuffer target target_id=1879048212 exists=true recreate=false colors=3 depth=true extent=1280x720
NSDIAG deferred-target label='deferred_lighting' gbuffer_target=1879048212 lit_target=1879048196 lit_initialized_before=false
NSDIAG vkCreateSwapchainKHR format=B8G8R8A8_SRGB usage=TRANSFER_SRC | TRANSFER_DST | COLOR_ATTACHMENT bits=0x13 supported=TRANSFER_SRC | TRANSFER_DST | SAMPLED | STORAGE | COLOR_ATTACHMENT | INPUT_ATTACHMENT
NSDIAG gbuffer target target_id=1879048212 exists=true recreate=false colors=3 depth=true extent=1280x720
NSDIAG deferred-target label='deferred_lighting' gbuffer_target=1879048212 lit_target=1879048196 lit_initialized_before=false
NSDIAG vkCreateSwapchainKHR format=B8G8R8A8_SRGB usage=TRANSFER_SRC | TRANSFER_DST | COLOR_ATTACHMENT bits=0x13 supported=TRANSFER_SRC | TRANSFER_DST | SAMPLED | STORAGE | COLOR_ATTACHMENT | INPUT_ATTACHMENT
NSDIAG gbuffer target target_id=1879048212 exists=true recreate=false colors=3 depth=true extent=1280x720
NSDIAG deferred-target label='deferred_lighting' gbuffer_target=1879048212 lit_target=1879048196 lit_initialized_before=false
NSDIAG vkCreateSwapchainKHR format=B8G8R8A8_SRGB usage=TRANSFER_SRC | TRANSFER_DST | COLOR_ATTACHMENT bits=0x13 supported=TRANSFER_SRC | TRANSFER_DST | SAMPLED | STORAGE | COLOR_ATTACHMENT | INPUT_ATTACHMENT
NSDIAG gbuffer target target_id=1879048212 exists=true recreate=false colors=3 depth=true extent=1280x720
NSDIAG deferred-target label='deferred_lighting' gbuffer_target=1879048212 lit_target=1879048196 lit_initialized_before=false
NSDIAG vkCreateSwapchainKHR format=B8G8R8A8_SRGB usage=TRANSFER_SRC | TRANSFER_DST | COLOR_ATTACHMENT bits=0x13 supported=TRANSFER_SRC | TRANSFER_DST | SAMPLED | STORAGE | COLOR_ATTACHMENT | INPUT_ATTACHMENT
NSDIAG gbuffer target target_id=1879048212 exists=true recreate=false colors=3 depth=true extent=1280x720
NSDIAG deferred-target label='deferred_lighting' gbuffer_target=1879048212 lit_target=1879048196 lit_initialized_before=false
NSDIAG vkCreateSwapchainKHR format=B8G8R8A8_SRGB usage=TRANSFER_SRC | TRANSFER_DST | COLOR_ATTACHMENT bits=0x13 supported=TRANSFER_SRC | TRANSFER_DST | SAMPLED | STORAGE | COLOR_ATTACHMENT | INPUT_ATTACHMENT
NSDIAG gbuffer target target_id=1879048212 exists=true recreate=false colors=3 depth=true extent=1280x720
NSDIAG deferred-target label='deferred_lighting' gbuffer_target=1879048212 lit_target=1879048196 lit_initialized_before=false
NSDIAG vkCreateSwapchainKHR format=B8G8R8A8_SRGB usage=TRANSFER_SRC | TRANSFER_DST | COLOR_ATTACHMENT bits=0x13 supported=TRANSFER_SRC | TRANSFER_DST | SAMPLED | STORAGE | COLOR_ATTACHMENT | INPUT_ATTACHMENT
NSDIAG gbuffer target target_id=1879048212 exists=true recreate=false colors=3 depth=true extent=1280x720
NSDIAG deferred-target label='deferred_lighting' gbuffer_target=1879048212 lit_target=1879048196 lit_initialized_before=false
NSDIAG vkCreateSwapchainKHR format=B8G8R8A8_SRGB usage=TRANSFER_SRC | TRANSFER_DST | COLOR_ATTACHMENT bits=0x13 supported=TRANSFER_SRC | TRANSFER_DST | SAMPLED | STORAGE | COLOR_ATTACHMENT | INPUT_ATTACHMENT
NSDIAG gbuffer target target_id=1879048212 exists=true recreate=false colors=3 depth=true extent=1280x720
NSDIAG deferred-target label='deferred_lighting' gbuffer_target=1879048212 lit_target=1879048196 lit_initialized_before=false
NSDIAG vkCreateSwapchainKHR format=B8G8R8A8_SRGB usage=TRANSFER_SRC | TRANSFER_DST | COLOR_ATTACHMENT bits=0x13 supported=TRANSFER_SRC | TRANSFER_DST | SAMPLED | STORAGE | COLOR_ATTACHMENT | INPUT_ATTACHMENT
NSDIAG gbuffer target target_id=1879048212 exists=true recreate=false colors=3 depth=true extent=1280x720
NSDIAG deferred-target label='deferred_lighting' gbuffer_target=1879048212 lit_target=1879048196 lit_initialized_before=false
NSDIAG vkCreateSwapchainKHR format=B8G8R8A8_SRGB usage=TRANSFER_SRC | TRANSFER_DST | COLOR_ATTACHMENT bits=0x13 supported=TRANSFER_SRC | TRANSFER_DST | SAMPLED | STORAGE | COLOR_ATTACHMENT | INPUT_ATTACHMENT
NSDIAG gbuffer target target_id=1879048212 exists=true recreate=false colors=3 depth=true extent=1280x720
NSDIAG deferred-target label='deferred_lighting' gbuffer_target=1879048212 lit_target=1879048196 lit_initialized_before=false
NSDIAG vkCreateSwapchainKHR format=B8G8R8A8_SRGB usage=TRANSFER_SRC | TRANSFER_DST | COLOR_ATTACHMENT bits=0x13 supported=TRANSFER_SRC | TRANSFER_DST | SAMPLED | STORAGE | COLOR_ATTACHMENT | INPUT_ATTACHMENT
NSDIAG gbuffer target target_id=1879048212 exists=true recreate=false colors=3 depth=true extent=1280x720
NSDIAG deferred-target label='deferred_lighting' gbuffer_target=1879048212 lit_target=1879048196 lit_initialized_before=false
NSDIAG vkCreateSwapchainKHR format=B8G8R8A8_SRGB usage=TRANSFER_SRC | TRANSFER_DST | COLOR_ATTACHMENT bits=0x13 supported=TRANSFER_SRC | TRANSFER_DST | SAMPLED | STORAGE | COLOR_ATTACHMENT | INPUT_ATTACHMENT
NSDIAG gbuffer target target_id=1879048212 exists=true recreate=false colors=3 depth=true extent=1280x720
NSDIAG deferred-target label='deferred_lighting' gbuffer_target=1879048212 lit_target=1879048196 lit_initialized_before=false
NSDIAG vkCreateSwapchainKHR format=B8G8R8A8_SRGB usage=TRANSFER_SRC | TRANSFER_DST | COLOR_ATTACHMENT bits=0x13 supported=TRANSFER_SRC | TRANSFER_DST | SAMPLED | STORAGE | COLOR_ATTACHMENT | INPUT_ATTACHMENT
NSDIAG gbuffer target target_id=1879048212 exists=true recreate=false colors=3 depth=true extent=1280x720
NSDIAG deferred-target label='deferred_lighting' gbuffer_target=1879048212 lit_target=1879048196 lit_initialized_before=false
NSDIAG vkCreateSwapchainKHR format=B8G8R8A8_SRGB usage=TRANSFER_SRC | TRANSFER_DST | COLOR_ATTACHMENT bits=0x13 supported=TRANSFER_SRC | TRANSFER_DST | SAMPLED | STORAGE | COLOR_ATTACHMENT | INPUT_ATTACHMENT
NSDIAG gbuffer target target_id=1879048212 exists=true recreate=false colors=3 depth=true extent=1280x720
NSDIAG deferred-target label='deferred_lighting' gbuffer_target=1879048212 lit_target=1879048196 lit_initialized_before=false
NSDIAG vkCreateSwapchainKHR format=B8G8R8A8_SRGB usage=TRANSFER_SRC | TRANSFER_DST | COLOR_ATTACHMENT bits=0x13 supported=TRANSFER_SRC | TRANSFER_DST | SAMPLED | STORAGE | COLOR_ATTACHMENT | INPUT_ATTACHMENT
NSDIAG gbuffer target target_id=1879048212 exists=true recreate=false colors=3 depth=true extent=1280x720
NSDIAG deferred-target label='deferred_lighting' gbuffer_target=1879048212 lit_target=1879048196 lit_initialized_before=false
NSDIAG vkCreateSwapchainKHR format=B8G8R8A8_SRGB usage=TRANSFER_SRC | TRANSFER_DST | COLOR_ATTACHMENT bits=0x13 supported=TRANSFER_SRC | TRANSFER_DST | SAMPLED | STORAGE | COLOR_ATTACHMENT | INPUT_ATTACHMENT
NSDIAG gbuffer target target_id=1879048212 exists=true recreate=false colors=3 depth=true extent=1280x720
NSDIAG deferred-target label='deferred_lighting' gbuffer_target=1879048212 lit_target=1879048196 lit_initialized_before=false
NSDIAG vkCreateSwapchainKHR format=B8G8R8A8_SRGB usage=TRANSFER_SRC | TRANSFER_DST | COLOR_ATTACHMENT bits=0x13 supported=TRANSFER_SRC | TRANSFER_DST | SAMPLED | STORAGE | COLOR_ATTACHMENT | INPUT_ATTACHMENT
NSDIAG gbuffer target target_id=1879048212 exists=true recreate=false colors=3 depth=true extent=1280x720
NSDIAG deferred-target label='deferred_lighting' gbuffer_target=1879048212 lit_target=1879048196 lit_initialized_before=false
NSDIAG vkCreateSwapchainKHR format=B8G8R8A8_SRGB usage=TRANSFER_SRC | TRANSFER_DST | COLOR_ATTACHMENT bits=0x13 supported=TRANSFER_SRC | TRANSFER_DST | SAMPLED | STORAGE | COLOR_ATTACHMENT | INPUT_ATTACHMENT
NSDIAG gbuffer target target_id=1879048212 exists=true recreate=false colors=3 depth=true extent=1280x720
NSDIAG deferred-target label='deferred_lighting' gbuffer_target=1879048212 lit_target=1879048196 lit_initialized_before=false
NSDIAG vkCreateSwapchainKHR format=B8G8R8A8_SRGB usage=TRANSFER_SRC | TRANSFER_DST | COLOR_ATTACHMENT bits=0x13 supported=TRANSFER_SRC | TRANSFER_DST | SAMPLED | STORAGE | COLOR_ATTACHMENT | INPUT_ATTACHMENT
NSDIAG gbuffer target target_id=1879048212 exists=true recreate=false colors=3 depth=true extent=1280x720
NSDIAG deferred-target label='deferred_lighting' gbuffer_target=1879048212 lit_target=1879048196 lit_initialized_before=false
NSDIAG vkCreateSwapchainKHR format=B8G8R8A8_SRGB usage=TRANSFER_SRC | TRANSFER_DST | COLOR_ATTACHMENT bits=0x13 supported=TRANSFER_SRC | TRANSFER_DST | SAMPLED | STORAGE | COLOR_ATTACHMENT | INPUT_ATTACHMENT
NSDIAG gbuffer target target_id=1879048212 exists=true recreate=false colors=3 depth=true extent=1280x720
NSDIAG deferred-target label='deferred_lighting' gbuffer_target=1879048212 lit_target=1879048196 lit_initialized_before=false
NSDIAG vkCreateSwapchainKHR format=B8G8R8A8_SRGB usage=TRANSFER_SRC | TRANSFER_DST | COLOR_ATTACHMENT bits=0x13 supported=TRANSFER_SRC | TRANSFER_DST | SAMPLED | STORAGE | COLOR_ATTACHMENT | INPUT_ATTACHMENT
NSDIAG gbuffer target target_id=1879048212 exists=true recreate=false colors=3 depth=true extent=1280x720
NSDIAG deferred-target label='deferred_lighting' gbuffer_target=1879048212 lit_target=1879048196 lit_initialized_before=false
NSDIAG vkCreateSwapchainKHR format=B8G8R8A8_SRGB usage=TRANSFER_SRC | TRANSFER_DST | COLOR_ATTACHMENT bits=0x13 supported=TRANSFER_SRC | TRANSFER_DST | SAMPLED | STORAGE | COLOR_ATTACHMENT | INPUT_ATTACHMENT
NSDIAG gbuffer target target_id=1879048212 exists=true recreate=false colors=3 depth=true extent=1280x720
NSDIAG deferred-target label='deferred_lighting' gbuffer_target=1879048212 lit_target=1879048196 lit_initialized_before=false
NSDIAG vkCreateSwapchainKHR format=B8G8R8A8_SRGB usage=TRANSFER_SRC | TRANSFER_DST | COLOR_ATTACHMENT bits=0x13 supported=TRANSFER_SRC | TRANSFER_DST | SAMPLED | STORAGE | COLOR_ATTACHMENT | INPUT_ATTACHMENT
NSDIAG gbuffer target target_id=1879048212 exists=true recreate=false colors=3 depth=true extent=1280x720
NSDIAG deferred-target label='deferred_lighting' gbuffer_target=1879048212 lit_target=1879048196 lit_initialized_before=false
NSDIAG vkCreateSwapchainKHR format=B8G8R8A8_SRGB usage=TRANSFER_SRC | TRANSFER_DST | COLOR_ATTACHMENT bits=0x13 supported=TRANSFER_SRC | TRANSFER_DST | SAMPLED | STORAGE | COLOR_ATTACHMENT | INPUT_ATTACHMENT
[09:18:05.035] [[1;32mINFO [0m] render.shadow_setup.profile: frame=840 total_ms=0.017 directional_plan_ms=0.007 directional_admission_ms=0.009 local_plan_ms=0.001 local_admission_ms=0.000 finalize_ms=0.000 render_directional=true render_local=false local_views=0
NSDIAG gbuffer target target_id=1879048212 exists=true recreate=false colors=3 depth=true extent=1280x720
NSDIAG graph-pass begin frame=840 id=120 label='shadow_cascade_map' kind=ShadowCascadeMap queue=Graphics draws=164
NSDIAG graph-pass end frame=840 id=120 label='shadow_cascade_map' kind=ShadowCascadeMap ok=true
NSDIAG graph-pass begin frame=840 id=560 label='particle_simulation' kind=ParticleSimulation queue=Compute draws=0
NSDIAG graph-pass end frame=840 id=560 label='particle_simulation' kind=ParticleSimulation ok=true
NSDIAG graph-pass begin frame=840 id=300 label='viewport_gbuffer' kind=GBuffer queue=Graphics draws=16
NSDIAG graph-pass end frame=840 id=300 label='viewport_gbuffer' kind=GBuffer ok=true
NSDIAG graph-pass begin frame=840 id=400 label='deferred_lighting' kind=DeferredLighting queue=Graphics draws=0
NSDIAG deferred-target label='deferred_lighting' gbuffer_target=1879048212 lit_target=1879048196 lit_initialized_before=false
NSDIAG graph-pass end frame=840 id=400 label='deferred_lighting' kind=DeferredLighting ok=false
NSDIAG vkCreateSwapchainKHR format=B8G8R8A8_SRGB usage=TRANSFER_SRC | TRANSFER_DST | COLOR_ATTACHMENT bits=0x13 supported=TRANSFER_SRC | TRANSFER_DST | SAMPLED | STORAGE | COLOR_ATTACHMENT | INPUT_ATTACHMENT
NSDIAG gbuffer target target_id=1879048212 exists=true recreate=false colors=3 depth=true extent=1280x720
NSDIAG deferred-target label='deferred_lighting' gbuffer_target=1879048212 lit_target=1879048196 lit_initialized_before=false
NSDIAG vkCreateSwapchainKHR format=B8G8R8A8_SRGB usage=TRANSFER_SRC | TRANSFER_DST | COLOR_ATTACHMENT bits=0x13 supported=TRANSFER_SRC | TRANSFER_DST | SAMPLED | STORAGE | COLOR_ATTACHMENT | INPUT_ATTACHMENT
NSDIAG gbuffer target target_id=1879048212 exists=true recreate=false colors=3 depth=true extent=1280x720
NSDIAG deferred-target label='deferred_lighting' gbuffer_target=1879048212 lit_target=1879048196 lit_initialized_before=false
NSDIAG vkCreateSwapchainKHR format=B8G8R8A8_SRGB usage=TRANSFER_SRC | TRANSFER_DST | COLOR_ATTACHMENT bits=0x13 supported=TRANSFER_SRC | TRANSFER_DST | SAMPLED | STORAGE | COLOR_ATTACHMENT | INPUT_ATTACHMENT
NSDIAG gbuffer target target_id=1879048212 exists=true recreate=false colors=3 depth=true extent=1280x720
NSDIAG deferred-target label='deferred_lighting' gbuffer_target=1879048212 lit_target=1879048196 lit_initialized_before=false
NSDIAG vkCreateSwapchainKHR format=B8G8R8A8_SRGB usage=TRANSFER_SRC | TRANSFER_DST | COLOR_ATTACHMENT bits=0x13 supported=TRANSFER_SRC | TRANSFER_DST | SAMPLED | STORAGE | COLOR_ATTACHMENT | INPUT_ATTACHMENT
NSDIAG gbuffer target target_id=1879048212 exists=true recreate=false colors=3 depth=true extent=1280x720
NSDIAG deferred-target label='deferred_lighting' gbuffer_target=1879048212 lit_target=1879048196 lit_initialized_before=false
NSDIAG vkCreateSwapchainKHR format=B8G8R8A8_SRGB usage=TRANSFER_SRC | TRANSFER_DST | COLOR_ATTACHMENT bits=0x13 supported=TRANSFER_SRC | TRANSFER_DST | SAMPLED | STORAGE | COLOR_ATTACHMENT | INPUT_ATTACHMENT
NSDIAG gbuffer target target_id=1879048212 exists=true recreate=false colors=3 depth=true extent=1280x720
NSDIAG deferred-target label='deferred_lighting' gbuffer_target=1879048212 lit_target=1879048196 lit_initialized_before=false
NSDIAG vkCreateSwapchainKHR format=B8G8R8A8_SRGB usage=TRANSFER_SRC | TRANSFER_DST | COLOR_ATTACHMENT bits=0x13 supported=TRANSFER_SRC | TRANSFER_DST | SAMPLED | STORAGE | COLOR_ATTACHMENT | INPUT_ATTACHMENT
NSDIAG gbuffer target target_id=1879048212 exists=true recreate=false colors=3 depth=true extent=1280x720
NSDIAG deferred-target label='deferred_lighting' gbuffer_target=1879048212 lit_target=1879048196 lit_initialized_before=false
NSDIAG vkCreateSwapchainKHR format=B8G8R8A8_SRGB usage=TRANSFER_SRC | TRANSFER_DST | COLOR_ATTACHMENT bits=0x13 supported=TRANSFER_SRC | TRANSFER_DST | SAMPLED | STORAGE | COLOR_ATTACHMENT | INPUT_ATTACHMENT
NSDIAG gbuffer target target_id=1879048212 exists=true recreate=false colors=3 depth=true extent=1280x720
NSDIAG deferred-target label='deferred_lighting' gbuffer_target=1879048212 lit_target=1879048196 lit_initialized_before=false
NSDIAG vkCreateSwapchainKHR format=B8G8R8A8_SRGB usage=TRANSFER_SRC | TRANSFER_DST | COLOR_ATTACHMENT bits=0x13 supported=TRANSFER_SRC | TRANSFER_DST | SAMPLED | STORAGE | COLOR_ATTACHMENT | INPUT_ATTACHMENT
NSDIAG gbuffer target target_id=1879048212 exists=true recreate=false colors=3 depth=true extent=1280x720
NSDIAG deferred-target label='deferred_lighting' gbuffer_target=1879048212 lit_target=1879048196 lit_initialized_before=false
NSDIAG vkCreateSwapchainKHR format=B8G8R8A8_SRGB usage=TRANSFER_SRC | TRANSFER_DST | COLOR_ATTACHMENT bits=0x13 supported=TRANSFER_SRC | TRANSFER_DST | SAMPLED | STORAGE | COLOR_ATTACHMENT | INPUT_ATTACHMENT
NSDIAG gbuffer target target_id=1879048212 exists=true recreate=false colors=3 depth=true extent=1280x720
NSDIAG deferred-target label='deferred_lighting' gbuffer_target=1879048212 lit_target=1879048196 lit_initialized_before=false
NSDIAG vkCreateSwapchainKHR format=B8G8R8A8_SRGB usage=TRANSFER_SRC | TRANSFER_DST | COLOR_ATTACHMENT bits=0x13 supported=TRANSFER_SRC | TRANSFER_DST | SAMPLED | STORAGE | COLOR_ATTACHMENT | INPUT_ATTACHMENT
NSDIAG gbuffer target target_id=1879048212 exists=true recreate=false colors=3 depth=true extent=1280x720
NSDIAG deferred-target label='deferred_lighting' gbuffer_target=1879048212 lit_target=1879048196 lit_initialized_before=false
NSDIAG vkCreateSwapchainKHR format=B8G8R8A8_SRGB usage=TRANSFER_SRC | TRANSFER_DST | COLOR_ATTACHMENT bits=0x13 supported=TRANSFER_SRC | TRANSFER_DST | SAMPLED | STORAGE | COLOR_ATTACHMENT | INPUT_ATTACHMENT
NSDIAG gbuffer target target_id=1879048212 exists=true recreate=false colors=3 depth=true extent=1280x720
NSDIAG deferred-target label='deferred_lighting' gbuffer_target=1879048212 lit_target=1879048196 lit_initialized_before=false
NSDIAG vkCreateSwapchainKHR format=B8G8R8A8_SRGB usage=TRANSFER_SRC | TRANSFER_DST | COLOR_ATTACHMENT bits=0x13 supported=TRANSFER_SRC | TRANSFER_DST | SAMPLED | STORAGE | COLOR_ATTACHMENT | INPUT_ATTACHMENT
NSDIAG gbuffer target target_id=1879048212 exists=true recreate=false colors=3 depth=true extent=1280x720
NSDIAG deferred-target label='deferred_lighting' gbuffer_target=1879048212 lit_target=1879048196 lit_initialized_before=false
NSDIAG vkCreateSwapchainKHR format=B8G8R8A8_SRGB usage=TRANSFER_SRC | TRANSFER_DST | COLOR_ATTACHMENT bits=0x13 supported=TRANSFER_SRC | TRANSFER_DST | SAMPLED | STORAGE | COLOR_ATTACHMENT | INPUT_ATTACHMENT
NSDIAG gbuffer target target_id=1879048212 exists=true recreate=false colors=3 depth=true extent=1280x720
NSDIAG deferred-target label='deferred_lighting' gbuffer_target=1879048212 lit_target=1879048196 lit_initialized_before=false
NSDIAG vkCreateSwapchainKHR format=B8G8R8A8_SRGB usage=TRANSFER_SRC | TRANSFER_DST | COLOR_ATTACHMENT bits=0x13 supported=TRANSFER_SRC | TRANSFER_DST | SAMPLED | STORAGE | COLOR_ATTACHMENT | INPUT_ATTACHMENT
NSDIAG gbuffer target target_id=1879048212 exists=true recreate=false colors=3 depth=true extent=1280x720
NSDIAG deferred-target label='deferred_lighting' gbuffer_target=1879048212 lit_target=1879048196 lit_initialized_before=false
NSDIAG vkCreateSwapchainKHR format=B8G8R8A8_SRGB usage=TRANSFER_SRC | TRANSFER_DST | COLOR_ATTACHMENT bits=0x13 supported=TRANSFER_SRC | TRANSFER_DST | SAMPLED | STORAGE | COLOR_ATTACHMENT | INPUT_ATTACHMENT
NSDIAG gbuffer target target_id=1879048212 exists=true recreate=false colors=3 depth=true extent=1280x720
NSDIAG deferred-target label='deferred_lighting' gbuffer_target=1879048212 lit_target=1879048196 lit_initialized_before=false
NSDIAG vkCreateSwapchainKHR format=B8G8R8A8_SRGB usage=TRANSFER_SRC | TRANSFER_DST | COLOR_ATTACHMENT bits=0x13 supported=TRANSFER_SRC | TRANSFER_DST | SAMPLED | STORAGE | COLOR_ATTACHMENT | INPUT_ATTACHMENT
NSDIAG gbuffer target target_id=1879048212 exists=true recreate=false colors=3 depth=true extent=1280x720
NSDIAG deferred-target label='deferred_lighting' gbuffer_target=1879048212 lit_target=1879048196 lit_initialized_before=false
NSDIAG vkCreateSwapchainKHR format=B8G8R8A8_SRGB usage=TRANSFER_SRC | TRANSFER_DST | COLOR_ATTACHMENT bits=0x13 supported=TRANSFER_SRC | TRANSFER_DST | SAMPLED | STORAGE | COLOR_ATTACHMENT | INPUT_ATTACHMENT
NSDIAG gbuffer target target_id=1879048212 exists=true recreate=false colors=3 depth=true extent=1280x720
NSDIAG deferred-target label='deferred_lighting' gbuffer_target=1879048212 lit_target=1879048196 lit_initialized_before=false
NSDIAG vkCreateSwapchainKHR format=B8G8R8A8_SRGB usage=TRANSFER_SRC | TRANSFER_DST | COLOR_ATTACHMENT bits=0x13 supported=TRANSFER_SRC | TRANSFER_DST | SAMPLED | STORAGE | COLOR_ATTACHMENT | INPUT_ATTACHMENT
NSDIAG gbuffer target target_id=1879048212 exists=true recreate=false colors=3 depth=true extent=1280x720
NSDIAG deferred-target label='deferred_lighting' gbuffer_target=1879048212 lit_target=1879048196 lit_initialized_before=false
NSDIAG vkCreateSwapchainKHR format=B8G8R8A8_SRGB usage=TRANSFER_SRC | TRANSFER_DST | COLOR_ATTACHMENT bits=0x13 supported=TRANSFER_SRC | TRANSFER_DST | SAMPLED | STORAGE | COLOR_ATTACHMENT | INPUT_ATTACHMENT
NSDIAG gbuffer target target_id=1879048212 exists=true recreate=false colors=3 depth=true extent=1280x720
NSDIAG deferred-target label='deferred_lighting' gbuffer_target=1879048212 lit_target=1879048196 lit_initialized_before=false
NSDIAG vkCreateSwapchainKHR format=B8G8R8A8_SRGB usage=TRANSFER_SRC | TRANSFER_DST | COLOR_ATTACHMENT bits=0x13 supported=TRANSFER_SRC | TRANSFER_DST | SAMPLED | STORAGE | COLOR_ATTACHMENT | INPUT_ATTACHMENT
NSDIAG gbuffer target target_id=1879048212 exists=true recreate=false colors=3 depth=true extent=1280x720
NSDIAG deferred-target label='deferred_lighting' gbuffer_target=1879048212 lit_target=1879048196 lit_initialized_before=false
NSDIAG vkCreateSwapchainKHR format=B8G8R8A8_SRGB usage=TRANSFER_SRC | TRANSFER_DST | COLOR_ATTACHMENT bits=0x13 supported=TRANSFER_SRC | TRANSFER_DST | SAMPLED | STORAGE | COLOR_ATTACHMENT | INPUT_ATTACHMENT
NSDIAG gbuffer target target_id=1879048212 exists=true recreate=false colors=3 depth=true extent=1280x720
NSDIAG deferred-target label='deferred_lighting' gbuffer_target=1879048212 lit_target=1879048196 lit_initialized_before=false
NSDIAG vkCreateSwapchainKHR format=B8G8R8A8_SRGB usage=TRANSFER_SRC | TRANSFER_DST | COLOR_ATTACHMENT bits=0x13 supported=TRANSFER_SRC | TRANSFER_DST | SAMPLED | STORAGE | COLOR_ATTACHMENT | INPUT_ATTACHMENT
NSDIAG gbuffer target target_id=1879048212 exists=true recreate=false colors=3 depth=true extent=1280x720
NSDIAG deferred-target label='deferred_lighting' gbuffer_target=1879048212 lit_target=1879048196 lit_initialized_before=false
NSDIAG vkCreateSwapchainKHR format=B8G8R8A8_SRGB usage=TRANSFER_SRC | TRANSFER_DST | COLOR_ATTACHMENT bits=0x13 supported=TRANSFER_SRC | TRANSFER_DST | SAMPLED | STORAGE | COLOR_ATTACHMENT | INPUT_ATTACHMENT
NSDIAG gbuffer target target_id=1879048212 exists=true recreate=false colors=3 depth=true extent=1280x720
NSDIAG deferred-target label='deferred_lighting' gbuffer_target=1879048212 lit_target=1879048196 lit_initialized_before=false
NSDIAG vkCreateSwapchainKHR format=B8G8R8A8_SRGB usage=TRANSFER_SRC | TRANSFER_DST | COLOR_ATTACHMENT bits=0x13 supported=TRANSFER_SRC | TRANSFER_DST | SAMPLED | STORAGE | COLOR_ATTACHMENT | INPUT_ATTACHMENT
NSDIAG gbuffer target target_id=1879048212 exists=true recreate=false colors=3 depth=true extent=1280x720
NSDIAG deferred-target label='deferred_lighting' gbuffer_target=1879048212 lit_target=1879048196 lit_initialized_before=false
NSDIAG vkCreateSwapchainKHR format=B8G8R8A8_SRGB usage=TRANSFER_SRC | TRANSFER_DST | COLOR_ATTACHMENT bits=0x13 supported=TRANSFER_SRC | TRANSFER_DST | SAMPLED | STORAGE | COLOR_ATTACHMENT | INPUT_ATTACHMENT
NSDIAG gbuffer target target_id=1879048212 exists=true recreate=false colors=3 depth=true extent=1280x720
NSDIAG deferred-target label='deferred_lighting' gbuffer_target=1879048212 lit_target=1879048196 lit_initialized_before=false
NSDIAG vkCreateSwapchainKHR format=B8G8R8A8_SRGB usage=TRANSFER_SRC | TRANSFER_DST | COLOR_ATTACHMENT bits=0x13 supported=TRANSFER_SRC | TRANSFER_DST | SAMPLED | STORAGE | COLOR_ATTACHMENT | INPUT_ATTACHMENT
NSDIAG gbuffer target target_id=1879048212 exists=true recreate=false colors=3 depth=true extent=1280x720
NSDIAG deferred-target label='deferred_lighting' gbuffer_target=1879048212 lit_target=1879048196 lit_initialized_before=false
NSDIAG vkCreateSwapchainKHR format=B8G8R8A8_SRGB usage=TRANSFER_SRC | TRANSFER_DST | COLOR_ATTACHMENT bits=0x13 supported=TRANSFER_SRC | TRANSFER_DST | SAMPLED | STORAGE | COLOR_ATTACHMENT | INPUT_ATTACHMENT
NSDIAG gbuffer target target_id=1879048212 exists=true recreate=false colors=3 depth=true extent=1280x720
NSDIAG deferred-target label='deferred_lighting' gbuffer_target=1879048212 lit_target=1879048196 lit_initialized_before=false
NSDIAG vkCreateSwapchainKHR format=B8G8R8A8_SRGB usage=TRANSFER_SRC | TRANSFER_DST | COLOR_ATTACHMENT bits=0x13 supported=TRANSFER_SRC | TRANSFER_DST | SAMPLED | STORAGE | COLOR_ATTACHMENT | INPUT_ATTACHMENT
NSDIAG gbuffer target target_id=1879048212 exists=true recreate=false colors=3 depth=true extent=1280x720
NSDIAG deferred-target label='deferred_lighting' gbuffer_target=1879048212 lit_target=1879048196 lit_initialized_before=false
NSDIAG vkCreateSwapchainKHR format=B8G8R8A8_SRGB usage=TRANSFER_SRC | TRANSFER_DST | COLOR_ATTACHMENT bits=0x13 supported=TRANSFER_SRC | TRANSFER_DST | SAMPLED | STORAGE | COLOR_ATTACHMENT | INPUT_ATTACHMENT
NSDIAG gbuffer target target_id=1879048212 exists=true recreate=false colors=3 depth=true extent=1280x720
NSDIAG deferred-target label='deferred_lighting' gbuffer_target=1879048212 lit_target=1879048196 lit_initialized_before=false
NSDIAG vkCreateSwapchainKHR format=B8G8R8A8_SRGB usage=TRANSFER_SRC | TRANSFER_DST | COLOR_ATTACHMENT bits=0x13 supported=TRANSFER_SRC | TRANSFER_DST | SAMPLED | STORAGE | COLOR_ATTACHMENT | INPUT_ATTACHMENT
NSDIAG gbuffer target target_id=1879048212 exists=true recreate=false colors=3 depth=true extent=1280x720
NSDIAG graph-pass begin frame=870 id=120 label='shadow_cascade_map' kind=ShadowCascadeMap queue=Graphics draws=164
NSDIAG graph-pass end frame=870 id=120 label='shadow_cascade_map' kind=ShadowCascadeMap ok=true
NSDIAG graph-pass begin frame=870 id=560 label='particle_simulation' kind=ParticleSimulation queue=Compute draws=0
NSDIAG graph-pass end frame=870 id=560 label='particle_simulation' kind=ParticleSimulation ok=true
NSDIAG graph-pass begin frame=870 id=300 label='viewport_gbuffer' kind=GBuffer queue=Graphics draws=16
NSDIAG graph-pass end frame=870 id=300 label='viewport_gbuffer' kind=GBuffer ok=true
NSDIAG graph-pass begin frame=870 id=400 label='deferred_lighting' kind=DeferredLighting queue=Graphics draws=0
NSDIAG deferred-target label='deferred_lighting' gbuffer_target=1879048212 lit_target=1879048196 lit_initialized_before=false
NSDIAG graph-pass end frame=870 id=400 label='deferred_lighting' kind=DeferredLighting ok=false
NSDIAG vkCreateSwapchainKHR format=B8G8R8A8_SRGB usage=TRANSFER_SRC | TRANSFER_DST | COLOR_ATTACHMENT bits=0x13 supported=TRANSFER_SRC | TRANSFER_DST | SAMPLED | STORAGE | COLOR_ATTACHMENT | INPUT_ATTACHMENT
NSDIAG gbuffer target target_id=1879048212 exists=true recreate=false colors=3 depth=true extent=1280x720
NSDIAG deferred-target label='deferred_lighting' gbuffer_target=1879048212 lit_target=1879048196 lit_initialized_before=false
NSDIAG vkCreateSwapchainKHR format=B8G8R8A8_SRGB usage=TRANSFER_SRC | TRANSFER_DST | COLOR_ATTACHMENT bits=0x13 supported=TRANSFER_SRC | TRANSFER_DST | SAMPLED | STORAGE | COLOR_ATTACHMENT | INPUT_ATTACHMENT
NSDIAG gbuffer target target_id=1879048212 exists=true recreate=false colors=3 depth=true extent=1280x720
NSDIAG deferred-target label='deferred_lighting' gbuffer_target=1879048212 lit_target=1879048196 lit_initialized_before=false
NSDIAG vkCreateSwapchainKHR format=B8G8R8A8_SRGB usage=TRANSFER_SRC | TRANSFER_DST | COLOR_ATTACHMENT bits=0x13 supported=TRANSFER_SRC | TRANSFER_DST | SAMPLED | STORAGE | COLOR_ATTACHMENT | INPUT_ATTACHMENT
NSDIAG gbuffer target target_id=1879048212 exists=true recreate=false colors=3 depth=true extent=1280x720
NSDIAG deferred-target label='deferred_lighting' gbuffer_target=1879048212 lit_target=1879048196 lit_initialized_before=false
NSDIAG vkCreateSwapchainKHR format=B8G8R8A8_SRGB usage=TRANSFER_SRC | TRANSFER_DST | COLOR_ATTACHMENT bits=0x13 supported=TRANSFER_SRC | TRANSFER_DST | SAMPLED | STORAGE | COLOR_ATTACHMENT | INPUT_ATTACHMENT
NSDIAG gbuffer target target_id=1879048212 exists=true recreate=false colors=3 depth=true extent=1280x720
NSDIAG deferred-target label='deferred_lighting' gbuffer_target=1879048212 lit_target=1879048196 lit_initialized_before=false
NSDIAG vkCreateSwapchainKHR format=B8G8R8A8_SRGB usage=TRANSFER_SRC | TRANSFER_DST | COLOR_ATTACHMENT bits=0x13 supported=TRANSFER_SRC | TRANSFER_DST | SAMPLED | STORAGE | COLOR_ATTACHMENT | INPUT_ATTACHMENT
NSDIAG gbuffer target target_id=1879048212 exists=true recreate=false colors=3 depth=true extent=1280x720
NSDIAG deferred-target label='deferred_lighting' gbuffer_target=1879048212 lit_target=1879048196 lit_initialized_before=false
NSDIAG vkCreateSwapchainKHR format=B8G8R8A8_SRGB usage=TRANSFER_SRC | TRANSFER_DST | COLOR_ATTACHMENT bits=0x13 supported=TRANSFER_SRC | TRANSFER_DST | SAMPLED | STORAGE | COLOR_ATTACHMENT | INPUT_ATTACHMENT
NSDIAG gbuffer target target_id=1879048212 exists=true recreate=false colors=3 depth=true extent=1280x720
NSDIAG deferred-target label='deferred_lighting' gbuffer_target=1879048212 lit_target=1879048196 lit_initialized_before=false
NSDIAG vkCreateSwapchainKHR format=B8G8R8A8_SRGB usage=TRANSFER_SRC | TRANSFER_DST | COLOR_ATTACHMENT bits=0x13 supported=TRANSFER_SRC | TRANSFER_DST | SAMPLED | STORAGE | COLOR_ATTACHMENT | INPUT_ATTACHMENT
NSDIAG gbuffer target target_id=1879048212 exists=true recreate=false colors=3 depth=true extent=1280x720
NSDIAG deferred-target label='deferred_lighting' gbuffer_target=1879048212 lit_target=1879048196 lit_initialized_before=false
NSDIAG vkCreateSwapchainKHR format=B8G8R8A8_SRGB usage=TRANSFER_SRC | TRANSFER_DST | COLOR_ATTACHMENT bits=0x13 supported=TRANSFER_SRC | TRANSFER_DST | SAMPLED | STORAGE | COLOR_ATTACHMENT | INPUT_ATTACHMENT
NSDIAG gbuffer target target_id=1879048212 exists=true recreate=false colors=3 depth=true extent=1280x720
NSDIAG deferred-target label='deferred_lighting' gbuffer_target=1879048212 lit_target=1879048196 lit_initialized_before=false
NSDIAG vkCreateSwapchainKHR format=B8G8R8A8_SRGB usage=TRANSFER_SRC | TRANSFER_DST | COLOR_ATTACHMENT bits=0x13 supported=TRANSFER_SRC | TRANSFER_DST | SAMPLED | STORAGE | COLOR_ATTACHMENT | INPUT_ATTACHMENT
NSDIAG gbuffer target target_id=1879048212 exists=true recreate=false colors=3 depth=true extent=1280x720
NSDIAG deferred-target label='deferred_lighting' gbuffer_target=1879048212 lit_target=1879048196 lit_initialized_before=false
NSDIAG vkCreateSwapchainKHR format=B8G8R8A8_SRGB usage=TRANSFER_SRC | TRANSFER_DST | COLOR_ATTACHMENT bits=0x13 supported=TRANSFER_SRC | TRANSFER_DST | SAMPLED | STORAGE | COLOR_ATTACHMENT | INPUT_ATTACHMENT
NSDIAG gbuffer target target_id=1879048212 exists=true recreate=false colors=3 depth=true extent=1280x720
NSDIAG deferred-target label='deferred_lighting' gbuffer_target=1879048212 lit_target=1879048196 lit_initialized_before=false
NSDIAG vkCreateSwapchainKHR format=B8G8R8A8_SRGB usage=TRANSFER_SRC | TRANSFER_DST | COLOR_ATTACHMENT bits=0x13 supported=TRANSFER_SRC | TRANSFER_DST | SAMPLED | STORAGE | COLOR_ATTACHMENT | INPUT_ATTACHMENT
NSDIAG gbuffer target target_id=1879048212 exists=true recreate=false colors=3 depth=true extent=1280x720
NSDIAG deferred-target label='deferred_lighting' gbuffer_target=1879048212 lit_target=1879048196 lit_initialized_before=false
NSDIAG vkCreateSwapchainKHR format=B8G8R8A8_SRGB usage=TRANSFER_SRC | TRANSFER_DST | COLOR_ATTACHMENT bits=0x13 supported=TRANSFER_SRC | TRANSFER_DST | SAMPLED | STORAGE | COLOR_ATTACHMENT | INPUT_ATTACHMENT
NSDIAG gbuffer target target_id=1879048212 exists=true recreate=false colors=3 depth=true extent=1280x720
NSDIAG deferred-target label='deferred_lighting' gbuffer_target=1879048212 lit_target=1879048196 lit_initialized_before=false
NSDIAG vkCreateSwapchainKHR format=B8G8R8A8_SRGB usage=TRANSFER_SRC | TRANSFER_DST | COLOR_ATTACHMENT bits=0x13 supported=TRANSFER_SRC | TRANSFER_DST | SAMPLED | STORAGE | COLOR_ATTACHMENT | INPUT_ATTACHMENT
NSDIAG gbuffer target target_id=1879048212 exists=true recreate=false colors=3 depth=true extent=1280x720
NSDIAG deferred-target label='deferred_lighting' gbuffer_target=1879048212 lit_target=1879048196 lit_initialized_before=false
NSDIAG vkCreateSwapchainKHR format=B8G8R8A8_SRGB usage=TRANSFER_SRC | TRANSFER_DST | COLOR_ATTACHMENT bits=0x13 supported=TRANSFER_SRC | TRANSFER_DST | SAMPLED | STORAGE | COLOR_ATTACHMENT | INPUT_ATTACHMENT
NSDIAG gbuffer target target_id=1879048212 exists=true recreate=false colors=3 depth=true extent=1280x720
NSDIAG deferred-target label='deferred_lighting' gbuffer_target=1879048212 lit_target=1879048196 lit_initialized_before=false
NSDIAG vkCreateSwapchainKHR format=B8G8R8A8_SRGB usage=TRANSFER_SRC | TRANSFER_DST | COLOR_ATTACHMENT bits=0x13 supported=TRANSFER_SRC | TRANSFER_DST | SAMPLED | STORAGE | COLOR_ATTACHMENT | INPUT_ATTACHMENT
NSDIAG gbuffer target target_id=1879048212 exists=true recreate=false colors=3 depth=true extent=1280x720
NSDIAG deferred-target label='deferred_lighting' gbuffer_target=1879048212 lit_target=1879048196 lit_initialized_before=false
NSDIAG vkCreateSwapchainKHR format=B8G8R8A8_SRGB usage=TRANSFER_SRC | TRANSFER_DST | COLOR_ATTACHMENT bits=0x13 supported=TRANSFER_SRC | TRANSFER_DST | SAMPLED | STORAGE | COLOR_ATTACHMENT | INPUT_ATTACHMENT
NSDIAG gbuffer target target_id=1879048212 exists=true recreate=false colors=3 depth=true extent=1280x720
NSDIAG deferred-target label='deferred_lighting' gbuffer_target=1879048212 lit_target=1879048196 lit_initialized_before=false
NSDIAG vkCreateSwapchainKHR format=B8G8R8A8_SRGB usage=TRANSFER_SRC | TRANSFER_DST | COLOR_ATTACHMENT bits=0x13 supported=TRANSFER_SRC | TRANSFER_DST | SAMPLED | STORAGE | COLOR_ATTACHMENT | INPUT_ATTACHMENT
NSDIAG gbuffer target target_id=1879048212 exists=true recreate=false colors=3 depth=true extent=1280x720
NSDIAG deferred-target label='deferred_lighting' gbuffer_target=1879048212 lit_target=1879048196 lit_initialized_before=false
NSDIAG vkCreateSwapchainKHR format=B8G8R8A8_SRGB usage=TRANSFER_SRC | TRANSFER_DST | COLOR_ATTACHMENT bits=0x13 supported=TRANSFER_SRC | TRANSFER_DST | SAMPLED | STORAGE | COLOR_ATTACHMENT | INPUT_ATTACHMENT
NSDIAG gbuffer target target_id=1879048212 exists=true recreate=false colors=3 depth=true extent=1280x720
NSDIAG deferred-target label='deferred_lighting' gbuffer_target=1879048212 lit_target=1879048196 lit_initialized_before=false
NSDIAG vkCreateSwapchainKHR format=B8G8R8A8_SRGB usage=TRANSFER_SRC | TRANSFER_DST | COLOR_ATTACHMENT bits=0x13 supported=TRANSFER_SRC | TRANSFER_DST | SAMPLED | STORAGE | COLOR_ATTACHMENT | INPUT_ATTACHMENT
NSDIAG gbuffer target target_id=1879048212 exists=true recreate=false colors=3 depth=true extent=1280x720
NSDIAG deferred-target label='deferred_lighting' gbuffer_target=1879048212 lit_target=1879048196 lit_initialized_before=false
NSDIAG vkCreateSwapchainKHR format=B8G8R8A8_SRGB usage=TRANSFER_SRC | TRANSFER_DST | COLOR_ATTACHMENT bits=0x13 supported=TRANSFER_SRC | TRANSFER_DST | SAMPLED | STORAGE | COLOR_ATTACHMENT | INPUT_ATTACHMENT
NSDIAG gbuffer target target_id=1879048212 exists=true recreate=false colors=3 depth=true extent=1280x720
NSDIAG deferred-target label='deferred_lighting' gbuffer_target=1879048212 lit_target=1879048196 lit_initialized_before=false
NSDIAG vkCreateSwapchainKHR format=B8G8R8A8_SRGB usage=TRANSFER_SRC | TRANSFER_DST | COLOR_ATTACHMENT bits=0x13 supported=TRANSFER_SRC | TRANSFER_DST | SAMPLED | STORAGE | COLOR_ATTACHMENT | INPUT_ATTACHMENT
NSDIAG gbuffer target target_id=1879048212 exists=true recreate=false colors=3 depth=true extent=1280x720
NSDIAG deferred-target label='deferred_lighting' gbuffer_target=1879048212 lit_target=1879048196 lit_initialized_before=false
NSDIAG vkCreateSwapchainKHR format=B8G8R8A8_SRGB usage=TRANSFER_SRC | TRANSFER_DST | COLOR_ATTACHMENT bits=0x13 supported=TRANSFER_SRC | TRANSFER_DST | SAMPLED | STORAGE | COLOR_ATTACHMENT | INPUT_ATTACHMENT
NSDIAG gbuffer target target_id=1879048212 exists=true recreate=false colors=3 depth=true extent=1280x720
NSDIAG deferred-target label='deferred_lighting' gbuffer_target=1879048212 lit_target=1879048196 lit_initialized_before=false
NSDIAG vkCreateSwapchainKHR format=B8G8R8A8_SRGB usage=TRANSFER_SRC | TRANSFER_DST | COLOR_ATTACHMENT bits=0x13 supported=TRANSFER_SRC | TRANSFER_DST | SAMPLED | STORAGE | COLOR_ATTACHMENT | INPUT_ATTACHMENT
NSDIAG gbuffer target target_id=1879048212 exists=true recreate=false colors=3 depth=true extent=1280x720
NSDIAG deferred-target label='deferred_lighting' gbuffer_target=1879048212 lit_target=1879048196 lit_initialized_before=false
NSDIAG vkCreateSwapchainKHR format=B8G8R8A8_SRGB usage=TRANSFER_SRC | TRANSFER_DST | COLOR_ATTACHMENT bits=0x13 supported=TRANSFER_SRC | TRANSFER_DST | SAMPLED | STORAGE | COLOR_ATTACHMENT | INPUT_ATTACHMENT
NSDIAG gbuffer target target_id=1879048212 exists=true recreate=false colors=3 depth=true extent=1280x720
NSDIAG deferred-target label='deferred_lighting' gbuffer_target=1879048212 lit_target=1879048196 lit_initialized_before=false
NSDIAG vkCreateSwapchainKHR format=B8G8R8A8_SRGB usage=TRANSFER_SRC | TRANSFER_DST | COLOR_ATTACHMENT bits=0x13 supported=TRANSFER_SRC | TRANSFER_DST | SAMPLED | STORAGE | COLOR_ATTACHMENT | INPUT_ATTACHMENT
NSDIAG gbuffer target target_id=1879048212 exists=true recreate=false colors=3 depth=true extent=1280x720
NSDIAG deferred-target label='deferred_lighting' gbuffer_target=1879048212 lit_target=1879048196 lit_initialized_before=false
NSDIAG vkCreateSwapchainKHR format=B8G8R8A8_SRGB usage=TRANSFER_SRC | TRANSFER_DST | COLOR_ATTACHMENT bits=0x13 supported=TRANSFER_SRC | TRANSFER_DST | SAMPLED | STORAGE | COLOR_ATTACHMENT | INPUT_ATTACHMENT
NSDIAG gbuffer target target_id=1879048212 exists=true recreate=false colors=3 depth=true extent=1280x720
NSDIAG deferred-target label='deferred_lighting' gbuffer_target=1879048212 lit_target=1879048196 lit_initialized_before=false
NSDIAG vkCreateSwapchainKHR format=B8G8R8A8_SRGB usage=TRANSFER_SRC | TRANSFER_DST | COLOR_ATTACHMENT bits=0x13 supported=TRANSFER_SRC | TRANSFER_DST | SAMPLED | STORAGE | COLOR_ATTACHMENT | INPUT_ATTACHMENT
NSDIAG gbuffer target target_id=1879048212 exists=true recreate=false colors=3 depth=true extent=1280x720
NSDIAG deferred-target label='deferred_lighting' gbuffer_target=1879048212 lit_target=1879048196 lit_initialized_before=false
NSDIAG vkCreateSwapchainKHR format=B8G8R8A8_SRGB usage=TRANSFER_SRC | TRANSFER_DST | COLOR_ATTACHMENT bits=0x13 supported=TRANSFER_SRC | TRANSFER_DST | SAMPLED | STORAGE | COLOR_ATTACHMENT | INPUT_ATTACHMENT
NSDIAG gbuffer target target_id=1879048212 exists=true recreate=false colors=3 depth=true extent=1280x720
NSDIAG deferred-target label='deferred_lighting' gbuffer_target=1879048212 lit_target=1879048196 lit_initialized_before=false
NSDIAG vkCreateSwapchainKHR format=B8G8R8A8_SRGB usage=TRANSFER_SRC | TRANSFER_DST | COLOR_ATTACHMENT bits=0x13 supported=TRANSFER_SRC | TRANSFER_DST | SAMPLED | STORAGE | COLOR_ATTACHMENT | INPUT_ATTACHMENT
NSDIAG gbuffer target target_id=1879048212 exists=true recreate=false colors=3 depth=true extent=1280x720
NSDIAG deferred-target label='deferred_lighting' gbuffer_target=1879048212 lit_target=1879048196 lit_initialized_before=false
NSDIAG vkCreateSwapchainKHR format=B8G8R8A8_SRGB usage=TRANSFER_SRC | TRANSFER_DST | COLOR_ATTACHMENT bits=0x13 supported=TRANSFER_SRC | TRANSFER_DST | SAMPLED | STORAGE | COLOR_ATTACHMENT | INPUT_ATTACHMENT
NSDIAG gbuffer target target_id=1879048212 exists=true recreate=false colors=3 depth=true extent=1280x720
NSDIAG graph-pass begin frame=900 id=120 label='shadow_cascade_map' kind=ShadowCascadeMap queue=Graphics draws=164
NSDIAG graph-pass end frame=900 id=120 label='shadow_cascade_map' kind=ShadowCascadeMap ok=true
NSDIAG graph-pass begin frame=900 id=560 label='particle_simulation' kind=ParticleSimulation queue=Compute draws=0
NSDIAG graph-pass end frame=900 id=560 label='particle_simulation' kind=ParticleSimulation ok=true
NSDIAG graph-pass begin frame=900 id=300 label='viewport_gbuffer' kind=GBuffer queue=Graphics draws=16
NSDIAG graph-pass end frame=900 id=300 label='viewport_gbuffer' kind=GBuffer ok=true
NSDIAG graph-pass begin frame=900 id=400 label='deferred_lighting' kind=DeferredLighting queue=Graphics draws=0
NSDIAG deferred-target label='deferred_lighting' gbuffer_target=1879048212 lit_target=1879048196 lit_initialized_before=false
NSDIAG graph-pass end frame=900 id=400 label='deferred_lighting' kind=DeferredLighting ok=false
NSDIAG vkCreateSwapchainKHR format=B8G8R8A8_SRGB usage=TRANSFER_SRC | TRANSFER_DST | COLOR_ATTACHMENT bits=0x13 supported=TRANSFER_SRC | TRANSFER_DST | SAMPLED | STORAGE | COLOR_ATTACHMENT | INPUT_ATTACHMENT
NSDIAG gbuffer target target_id=1879048212 exists=true recreate=false colors=3 depth=true extent=1280x720
NSDIAG deferred-target label='deferred_lighting' gbuffer_target=1879048212 lit_target=1879048196 lit_initialized_before=false
NSDIAG vkCreateSwapchainKHR format=B8G8R8A8_SRGB usage=TRANSFER_SRC | TRANSFER_DST | COLOR_ATTACHMENT bits=0x13 supported=TRANSFER_SRC | TRANSFER_DST | SAMPLED | STORAGE | COLOR_ATTACHMENT | INPUT_ATTACHMENT
NSDIAG gbuffer target target_id=1879048212 exists=true recreate=false colors=3 depth=true extent=1280x720
NSDIAG deferred-target label='deferred_lighting' gbuffer_target=1879048212 lit_target=1879048196 lit_initialized_before=false
NSDIAG vkCreateSwapchainKHR format=B8G8R8A8_SRGB usage=TRANSFER_SRC | TRANSFER_DST | COLOR_ATTACHMENT bits=0x13 supported=TRANSFER_SRC | TRANSFER_DST | SAMPLED | STORAGE | COLOR_ATTACHMENT | INPUT_ATTACHMENT
NSDIAG gbuffer target target_id=1879048212 exists=true recreate=false colors=3 depth=true extent=1280x720
NSDIAG deferred-target label='deferred_lighting' gbuffer_target=1879048212 lit_target=1879048196 lit_initialized_before=false
NSDIAG vkCreateSwapchainKHR format=B8G8R8A8_SRGB usage=TRANSFER_SRC | TRANSFER_DST | COLOR_ATTACHMENT bits=0x13 supported=TRANSFER_SRC | TRANSFER_DST | SAMPLED | STORAGE | COLOR_ATTACHMENT | INPUT_ATTACHMENT
NSDIAG gbuffer target target_id=1879048212 exists=true recreate=false colors=3 depth=true extent=1280x720
NSDIAG deferred-target label='deferred_lighting' gbuffer_target=1879048212 lit_target=1879048196 lit_initialized_before=false
NSDIAG vkCreateSwapchainKHR format=B8G8R8A8_SRGB usage=TRANSFER_SRC | TRANSFER_DST | COLOR_ATTACHMENT bits=0x13 supported=TRANSFER_SRC | TRANSFER_DST | SAMPLED | STORAGE | COLOR_ATTACHMENT | INPUT_ATTACHMENT
NSDIAG gbuffer target target_id=1879048212 exists=true recreate=false colors=3 depth=true extent=1280x720
NSDIAG deferred-target label='deferred_lighting' gbuffer_target=1879048212 lit_target=1879048196 lit_initialized_before=false
NSDIAG vkCreateSwapchainKHR format=B8G8R8A8_SRGB usage=TRANSFER_SRC | TRANSFER_DST | COLOR_ATTACHMENT bits=0x13 supported=TRANSFER_SRC | TRANSFER_DST | SAMPLED | STORAGE | COLOR_ATTACHMENT | INPUT_ATTACHMENT
NSDIAG gbuffer target target_id=1879048212 exists=true recreate=false colors=3 depth=true extent=1280x720
NSDIAG deferred-target label='deferred_lighting' gbuffer_target=1879048212 lit_target=1879048196 lit_initialized_before=false
NSDIAG vkCreateSwapchainKHR format=B8G8R8A8_SRGB usage=TRANSFER_SRC | TRANSFER_DST | COLOR_ATTACHMENT bits=0x13 supported=TRANSFER_SRC | TRANSFER_DST | SAMPLED | STORAGE | COLOR_ATTACHMENT | INPUT_ATTACHMENT
NSDIAG gbuffer target target_id=1879048212 exists=true recreate=false colors=3 depth=true extent=1280x720
NSDIAG deferred-target label='deferred_lighting' gbuffer_target=1879048212 lit_target=1879048196 lit_initialized_before=false
NSDIAG vkCreateSwapchainKHR format=B8G8R8A8_SRGB usage=TRANSFER_SRC | TRANSFER_DST | COLOR_ATTACHMENT bits=0x13 supported=TRANSFER_SRC | TRANSFER_DST | SAMPLED | STORAGE | COLOR_ATTACHMENT | INPUT_ATTACHMENT
NSDIAG gbuffer target target_id=1879048212 exists=true recreate=false colors=3 depth=true extent=1280x720
NSDIAG deferred-target label='deferred_lighting' gbuffer_target=1879048212 lit_target=1879048196 lit_initialized_before=false
NSDIAG vkCreateSwapchainKHR format=B8G8R8A8_SRGB usage=TRANSFER_SRC | TRANSFER_DST | COLOR_ATTACHMENT bits=0x13 supported=TRANSFER_SRC | TRANSFER_DST | SAMPLED | STORAGE | COLOR_ATTACHMENT | INPUT_ATTACHMENT
NSDIAG gbuffer target target_id=1879048212 exists=true recreate=false colors=3 depth=true extent=1280x720
NSDIAG deferred-target label='deferred_lighting' gbuffer_target=1879048212 lit_target=1879048196 lit_initialized_before=false
NSDIAG vkCreateSwapchainKHR format=B8G8R8A8_SRGB usage=TRANSFER_SRC | TRANSFER_DST | COLOR_ATTACHMENT bits=0x13 supported=TRANSFER_SRC | TRANSFER_DST | SAMPLED | STORAGE | COLOR_ATTACHMENT | INPUT_ATTACHMENT
NSDIAG gbuffer target target_id=1879048212 exists=true recreate=false colors=3 depth=true extent=1280x720
NSDIAG deferred-target label='deferred_lighting' gbuffer_target=1879048212 lit_target=1879048196 lit_initialized_before=false
NSDIAG vkCreateSwapchainKHR format=B8G8R8A8_SRGB usage=TRANSFER_SRC | TRANSFER_DST | COLOR_ATTACHMENT bits=0x13 supported=TRANSFER_SRC | TRANSFER_DST | SAMPLED | STORAGE | COLOR_ATTACHMENT | INPUT_ATTACHMENT
NSDIAG gbuffer target target_id=1879048212 exists=true recreate=false colors=3 depth=true extent=1280x720
NSDIAG deferred-target label='deferred_lighting' gbuffer_target=1879048212 lit_target=1879048196 lit_initialized_before=false
NSDIAG vkCreateSwapchainKHR format=B8G8R8A8_SRGB usage=TRANSFER_SRC | TRANSFER_DST | COLOR_ATTACHMENT bits=0x13 supported=TRANSFER_SRC | TRANSFER_DST | SAMPLED | STORAGE | COLOR_ATTACHMENT | INPUT_ATTACHMENT
NSDIAG gbuffer target target_id=1879048212 exists=true recreate=false colors=3 depth=true extent=1280x720
NSDIAG deferred-target label='deferred_lighting' gbuffer_target=1879048212 lit_target=1879048196 lit_initialized_before=false
NSDIAG vkCreateSwapchainKHR format=B8G8R8A8_SRGB usage=TRANSFER_SRC | TRANSFER_DST | COLOR_ATTACHMENT bits=0x13 supported=TRANSFER_SRC | TRANSFER_DST | SAMPLED | STORAGE | COLOR_ATTACHMENT | INPUT_ATTACHMENT
NSDIAG gbuffer target target_id=1879048212 exists=true recreate=false colors=3 depth=true extent=1280x720
NSDIAG deferred-target label='deferred_lighting' gbuffer_target=1879048212 lit_target=1879048196 lit_initialized_before=false
NSDIAG vkCreateSwapchainKHR format=B8G8R8A8_SRGB usage=TRANSFER_SRC | TRANSFER_DST | COLOR_ATTACHMENT bits=0x13 supported=TRANSFER_SRC | TRANSFER_DST | SAMPLED | STORAGE | COLOR_ATTACHMENT | INPUT_ATTACHMENT
NSDIAG gbuffer target target_id=1879048212 exists=true recreate=false colors=3 depth=true extent=1280x720
NSDIAG deferred-target label='deferred_lighting' gbuffer_target=1879048212 lit_target=1879048196 lit_initialized_before=false
NSDIAG vkCreateSwapchainKHR format=B8G8R8A8_SRGB usage=TRANSFER_SRC | TRANSFER_DST | COLOR_ATTACHMENT bits=0x13 supported=TRANSFER_SRC | TRANSFER_DST | SAMPLED | STORAGE | COLOR_ATTACHMENT | INPUT_ATTACHMENT
NSDIAG gbuffer target target_id=1879048212 exists=true recreate=false colors=3 depth=true extent=1280x720
NSDIAG deferred-target label='deferred_lighting' gbuffer_target=1879048212 lit_target=1879048196 lit_initialized_before=false
NSDIAG vkCreateSwapchainKHR format=B8G8R8A8_SRGB usage=TRANSFER_SRC | TRANSFER_DST | COLOR_ATTACHMENT bits=0x13 supported=TRANSFER_SRC | TRANSFER_DST | SAMPLED | STORAGE | COLOR_ATTACHMENT | INPUT_ATTACHMENT
NSDIAG gbuffer target target_id=1879048212 exists=true recreate=false colors=3 depth=true extent=1280x720
NSDIAG deferred-target label='deferred_lighting' gbuffer_target=1879048212 lit_target=1879048196 lit_initialized_before=false
NSDIAG vkCreateSwapchainKHR format=B8G8R8A8_SRGB usage=TRANSFER_SRC | TRANSFER_DST | COLOR_ATTACHMENT bits=0x13 supported=TRANSFER_SRC | TRANSFER_DST | SAMPLED | STORAGE | COLOR_ATTACHMENT | INPUT_ATTACHMENT
NSDIAG gbuffer target target_id=1879048212 exists=true recreate=false colors=3 depth=true extent=1280x720
NSDIAG deferred-target label='deferred_lighting' gbuffer_target=1879048212 lit_target=1879048196 lit_initialized_before=false
NSDIAG vkCreateSwapchainKHR format=B8G8R8A8_SRGB usage=TRANSFER_SRC | TRANSFER_DST | COLOR_ATTACHMENT bits=0x13 supported=TRANSFER_SRC | TRANSFER_DST | SAMPLED | STORAGE | COLOR_ATTACHMENT | INPUT_ATTACHMENT
NSDIAG gbuffer target target_id=1879048212 exists=true recreate=false colors=3 depth=true extent=1280x720
NSDIAG deferred-target label='deferred_lighting' gbuffer_target=1879048212 lit_target=1879048196 lit_initialized_before=false
NSDIAG vkCreateSwapchainKHR format=B8G8R8A8_SRGB usage=TRANSFER_SRC | TRANSFER_DST | COLOR_ATTACHMENT bits=0x13 supported=TRANSFER_SRC | TRANSFER_DST | SAMPLED | STORAGE | COLOR_ATTACHMENT | INPUT_ATTACHMENT
NSDIAG gbuffer target target_id=1879048212 exists=true recreate=false colors=3 depth=true extent=1280x720
NSDIAG deferred-target label='deferred_lighting' gbuffer_target=1879048212 lit_target=1879048196 lit_initialized_before=false
NSDIAG vkCreateSwapchainKHR format=B8G8R8A8_SRGB usage=TRANSFER_SRC | TRANSFER_DST | COLOR_ATTACHMENT bits=0x13 supported=TRANSFER_SRC | TRANSFER_DST | SAMPLED | STORAGE | COLOR_ATTACHMENT | INPUT_ATTACHMENT
NSDIAG gbuffer target target_id=1879048212 exists=true recreate=false colors=3 depth=true extent=1280x720
NSDIAG deferred-target label='deferred_lighting' gbuffer_target=1879048212 lit_target=1879048196 lit_initialized_before=false
NSDIAG vkCreateSwapchainKHR format=B8G8R8A8_SRGB usage=TRANSFER_SRC | TRANSFER_DST | COLOR_ATTACHMENT bits=0x13 supported=TRANSFER_SRC | TRANSFER_DST | SAMPLED | STORAGE | COLOR_ATTACHMENT | INPUT_ATTACHMENT
NSDIAG gbuffer target target_id=1879048212 exists=true recreate=false colors=3 depth=true extent=1280x720
NSDIAG deferred-target label='deferred_lighting' gbuffer_target=1879048212 lit_target=1879048196 lit_initialized_before=false
NSDIAG vkCreateSwapchainKHR format=B8G8R8A8_SRGB usage=TRANSFER_SRC | TRANSFER_DST | COLOR_ATTACHMENT bits=0x13 supported=TRANSFER_SRC | TRANSFER_DST | SAMPLED | STORAGE | COLOR_ATTACHMENT | INPUT_ATTACHMENT
NSDIAG gbuffer target target_id=1879048212 exists=true recreate=false colors=3 depth=true extent=1280x720
NSDIAG deferred-target label='deferred_lighting' gbuffer_target=1879048212 lit_target=1879048196 lit_initialized_before=false
NSDIAG vkCreateSwapchainKHR format=B8G8R8A8_SRGB usage=TRANSFER_SRC | TRANSFER_DST | COLOR_ATTACHMENT bits=0x13 supported=TRANSFER_SRC | TRANSFER_DST | SAMPLED | STORAGE | COLOR_ATTACHMENT | INPUT_ATTACHMENT
NSDIAG gbuffer target target_id=1879048212 exists=true recreate=false colors=3 depth=true extent=1280x720
NSDIAG deferred-target label='deferred_lighting' gbuffer_target=1879048212 lit_target=1879048196 lit_initialized_before=false
NSDIAG vkCreateSwapchainKHR format=B8G8R8A8_SRGB usage=TRANSFER_SRC | TRANSFER_DST | COLOR_ATTACHMENT bits=0x13 supported=TRANSFER_SRC | TRANSFER_DST | SAMPLED | STORAGE | COLOR_ATTACHMENT | INPUT_ATTACHMENT
NSDIAG gbuffer target target_id=1879048212 exists=true recreate=false colors=3 depth=true extent=1280x720
NSDIAG deferred-target label='deferred_lighting' gbuffer_target=1879048212 lit_target=1879048196 lit_initialized_before=false
NSDIAG vkCreateSwapchainKHR format=B8G8R8A8_SRGB usage=TRANSFER_SRC | TRANSFER_DST | COLOR_ATTACHMENT bits=0x13 supported=TRANSFER_SRC | TRANSFER_DST | SAMPLED | STORAGE | COLOR_ATTACHMENT | INPUT_ATTACHMENT
NSDIAG gbuffer target target_id=1879048212 exists=true recreate=false colors=3 depth=true extent=1280x720
NSDIAG deferred-target label='deferred_lighting' gbuffer_target=1879048212 lit_target=1879048196 lit_initialized_before=false
NSDIAG vkCreateSwapchainKHR format=B8G8R8A8_SRGB usage=TRANSFER_SRC | TRANSFER_DST | COLOR_ATTACHMENT bits=0x13 supported=TRANSFER_SRC | TRANSFER_DST | SAMPLED | STORAGE | COLOR_ATTACHMENT | INPUT_ATTACHMENT
NSDIAG gbuffer target target_id=1879048212 exists=true recreate=false colors=3 depth=true extent=1280x720
NSDIAG deferred-target label='deferred_lighting' gbuffer_target=1879048212 lit_target=1879048196 lit_initialized_before=false
NSDIAG vkCreateSwapchainKHR format=B8G8R8A8_SRGB usage=TRANSFER_SRC | TRANSFER_DST | COLOR_ATTACHMENT bits=0x13 supported=TRANSFER_SRC | TRANSFER_DST | SAMPLED | STORAGE | COLOR_ATTACHMENT | INPUT_ATTACHMENT
NSDIAG gbuffer target target_id=1879048212 exists=true recreate=false colors=3 depth=true extent=1280x720
NSDIAG deferred-target label='deferred_lighting' gbuffer_target=1879048212 lit_target=1879048196 lit_initialized_before=false
NSDIAG vkCreateSwapchainKHR format=B8G8R8A8_SRGB usage=TRANSFER_SRC | TRANSFER_DST | COLOR_ATTACHMENT bits=0x13 supported=TRANSFER_SRC | TRANSFER_DST | SAMPLED | STORAGE | COLOR_ATTACHMENT | INPUT_ATTACHMENT
NSDIAG gbuffer target target_id=1879048212 exists=true recreate=false colors=3 depth=true extent=1280x720
NSDIAG deferred-target label='deferred_lighting' gbuffer_target=1879048212 lit_target=1879048196 lit_initialized_before=false
NSDIAG vkCreateSwapchainKHR format=B8G8R8A8_SRGB usage=TRANSFER_SRC | TRANSFER_DST | COLOR_ATTACHMENT bits=0x13 supported=TRANSFER_SRC | TRANSFER_DST | SAMPLED | STORAGE | COLOR_ATTACHMENT | INPUT_ATTACHMENT
NSDIAG gbuffer target target_id=1879048212 exists=true recreate=false colors=3 depth=true extent=1280x720
NSDIAG deferred-target label='deferred_lighting' gbuffer_target=1879048212 lit_target=1879048196 lit_initialized_before=false
NSDIAG vkCreateSwapchainKHR format=B8G8R8A8_SRGB usage=TRANSFER_SRC | TRANSFER_DST | COLOR_ATTACHMENT bits=0x13 supported=TRANSFER_SRC | TRANSFER_DST | SAMPLED | STORAGE | COLOR_ATTACHMENT | INPUT_ATTACHMENT
NSDIAG gbuffer target target_id=1879048212 exists=true recreate=false colors=3 depth=true extent=1280x720
NSDIAG graph-pass begin frame=930 id=120 label='shadow_cascade_map' kind=ShadowCascadeMap queue=Graphics draws=164
NSDIAG graph-pass end frame=930 id=120 label='shadow_cascade_map' kind=ShadowCascadeMap ok=true
NSDIAG graph-pass begin frame=930 id=560 label='particle_simulation' kind=ParticleSimulation queue=Compute draws=0
NSDIAG graph-pass end frame=930 id=560 label='particle_simulation' kind=ParticleSimulation ok=true
NSDIAG graph-pass begin frame=930 id=300 label='viewport_gbuffer' kind=GBuffer queue=Graphics draws=16
NSDIAG graph-pass end frame=930 id=300 label='viewport_gbuffer' kind=GBuffer ok=true
NSDIAG graph-pass begin frame=930 id=400 label='deferred_lighting' kind=DeferredLighting queue=Graphics draws=0
NSDIAG deferred-target label='deferred_lighting' gbuffer_target=1879048212 lit_target=1879048196 lit_initialized_before=false
NSDIAG graph-pass end frame=930 id=400 label='deferred_lighting' kind=DeferredLighting ok=false
NSDIAG vkCreateSwapchainKHR format=B8G8R8A8_SRGB usage=TRANSFER_SRC | TRANSFER_DST | COLOR_ATTACHMENT bits=0x13 supported=TRANSFER_SRC | TRANSFER_DST | SAMPLED | STORAGE | COLOR_ATTACHMENT | INPUT_ATTACHMENT
NSDIAG gbuffer target target_id=1879048212 exists=true recreate=false colors=3 depth=true extent=1280x720
NSDIAG deferred-target label='deferred_lighting' gbuffer_target=1879048212 lit_target=1879048196 lit_initialized_before=false
NSDIAG vkCreateSwapchainKHR format=B8G8R8A8_SRGB usage=TRANSFER_SRC | TRANSFER_DST | COLOR_ATTACHMENT bits=0x13 supported=TRANSFER_SRC | TRANSFER_DST | SAMPLED | STORAGE | COLOR_ATTACHMENT | INPUT_ATTACHMENT
NSDIAG gbuffer target target_id=1879048212 exists=true recreate=false colors=3 depth=true extent=1280x720
NSDIAG deferred-target label='deferred_lighting' gbuffer_target=1879048212 lit_target=1879048196 lit_initialized_before=false
NSDIAG vkCreateSwapchainKHR format=B8G8R8A8_SRGB usage=TRANSFER_SRC | TRANSFER_DST | COLOR_ATTACHMENT bits=0x13 supported=TRANSFER_SRC | TRANSFER_DST | SAMPLED | STORAGE | COLOR_ATTACHMENT | INPUT_ATTACHMENT
NSDIAG gbuffer target target_id=1879048212 exists=true recreate=false colors=3 depth=true extent=1280x720
NSDIAG deferred-target label='deferred_lighting' gbuffer_target=1879048212 lit_target=1879048196 lit_initialized_before=false
NSDIAG vkCreateSwapchainKHR format=B8G8R8A8_SRGB usage=TRANSFER_SRC | TRANSFER_DST | COLOR_ATTACHMENT bits=0x13 supported=TRANSFER_SRC | TRANSFER_DST | SAMPLED | STORAGE | COLOR_ATTACHMENT | INPUT_ATTACHMENT
NSDIAG gbuffer target target_id=1879048212 exists=true recreate=false colors=3 depth=true extent=1280x720
NSDIAG deferred-target label='deferred_lighting' gbuffer_target=1879048212 lit_target=1879048196 lit_initialized_before=false
NSDIAG vkCreateSwapchainKHR format=B8G8R8A8_SRGB usage=TRANSFER_SRC | TRANSFER_DST | COLOR_ATTACHMENT bits=0x13 supported=TRANSFER_SRC | TRANSFER_DST | SAMPLED | STORAGE | COLOR_ATTACHMENT | INPUT_ATTACHMENT
NSDIAG gbuffer target target_id=1879048212 exists=true recreate=false colors=3 depth=true extent=1280x720
NSDIAG deferred-target label='deferred_lighting' gbuffer_target=1879048212 lit_target=1879048196 lit_initialized_before=false
NSDIAG vkCreateSwapchainKHR format=B8G8R8A8_SRGB usage=TRANSFER_SRC | TRANSFER_DST | COLOR_ATTACHMENT bits=0x13 supported=TRANSFER_SRC | TRANSFER_DST | SAMPLED | STORAGE | COLOR_ATTACHMENT | INPUT_ATTACHMENT
NSDIAG gbuffer target target_id=1879048212 exists=true recreate=false colors=3 depth=true extent=1280x720
NSDIAG deferred-target label='deferred_lighting' gbuffer_target=1879048212 lit_target=1879048196 lit_initialized_before=false
NSDIAG vkCreateSwapchainKHR format=B8G8R8A8_SRGB usage=TRANSFER_SRC | TRANSFER_DST | COLOR_ATTACHMENT bits=0x13 supported=TRANSFER_SRC | TRANSFER_DST | SAMPLED | STORAGE | COLOR_ATTACHMENT | INPUT_ATTACHMENT
NSDIAG gbuffer target target_id=1879048212 exists=true recreate=false colors=3 depth=true extent=1280x720
NSDIAG deferred-target label='deferred_lighting' gbuffer_target=1879048212 lit_target=1879048196 lit_initialized_before=false
NSDIAG vkCreateSwapchainKHR format=B8G8R8A8_SRGB usage=TRANSFER_SRC | TRANSFER_DST | COLOR_ATTACHMENT bits=0x13 supported=TRANSFER_SRC | TRANSFER_DST | SAMPLED | STORAGE | COLOR_ATTACHMENT | INPUT_ATTACHMENT
NSDIAG gbuffer target target_id=1879048212 exists=true recreate=false colors=3 depth=true extent=1280x720
NSDIAG deferred-target label='deferred_lighting' gbuffer_target=1879048212 lit_target=1879048196 lit_initialized_before=false
NSDIAG vkCreateSwapchainKHR format=B8G8R8A8_SRGB usage=TRANSFER_SRC | TRANSFER_DST | COLOR_ATTACHMENT bits=0x13 supported=TRANSFER_SRC | TRANSFER_DST | SAMPLED | STORAGE | COLOR_ATTACHMENT | INPUT_ATTACHMENT
NSDIAG gbuffer target target_id=1879048212 exists=true recreate=false colors=3 depth=true extent=1280x720
NSDIAG deferred-target label='deferred_lighting' gbuffer_target=1879048212 lit_target=1879048196 lit_initialized_before=false
NSDIAG vkCreateSwapchainKHR format=B8G8R8A8_SRGB usage=TRANSFER_SRC | TRANSFER_DST | COLOR_ATTACHMENT bits=0x13 supported=TRANSFER_SRC | TRANSFER_DST | SAMPLED | STORAGE | COLOR_ATTACHMENT | INPUT_ATTACHMENT
NSDIAG gbuffer target target_id=1879048212 exists=true recreate=false colors=3 depth=true extent=1280x720
NSDIAG deferred-target label='deferred_lighting' gbuffer_target=1879048212 lit_target=1879048196 lit_initialized_before=false
NSDIAG vkCreateSwapchainKHR format=B8G8R8A8_SRGB usage=TRANSFER_SRC | TRANSFER_DST | COLOR_ATTACHMENT bits=0x13 supported=TRANSFER_SRC | TRANSFER_DST | SAMPLED | STORAGE | COLOR_ATTACHMENT | INPUT_ATTACHMENT
NSDIAG gbuffer target target_id=1879048212 exists=true recreate=false colors=3 depth=true extent=1280x720
NSDIAG deferred-target label='deferred_lighting' gbuffer_target=1879048212 lit_target=1879048196 lit_initialized_before=false
NSDIAG vkCreateSwapchainKHR format=B8G8R8A8_SRGB usage=TRANSFER_SRC | TRANSFER_DST | COLOR_ATTACHMENT bits=0x13 supported=TRANSFER_SRC | TRANSFER_DST | SAMPLED | STORAGE | COLOR_ATTACHMENT | INPUT_ATTACHMENT
NSDIAG gbuffer target target_id=1879048212 exists=true recreate=false colors=3 depth=true extent=1280x720
NSDIAG deferred-target label='deferred_lighting' gbuffer_target=1879048212 lit_target=1879048196 lit_initialized_before=false
NSDIAG vkCreateSwapchainKHR format=B8G8R8A8_SRGB usage=TRANSFER_SRC | TRANSFER_DST | COLOR_ATTACHMENT bits=0x13 supported=TRANSFER_SRC | TRANSFER_DST | SAMPLED | STORAGE | COLOR_ATTACHMENT | INPUT_ATTACHMENT
NSDIAG gbuffer target target_id=1879048212 exists=true recreate=false colors=3 depth=true extent=1280x720
NSDIAG deferred-target label='deferred_lighting' gbuffer_target=1879048212 lit_target=1879048196 lit_initialized_before=false
NSDIAG vkCreateSwapchainKHR format=B8G8R8A8_SRGB usage=TRANSFER_SRC | TRANSFER_DST | COLOR_ATTACHMENT bits=0x13 supported=TRANSFER_SRC | TRANSFER_DST | SAMPLED | STORAGE | COLOR_ATTACHMENT | INPUT_ATTACHMENT
NSDIAG gbuffer target target_id=1879048212 exists=true recreate=false colors=3 depth=true extent=1280x720
NSDIAG deferred-target label='deferred_lighting' gbuffer_target=1879048212 lit_target=1879048196 lit_initialized_before=false
NSDIAG vkCreateSwapchainKHR format=B8G8R8A8_SRGB usage=TRANSFER_SRC | TRANSFER_DST | COLOR_ATTACHMENT bits=0x13 supported=TRANSFER_SRC | TRANSFER_DST | SAMPLED | STORAGE | COLOR_ATTACHMENT | INPUT_ATTACHMENT
NSDIAG gbuffer target target_id=1879048212 exists=true recreate=false colors=3 depth=true extent=1280x720
NSDIAG deferred-target label='deferred_lighting' gbuffer_target=1879048212 lit_target=1879048196 lit_initialized_before=false
NSDIAG vkCreateSwapchainKHR format=B8G8R8A8_SRGB usage=TRANSFER_SRC | TRANSFER_DST | COLOR_ATTACHMENT bits=0x13 supported=TRANSFER_SRC | TRANSFER_DST | SAMPLED | STORAGE | COLOR_ATTACHMENT | INPUT_ATTACHMENT
NSDIAG gbuffer target target_id=1879048212 exists=true recreate=false colors=3 depth=true extent=1280x720
NSDIAG deferred-target label='deferred_lighting' gbuffer_target=1879048212 lit_target=1879048196 lit_initialized_before=false
NSDIAG vkCreateSwapchainKHR format=B8G8R8A8_SRGB usage=TRANSFER_SRC | TRANSFER_DST | COLOR_ATTACHMENT bits=0x13 supported=TRANSFER_SRC | TRANSFER_DST | SAMPLED | STORAGE | COLOR_ATTACHMENT | INPUT_ATTACHMENT
NSDIAG gbuffer target target_id=1879048212 exists=true recreate=false colors=3 depth=true extent=1280x720
NSDIAG deferred-target label='deferred_lighting' gbuffer_target=1879048212 lit_target=1879048196 lit_initialized_before=false
NSDIAG vkCreateSwapchainKHR format=B8G8R8A8_SRGB usage=TRANSFER_SRC | TRANSFER_DST | COLOR_ATTACHMENT bits=0x13 supported=TRANSFER_SRC | TRANSFER_DST | SAMPLED | STORAGE | COLOR_ATTACHMENT | INPUT_ATTACHMENT
NSDIAG gbuffer target target_id=1879048212 exists=true recreate=false colors=3 depth=true extent=1280x720
NSDIAG deferred-target label='deferred_lighting' gbuffer_target=1879048212 lit_target=1879048196 lit_initialized_before=false
NSDIAG vkCreateSwapchainKHR format=B8G8R8A8_SRGB usage=TRANSFER_SRC | TRANSFER_DST | COLOR_ATTACHMENT bits=0x13 supported=TRANSFER_SRC | TRANSFER_DST | SAMPLED | STORAGE | COLOR_ATTACHMENT | INPUT_ATTACHMENT
NSDIAG gbuffer target target_id=1879048212 exists=true recreate=false colors=3 depth=true extent=1280x720
NSDIAG deferred-target label='deferred_lighting' gbuffer_target=1879048212 lit_target=1879048196 lit_initialized_before=false
NSDIAG vkCreateSwapchainKHR format=B8G8R8A8_SRGB usage=TRANSFER_SRC | TRANSFER_DST | COLOR_ATTACHMENT bits=0x13 supported=TRANSFER_SRC | TRANSFER_DST | SAMPLED | STORAGE | COLOR_ATTACHMENT | INPUT_ATTACHMENT
NSDIAG gbuffer target target_id=1879048212 exists=true recreate=false colors=3 depth=true extent=1280x720
NSDIAG deferred-target label='deferred_lighting' gbuffer_target=1879048212 lit_target=1879048196 lit_initialized_before=false
NSDIAG vkCreateSwapchainKHR format=B8G8R8A8_SRGB usage=TRANSFER_SRC | TRANSFER_DST | COLOR_ATTACHMENT bits=0x13 supported=TRANSFER_SRC | TRANSFER_DST | SAMPLED | STORAGE | COLOR_ATTACHMENT | INPUT_ATTACHMENT
NSDIAG gbuffer target target_id=1879048212 exists=true recreate=false colors=3 depth=true extent=1280x720
NSDIAG deferred-target label='deferred_lighting' gbuffer_target=1879048212 lit_target=1879048196 lit_initialized_before=false
NSDIAG vkCreateSwapchainKHR format=B8G8R8A8_SRGB usage=TRANSFER_SRC | TRANSFER_DST | COLOR_ATTACHMENT bits=0x13 supported=TRANSFER_SRC | TRANSFER_DST | SAMPLED | STORAGE | COLOR_ATTACHMENT | INPUT_ATTACHMENT
NSDIAG gbuffer target target_id=1879048212 exists=true recreate=false colors=3 depth=true extent=1280x720
NSDIAG deferred-target label='deferred_lighting' gbuffer_target=1879048212 lit_target=1879048196 lit_initialized_before=false
NSDIAG vkCreateSwapchainKHR format=B8G8R8A8_SRGB usage=TRANSFER_SRC | TRANSFER_DST | COLOR_ATTACHMENT bits=0x13 supported=TRANSFER_SRC | TRANSFER_DST | SAMPLED | STORAGE | COLOR_ATTACHMENT | INPUT_ATTACHMENT
NSDIAG gbuffer target target_id=1879048212 exists=true recreate=false colors=3 depth=true extent=1280x720
NSDIAG deferred-target label='deferred_lighting' gbuffer_target=1879048212 lit_target=1879048196 lit_initialized_before=false
NSDIAG vkCreateSwapchainKHR format=B8G8R8A8_SRGB usage=TRANSFER_SRC | TRANSFER_DST | COLOR_ATTACHMENT bits=0x13 supported=TRANSFER_SRC | TRANSFER_DST | SAMPLED | STORAGE | COLOR_ATTACHMENT | INPUT_ATTACHMENT
NSDIAG gbuffer target target_id=1879048212 exists=true recreate=false colors=3 depth=true extent=1280x720
NSDIAG deferred-target label='deferred_lighting' gbuffer_target=1879048212 lit_target=1879048196 lit_initialized_before=false
NSDIAG vkCreateSwapchainKHR format=B8G8R8A8_SRGB usage=TRANSFER_SRC | TRANSFER_DST | COLOR_ATTACHMENT bits=0x13 supported=TRANSFER_SRC | TRANSFER_DST | SAMPLED | STORAGE | COLOR_ATTACHMENT | INPUT_ATTACHMENT
NSDIAG gbuffer target target_id=1879048212 exists=true recreate=false colors=3 depth=true extent=1280x720
NSDIAG deferred-target label='deferred_lighting' gbuffer_target=1879048212 lit_target=1879048196 lit_initialized_before=false
NSDIAG vkCreateSwapchainKHR format=B8G8R8A8_SRGB usage=TRANSFER_SRC | TRANSFER_DST | COLOR_ATTACHMENT bits=0x13 supported=TRANSFER_SRC | TRANSFER_DST | SAMPLED | STORAGE | COLOR_ATTACHMENT | INPUT_ATTACHMENT
NSDIAG gbuffer target target_id=1879048212 exists=true recreate=false colors=3 depth=true extent=1280x720
NSDIAG deferred-target label='deferred_lighting' gbuffer_target=1879048212 lit_target=1879048196 lit_initialized_before=false
NSDIAG vkCreateSwapchainKHR format=B8G8R8A8_SRGB usage=TRANSFER_SRC | TRANSFER_DST | COLOR_ATTACHMENT bits=0x13 supported=TRANSFER_SRC | TRANSFER_DST | SAMPLED | STORAGE | COLOR_ATTACHMENT | INPUT_ATTACHMENT
NSDIAG gbuffer target target_id=1879048212 exists=true recreate=false colors=3 depth=true extent=1280x720
NSDIAG deferred-target label='deferred_lighting' gbuffer_target=1879048212 lit_target=1879048196 lit_initialized_before=false
NSDIAG vkCreateSwapchainKHR format=B8G8R8A8_SRGB usage=TRANSFER_SRC | TRANSFER_DST | COLOR_ATTACHMENT bits=0x13 supported=TRANSFER_SRC | TRANSFER_DST | SAMPLED | STORAGE | COLOR_ATTACHMENT | INPUT_ATTACHMENT
NSDIAG gbuffer target target_id=1879048212 exists=true recreate=false colors=3 depth=true extent=1280x720
NSDIAG deferred-target label='deferred_lighting' gbuffer_target=1879048212 lit_target=1879048196 lit_initialized_before=false
NSDIAG vkCreateSwapchainKHR format=B8G8R8A8_SRGB usage=TRANSFER_SRC | TRANSFER_DST | COLOR_ATTACHMENT bits=0x13 supported=TRANSFER_SRC | TRANSFER_DST | SAMPLED | STORAGE | COLOR_ATTACHMENT | INPUT_ATTACHMENT
NSDIAG gbuffer target target_id=1879048212 exists=true recreate=false colors=3 depth=true extent=1280x720
NSDIAG deferred-target label='deferred_lighting' gbuffer_target=1879048212 lit_target=1879048196 lit_initialized_before=false
NSDIAG vkCreateSwapchainKHR format=B8G8R8A8_SRGB usage=TRANSFER_SRC | TRANSFER_DST | COLOR_ATTACHMENT bits=0x13 supported=TRANSFER_SRC | TRANSFER_DST | SAMPLED | STORAGE | COLOR_ATTACHMENT | INPUT_ATTACHMENT
[09:18:05.981] [[1;32mINFO [0m] render.shadow_setup.profile: frame=960 total_ms=0.017 directional_plan_ms=0.007 directional_admission_ms=0.009 local_plan_ms=0.001 local_admission_ms=0.000 finalize_ms=0.000 render_directional=true render_local=false local_views=0
NSDIAG gbuffer target target_id=1879048212 exists=true recreate=false colors=3 depth=true extent=1280x720
NSDIAG graph-pass begin frame=960 id=120 label='shadow_cascade_map' kind=ShadowCascadeMap queue=Graphics draws=164
NSDIAG graph-pass end frame=960 id=120 label='shadow_cascade_map' kind=ShadowCascadeMap ok=true
NSDIAG graph-pass begin frame=960 id=560 label='particle_simulation' kind=ParticleSimulation queue=Compute draws=0
NSDIAG graph-pass end frame=960 id=560 label='particle_simulation' kind=ParticleSimulation ok=true
NSDIAG graph-pass begin frame=960 id=300 label='viewport_gbuffer' kind=GBuffer queue=Graphics draws=16
NSDIAG graph-pass end frame=960 id=300 label='viewport_gbuffer' kind=GBuffer ok=true
NSDIAG graph-pass begin frame=960 id=400 label='deferred_lighting' kind=DeferredLighting queue=Graphics draws=0
NSDIAG deferred-target label='deferred_lighting' gbuffer_target=1879048212 lit_target=1879048196 lit_initialized_before=false
NSDIAG graph-pass end frame=960 id=400 label='deferred_lighting' kind=DeferredLighting ok=false
[09:18:05.988] [[1;36mDEBUG[0m] render controller: material pipeline still pending heartbeat frame=960 waiting_for='renderer.shader_compile_event'
NSDIAG vkCreateSwapchainKHR format=B8G8R8A8_SRGB usage=TRANSFER_SRC | TRANSFER_DST | COLOR_ATTACHMENT bits=0x13 supported=TRANSFER_SRC | TRANSFER_DST | SAMPLED | STORAGE | COLOR_ATTACHMENT | INPUT_ATTACHMENT
NSDIAG gbuffer target target_id=1879048212 exists=true recreate=false colors=3 depth=true extent=1280x720
NSDIAG deferred-target label='deferred_lighting' gbuffer_target=1879048212 lit_target=1879048196 lit_initialized_before=false
NSDIAG vkCreateSwapchainKHR format=B8G8R8A8_SRGB usage=TRANSFER_SRC | TRANSFER_DST | COLOR_ATTACHMENT bits=0x13 supported=TRANSFER_SRC | TRANSFER_DST | SAMPLED | STORAGE | COLOR_ATTACHMENT | INPUT_ATTACHMENT
NSDIAG gbuffer target target_id=1879048212 exists=true recreate=false colors=3 depth=true extent=1280x720
NSDIAG deferred-target label='deferred_lighting' gbuffer_target=1879048212 lit_target=1879048196 lit_initialized_before=false
NSDIAG vkCreateSwapchainKHR format=B8G8R8A8_SRGB usage=TRANSFER_SRC | TRANSFER_DST | COLOR_ATTACHMENT bits=0x13 supported=TRANSFER_SRC | TRANSFER_DST | SAMPLED | STORAGE | COLOR_ATTACHMENT | INPUT_ATTACHMENT
NSDIAG gbuffer target target_id=1879048212 exists=true recreate=false colors=3 depth=true extent=1280x720
NSDIAG deferred-target label='deferred_lighting' gbuffer_target=1879048212 lit_target=1879048196 lit_initialized_before=false
NSDIAG vkCreateSwapchainKHR format=B8G8R8A8_SRGB usage=TRANSFER_SRC | TRANSFER_DST | COLOR_ATTACHMENT bits=0x13 supported=TRANSFER_SRC | TRANSFER_DST | SAMPLED | STORAGE | COLOR_ATTACHMENT | INPUT_ATTACHMENT
NSDIAG gbuffer target target_id=1879048212 exists=true recreate=false colors=3 depth=true extent=1280x720
NSDIAG deferred-target label='deferred_lighting' gbuffer_target=1879048212 lit_target=1879048196 lit_initialized_before=false
NSDIAG vkCreateSwapchainKHR format=B8G8R8A8_SRGB usage=TRANSFER_SRC | TRANSFER_DST | COLOR_ATTACHMENT bits=0x13 supported=TRANSFER_SRC | TRANSFER_DST | SAMPLED | STORAGE | COLOR_ATTACHMENT | INPUT_ATTACHMENT
NSDIAG gbuffer target target_id=1879048212 exists=true recreate=false colors=3 depth=true extent=1280x720
NSDIAG deferred-target label='deferred_lighting' gbuffer_target=1879048212 lit_target=1879048196 lit_initialized_before=false
NSDIAG vkCreateSwapchainKHR format=B8G8R8A8_SRGB usage=TRANSFER_SRC | TRANSFER_DST | COLOR_ATTACHMENT bits=0x13 supported=TRANSFER_SRC | TRANSFER_DST | SAMPLED | STORAGE | COLOR_ATTACHMENT | INPUT_ATTACHMENT
NSDIAG gbuffer target target_id=1879048212 exists=true recreate=false colors=3 depth=true extent=1280x720
NSDIAG deferred-target label='deferred_lighting' gbuffer_target=1879048212 lit_target=1879048196 lit_initialized_before=false
NSDIAG vkCreateSwapchainKHR format=B8G8R8A8_SRGB usage=TRANSFER_SRC | TRANSFER_DST | COLOR_ATTACHMENT bits=0x13 supported=TRANSFER_SRC | TRANSFER_DST | SAMPLED | STORAGE | COLOR_ATTACHMENT | INPUT_ATTACHMENT
NSDIAG gbuffer target target_id=1879048212 exists=true recreate=false colors=3 depth=true extent=1280x720
NSDIAG deferred-target label='deferred_lighting' gbuffer_target=1879048212 lit_target=1879048196 lit_initialized_before=false
NSDIAG vkCreateSwapchainKHR format=B8G8R8A8_SRGB usage=TRANSFER_SRC | TRANSFER_DST | COLOR_ATTACHMENT bits=0x13 supported=TRANSFER_SRC | TRANSFER_DST | SAMPLED | STORAGE | COLOR_ATTACHMENT | INPUT_ATTACHMENT
NSDIAG gbuffer target target_id=1879048212 exists=true recreate=false colors=3 depth=true extent=1280x720
NSDIAG deferred-target label='deferred_lighting' gbuffer_target=1879048212 lit_target=1879048196 lit_initialized_before=false
NSDIAG vkCreateSwapchainKHR format=B8G8R8A8_SRGB usage=TRANSFER_SRC | TRANSFER_DST | COLOR_ATTACHMENT bits=0x13 supported=TRANSFER_SRC | TRANSFER_DST | SAMPLED | STORAGE | COLOR_ATTACHMENT | INPUT_ATTACHMENT
NSDIAG gbuffer target target_id=1879048212 exists=true recreate=false colors=3 depth=true extent=1280x720
NSDIAG deferred-target label='deferred_lighting' gbuffer_target=1879048212 lit_target=1879048196 lit_initialized_before=false
NSDIAG vkCreateSwapchainKHR format=B8G8R8A8_SRGB usage=TRANSFER_SRC | TRANSFER_DST | COLOR_ATTACHMENT bits=0x13 supported=TRANSFER_SRC | TRANSFER_DST | SAMPLED | STORAGE | COLOR_ATTACHMENT | INPUT_ATTACHMENT
NSDIAG gbuffer target target_id=1879048212 exists=true recreate=false colors=3 depth=true extent=1280x720
NSDIAG deferred-target label='deferred_lighting' gbuffer_target=1879048212 lit_target=1879048196 lit_initialized_before=false
NSDIAG vkCreateSwapchainKHR format=B8G8R8A8_SRGB usage=TRANSFER_SRC | TRANSFER_DST | COLOR_ATTACHMENT bits=0x13 supported=TRANSFER_SRC | TRANSFER_DST | SAMPLED | STORAGE | COLOR_ATTACHMENT | INPUT_ATTACHMENT
NSDIAG gbuffer target target_id=1879048212 exists=true recreate=false colors=3 depth=true extent=1280x720
NSDIAG deferred-target label='deferred_lighting' gbuffer_target=1879048212 lit_target=1879048196 lit_initialized_before=false
NSDIAG vkCreateSwapchainKHR format=B8G8R8A8_SRGB usage=TRANSFER_SRC | TRANSFER_DST | COLOR_ATTACHMENT bits=0x13 supported=TRANSFER_SRC | TRANSFER_DST | SAMPLED | STORAGE | COLOR_ATTACHMENT | INPUT_ATTACHMENT
NSDIAG gbuffer target target_id=1879048212 exists=true recreate=false colors=3 depth=true extent=1280x720
NSDIAG deferred-target label='deferred_lighting' gbuffer_target=1879048212 lit_target=1879048196 lit_initialized_before=false
NSDIAG vkCreateSwapchainKHR format=B8G8R8A8_SRGB usage=TRANSFER_SRC | TRANSFER_DST | COLOR_ATTACHMENT bits=0x13 supported=TRANSFER_SRC | TRANSFER_DST | SAMPLED | STORAGE | COLOR_ATTACHMENT | INPUT_ATTACHMENT
NSDIAG gbuffer target target_id=1879048212 exists=true recreate=false colors=3 depth=true extent=1280x720
NSDIAG deferred-target label='deferred_lighting' gbuffer_target=1879048212 lit_target=1879048196 lit_initialized_before=false
NSDIAG vkCreateSwapchainKHR format=B8G8R8A8_SRGB usage=TRANSFER_SRC | TRANSFER_DST | COLOR_ATTACHMENT bits=0x13 supported=TRANSFER_SRC | TRANSFER_DST | SAMPLED | STORAGE | COLOR_ATTACHMENT | INPUT_ATTACHMENT
NSDIAG gbuffer target target_id=1879048212 exists=true recreate=false colors=3 depth=true extent=1280x720
NSDIAG deferred-target label='deferred_lighting' gbuffer_target=1879048212 lit_target=1879048196 lit_initialized_before=false
NSDIAG vkCreateSwapchainKHR format=B8G8R8A8_SRGB usage=TRANSFER_SRC | TRANSFER_DST | COLOR_ATTACHMENT bits=0x13 supported=TRANSFER_SRC | TRANSFER_DST | SAMPLED | STORAGE | COLOR_ATTACHMENT | INPUT_ATTACHMENT
NSDIAG gbuffer target target_id=1879048212 exists=true recreate=false colors=3 depth=true extent=1280x720
NSDIAG deferred-target label='deferred_lighting' gbuffer_target=1879048212 lit_target=1879048196 lit_initialized_before=false
NSDIAG vkCreateSwapchainKHR format=B8G8R8A8_SRGB usage=TRANSFER_SRC | TRANSFER_DST | COLOR_ATTACHMENT bits=0x13 supported=TRANSFER_SRC | TRANSFER_DST | SAMPLED | STORAGE | COLOR_ATTACHMENT | INPUT_ATTACHMENT
NSDIAG gbuffer target target_id=1879048212 exists=true recreate=false colors=3 depth=true extent=1280x720
NSDIAG deferred-target label='deferred_lighting' gbuffer_target=1879048212 lit_target=1879048196 lit_initialized_before=false
NSDIAG vkCreateSwapchainKHR format=B8G8R8A8_SRGB usage=TRANSFER_SRC | TRANSFER_DST | COLOR_ATTACHMENT bits=0x13 supported=TRANSFER_SRC | TRANSFER_DST | SAMPLED | STORAGE | COLOR_ATTACHMENT | INPUT_ATTACHMENT
NSDIAG gbuffer target target_id=1879048212 exists=true recreate=false colors=3 depth=true extent=1280x720
NSDIAG deferred-target label='deferred_lighting' gbuffer_target=1879048212 lit_target=1879048196 lit_initialized_before=false
NSDIAG vkCreateSwapchainKHR format=B8G8R8A8_SRGB usage=TRANSFER_SRC | TRANSFER_DST | COLOR_ATTACHMENT bits=0x13 supported=TRANSFER_SRC | TRANSFER_DST | SAMPLED | STORAGE | COLOR_ATTACHMENT | INPUT_ATTACHMENT
NSDIAG gbuffer target target_id=1879048212 exists=true recreate=false colors=3 depth=true extent=1280x720
NSDIAG deferred-target label='deferred_lighting' gbuffer_target=1879048212 lit_target=1879048196 lit_initialized_before=false
NSDIAG vkCreateSwapchainKHR format=B8G8R8A8_SRGB usage=TRANSFER_SRC | TRANSFER_DST | COLOR_ATTACHMENT bits=0x13 supported=TRANSFER_SRC | TRANSFER_DST | SAMPLED | STORAGE | COLOR_ATTACHMENT | INPUT_ATTACHMENT
NSDIAG gbuffer target target_id=1879048212 exists=true recreate=false colors=3 depth=true extent=1280x720
NSDIAG deferred-target label='deferred_lighting' gbuffer_target=1879048212 lit_target=1879048196 lit_initialized_before=false
NSDIAG vkCreateSwapchainKHR format=B8G8R8A8_SRGB usage=TRANSFER_SRC | TRANSFER_DST | COLOR_ATTACHMENT bits=0x13 supported=TRANSFER_SRC | TRANSFER_DST | SAMPLED | STORAGE | COLOR_ATTACHMENT | INPUT_ATTACHMENT
NSDIAG gbuffer target target_id=1879048212 exists=true recreate=false colors=3 depth=true extent=1280x720
NSDIAG deferred-target label='deferred_lighting' gbuffer_target=1879048212 lit_target=1879048196 lit_initialized_before=false
NSDIAG vkCreateSwapchainKHR format=B8G8R8A8_SRGB usage=TRANSFER_SRC | TRANSFER_DST | COLOR_ATTACHMENT bits=0x13 supported=TRANSFER_SRC | TRANSFER_DST | SAMPLED | STORAGE | COLOR_ATTACHMENT | INPUT_ATTACHMENT
NSDIAG gbuffer target target_id=1879048212 exists=true recreate=false colors=3 depth=true extent=1280x720
NSDIAG deferred-target label='deferred_lighting' gbuffer_target=1879048212 lit_target=1879048196 lit_initialized_before=false
NSDIAG vkCreateSwapchainKHR format=B8G8R8A8_SRGB usage=TRANSFER_SRC | TRANSFER_DST | COLOR_ATTACHMENT bits=0x13 supported=TRANSFER_SRC | TRANSFER_DST | SAMPLED | STORAGE | COLOR_ATTACHMENT | INPUT_ATTACHMENT
NSDIAG gbuffer target target_id=1879048212 exists=true recreate=false colors=3 depth=true extent=1280x720
NSDIAG deferred-target label='deferred_lighting' gbuffer_target=1879048212 lit_target=1879048196 lit_initialized_before=false
NSDIAG vkCreateSwapchainKHR format=B8G8R8A8_SRGB usage=TRANSFER_SRC | TRANSFER_DST | COLOR_ATTACHMENT bits=0x13 supported=TRANSFER_SRC | TRANSFER_DST | SAMPLED | STORAGE | COLOR_ATTACHMENT | INPUT_ATTACHMENT
NSDIAG gbuffer target target_id=1879048212 exists=true recreate=false colors=3 depth=true extent=1280x720
NSDIAG deferred-target label='deferred_lighting' gbuffer_target=1879048212 lit_target=1879048196 lit_initialized_before=false
NSDIAG vkCreateSwapchainKHR format=B8G8R8A8_SRGB usage=TRANSFER_SRC | TRANSFER_DST | COLOR_ATTACHMENT bits=0x13 supported=TRANSFER_SRC | TRANSFER_DST | SAMPLED | STORAGE | COLOR_ATTACHMENT | INPUT_ATTACHMENT
NSDIAG gbuffer target target_id=1879048212 exists=true recreate=false colors=3 depth=true extent=1280x720
NSDIAG deferred-target label='deferred_lighting' gbuffer_target=1879048212 lit_target=1879048196 lit_initialized_before=false
NSDIAG vkCreateSwapchainKHR format=B8G8R8A8_SRGB usage=TRANSFER_SRC | TRANSFER_DST | COLOR_ATTACHMENT bits=0x13 supported=TRANSFER_SRC | TRANSFER_DST | SAMPLED | STORAGE | COLOR_ATTACHMENT | INPUT_ATTACHMENT
NSDIAG gbuffer target target_id=1879048212 exists=true recreate=false colors=3 depth=true extent=1280x720
NSDIAG deferred-target label='deferred_lighting' gbuffer_target=1879048212 lit_target=1879048196 lit_initialized_before=false
NSDIAG vkCreateSwapchainKHR format=B8G8R8A8_SRGB usage=TRANSFER_SRC | TRANSFER_DST | COLOR_ATTACHMENT bits=0x13 supported=TRANSFER_SRC | TRANSFER_DST | SAMPLED | STORAGE | COLOR_ATTACHMENT | INPUT_ATTACHMENT
NSDIAG gbuffer target target_id=1879048212 exists=true recreate=false colors=3 depth=true extent=1280x720
NSDIAG deferred-target label='deferred_lighting' gbuffer_target=1879048212 lit_target=1879048196 lit_initialized_before=false
NSDIAG vkCreateSwapchainKHR format=B8G8R8A8_SRGB usage=TRANSFER_SRC | TRANSFER_DST | COLOR_ATTACHMENT bits=0x13 supported=TRANSFER_SRC | TRANSFER_DST | SAMPLED | STORAGE | COLOR_ATTACHMENT | INPUT_ATTACHMENT
NSDIAG gbuffer target target_id=1879048212 exists=true recreate=false colors=3 depth=true extent=1280x720
NSDIAG deferred-target label='deferred_lighting' gbuffer_target=1879048212 lit_target=1879048196 lit_initialized_before=false
NSDIAG vkCreateSwapchainKHR format=B8G8R8A8_SRGB usage=TRANSFER_SRC | TRANSFER_DST | COLOR_ATTACHMENT bits=0x13 supported=TRANSFER_SRC | TRANSFER_DST | SAMPLED | STORAGE | COLOR_ATTACHMENT | INPUT_ATTACHMENT
NSDIAG gbuffer target target_id=1879048212 exists=true recreate=false colors=3 depth=true extent=1280x720
NSDIAG deferred-target label='deferred_lighting' gbuffer_target=1879048212 lit_target=1879048196 lit_initialized_before=false
NSDIAG vkCreateSwapchainKHR format=B8G8R8A8_SRGB usage=TRANSFER_SRC | TRANSFER_DST | COLOR_ATTACHMENT bits=0x13 supported=TRANSFER_SRC | TRANSFER_DST | SAMPLED | STORAGE | COLOR_ATTACHMENT | INPUT_ATTACHMENT
NSDIAG gbuffer target target_id=1879048212 exists=true recreate=false colors=3 depth=true extent=1280x720
NSDIAG deferred-target label='deferred_lighting' gbuffer_target=1879048212 lit_target=1879048196 lit_initialized_before=false
NSDIAG vkCreateSwapchainKHR format=B8G8R8A8_SRGB usage=TRANSFER_SRC | TRANSFER_DST | COLOR_ATTACHMENT bits=0x13 supported=TRANSFER_SRC | TRANSFER_DST | SAMPLED | STORAGE | COLOR_ATTACHMENT | INPUT_ATTACHMENT
NSDIAG gbuffer target target_id=1879048212 exists=true recreate=false colors=3 depth=true extent=1280x720
NSDIAG graph-pass begin frame=990 id=120 label='shadow_cascade_map' kind=ShadowCascadeMap queue=Graphics draws=164
NSDIAG graph-pass end frame=990 id=120 label='shadow_cascade_map' kind=ShadowCascadeMap ok=true
NSDIAG graph-pass begin frame=990 id=560 label='particle_simulation' kind=ParticleSimulation queue=Compute draws=0
NSDIAG graph-pass end frame=990 id=560 label='particle_simulation' kind=ParticleSimulation ok=true
NSDIAG graph-pass begin frame=990 id=300 label='viewport_gbuffer' kind=GBuffer queue=Graphics draws=16
NSDIAG graph-pass end frame=990 id=300 label='viewport_gbuffer' kind=GBuffer ok=true
NSDIAG graph-pass begin frame=990 id=400 label='deferred_lighting' kind=DeferredLighting queue=Graphics draws=0
NSDIAG deferred-target label='deferred_lighting' gbuffer_target=1879048212 lit_target=1879048196 lit_initialized_before=false
NSDIAG graph-pass end frame=990 id=400 label='deferred_lighting' kind=DeferredLighting ok=false
NSDIAG vkCreateSwapchainKHR format=B8G8R8A8_SRGB usage=TRANSFER_SRC | TRANSFER_DST | COLOR_ATTACHMENT bits=0x13 supported=TRANSFER_SRC | TRANSFER_DST | SAMPLED | STORAGE | COLOR_ATTACHMENT | INPUT_ATTACHMENT
NSDIAG gbuffer target target_id=1879048212 exists=true recreate=false colors=3 depth=true extent=1280x720
NSDIAG deferred-target label='deferred_lighting' gbuffer_target=1879048212 lit_target=1879048196 lit_initialized_before=false
NSDIAG vkCreateSwapchainKHR format=B8G8R8A8_SRGB usage=TRANSFER_SRC | TRANSFER_DST | COLOR_ATTACHMENT bits=0x13 supported=TRANSFER_SRC | TRANSFER_DST | SAMPLED | STORAGE | COLOR_ATTACHMENT | INPUT_ATTACHMENT
NSDIAG gbuffer target target_id=1879048212 exists=true recreate=false colors=3 depth=true extent=1280x720
NSDIAG deferred-target label='deferred_lighting' gbuffer_target=1879048212 lit_target=1879048196 lit_initialized_before=false
NSDIAG vkCreateSwapchainKHR format=B8G8R8A8_SRGB usage=TRANSFER_SRC | TRANSFER_DST | COLOR_ATTACHMENT bits=0x13 supported=TRANSFER_SRC | TRANSFER_DST | SAMPLED | STORAGE | COLOR_ATTACHMENT | INPUT_ATTACHMENT
NSDIAG gbuffer target target_id=1879048212 exists=true recreate=false colors=3 depth=true extent=1280x720
NSDIAG deferred-target label='deferred_lighting' gbuffer_target=1879048212 lit_target=1879048196 lit_initialized_before=false
NSDIAG vkCreateSwapchainKHR format=B8G8R8A8_SRGB usage=TRANSFER_SRC | TRANSFER_DST | COLOR_ATTACHMENT bits=0x13 supported=TRANSFER_SRC | TRANSFER_DST | SAMPLED | STORAGE | COLOR_ATTACHMENT | INPUT_ATTACHMENT
NSDIAG gbuffer target target_id=1879048212 exists=true recreate=false colors=3 depth=true extent=1280x720
NSDIAG deferred-target label='deferred_lighting' gbuffer_target=1879048212 lit_target=1879048196 lit_initialized_before=false
NSDIAG vkCreateSwapchainKHR format=B8G8R8A8_SRGB usage=TRANSFER_SRC | TRANSFER_DST | COLOR_ATTACHMENT bits=0x13 supported=TRANSFER_SRC | TRANSFER_DST | SAMPLED | STORAGE | COLOR_ATTACHMENT | INPUT_ATTACHMENT
NSDIAG gbuffer target target_id=1879048212 exists=true recreate=false colors=3 depth=true extent=1280x720
NSDIAG deferred-target label='deferred_lighting' gbuffer_target=1879048212 lit_target=1879048196 lit_initialized_before=false
NSDIAG vkCreateSwapchainKHR format=B8G8R8A8_SRGB usage=TRANSFER_SRC | TRANSFER_DST | COLOR_ATTACHMENT bits=0x13 supported=TRANSFER_SRC | TRANSFER_DST | SAMPLED | STORAGE | COLOR_ATTACHMENT | INPUT_ATTACHMENT
NSDIAG gbuffer target target_id=1879048212 exists=true recreate=false colors=3 depth=true extent=1280x720
NSDIAG deferred-target label='deferred_lighting' gbuffer_target=1879048212 lit_target=1879048196 lit_initialized_before=false
NSDIAG vkCreateSwapchainKHR format=B8G8R8A8_SRGB usage=TRANSFER_SRC | TRANSFER_DST | COLOR_ATTACHMENT bits=0x13 supported=TRANSFER_SRC | TRANSFER_DST | SAMPLED | STORAGE | COLOR_ATTACHMENT | INPUT_ATTACHMENT
NSDIAG gbuffer target target_id=1879048212 exists=true recreate=false colors=3 depth=true extent=1280x720
NSDIAG deferred-target label='deferred_lighting' gbuffer_target=1879048212 lit_target=1879048196 lit_initialized_before=false
NSDIAG vkCreateSwapchainKHR format=B8G8R8A8_SRGB usage=TRANSFER_SRC | TRANSFER_DST | COLOR_ATTACHMENT bits=0x13 supported=TRANSFER_SRC | TRANSFER_DST | SAMPLED | STORAGE | COLOR_ATTACHMENT | INPUT_ATTACHMENT
NSDIAG gbuffer target target_id=1879048212 exists=true recreate=false colors=3 depth=true extent=1280x720
NSDIAG deferred-target label='deferred_lighting' gbuffer_target=1879048212 lit_target=1879048196 lit_initialized_before=false
NSDIAG vkCreateSwapchainKHR format=B8G8R8A8_SRGB usage=TRANSFER_SRC | TRANSFER_DST | COLOR_ATTACHMENT bits=0x13 supported=TRANSFER_SRC | TRANSFER_DST | SAMPLED | STORAGE | COLOR_ATTACHMENT | INPUT_ATTACHMENT
NSDIAG gbuffer target target_id=1879048212 exists=true recreate=false colors=3 depth=true extent=1280x720
NSDIAG deferred-target label='deferred_lighting' gbuffer_target=1879048212 lit_target=1879048196 lit_initialized_before=false
NSDIAG vkCreateSwapchainKHR format=B8G8R8A8_SRGB usage=TRANSFER_SRC | TRANSFER_DST | COLOR_ATTACHMENT bits=0x13 supported=TRANSFER_SRC | TRANSFER_DST | SAMPLED | STORAGE | COLOR_ATTACHMENT | INPUT_ATTACHMENT
NSDIAG gbuffer target target_id=1879048212 exists=true recreate=false colors=3 depth=true extent=1280x720
NSDIAG deferred-target label='deferred_lighting' gbuffer_target=1879048212 lit_target=1879048196 lit_initialized_before=false
NSDIAG vkCreateSwapchainKHR format=B8G8R8A8_SRGB usage=TRANSFER_SRC | TRANSFER_DST | COLOR_ATTACHMENT bits=0x13 supported=TRANSFER_SRC | TRANSFER_DST | SAMPLED | STORAGE | COLOR_ATTACHMENT | INPUT_ATTACHMENT
NSDIAG gbuffer target target_id=1879048212 exists=true recreate=false colors=3 depth=true extent=1280x720
NSDIAG deferred-target label='deferred_lighting' gbuffer_target=1879048212 lit_target=1879048196 lit_initialized_before=false
NSDIAG vkCreateSwapchainKHR format=B8G8R8A8_SRGB usage=TRANSFER_SRC | TRANSFER_DST | COLOR_ATTACHMENT bits=0x13 supported=TRANSFER_SRC | TRANSFER_DST | SAMPLED | STORAGE | COLOR_ATTACHMENT | INPUT_ATTACHMENT
NSDIAG gbuffer target target_id=1879048212 exists=true recreate=false colors=3 depth=true extent=1280x720
NSDIAG deferred-target label='deferred_lighting' gbuffer_target=1879048212 lit_target=1879048196 lit_initialized_before=false
NSDIAG vkCreateSwapchainKHR format=B8G8R8A8_SRGB usage=TRANSFER_SRC | TRANSFER_DST | COLOR_ATTACHMENT bits=0x13 supported=TRANSFER_SRC | TRANSFER_DST | SAMPLED | STORAGE | COLOR_ATTACHMENT | INPUT_ATTACHMENT
NSDIAG gbuffer target target_id=1879048212 exists=true recreate=false colors=3 depth=true extent=1280x720
NSDIAG deferred-target label='deferred_lighting' gbuffer_target=1879048212 lit_target=1879048196 lit_initialized_before=false
NSDIAG vkCreateSwapchainKHR format=B8G8R8A8_SRGB usage=TRANSFER_SRC | TRANSFER_DST | COLOR_ATTACHMENT bits=0x13 supported=TRANSFER_SRC | TRANSFER_DST | SAMPLED | STORAGE | COLOR_ATTACHMENT | INPUT_ATTACHMENT
NSDIAG gbuffer target target_id=1879048212 exists=true recreate=false colors=3 depth=true extent=1280x720
NSDIAG deferred-target label='deferred_lighting' gbuffer_target=1879048212 lit_target=1879048196 lit_initialized_before=false
NSDIAG vkCreateSwapchainKHR format=B8G8R8A8_SRGB usage=TRANSFER_SRC | TRANSFER_DST | COLOR_ATTACHMENT bits=0x13 supported=TRANSFER_SRC | TRANSFER_DST | SAMPLED | STORAGE | COLOR_ATTACHMENT | INPUT_ATTACHMENT
NSDIAG gbuffer target target_id=1879048212 exists=true recreate=false colors=3 depth=true extent=1280x720
NSDIAG deferred-target label='deferred_lighting' gbuffer_target=1879048212 lit_target=1879048196 lit_initialized_before=false
NSDIAG vkCreateSwapchainKHR format=B8G8R8A8_SRGB usage=TRANSFER_SRC | TRANSFER_DST | COLOR_ATTACHMENT bits=0x13 supported=TRANSFER_SRC | TRANSFER_DST | SAMPLED | STORAGE | COLOR_ATTACHMENT | INPUT_ATTACHMENT
NSDIAG gbuffer target target_id=1879048212 exists=true recreate=false colors=3 depth=true extent=1280x720
NSDIAG deferred-target label='deferred_lighting' gbuffer_target=1879048212 lit_target=1879048196 lit_initialized_before=false
NSDIAG vkCreateSwapchainKHR format=B8G8R8A8_SRGB usage=TRANSFER_SRC | TRANSFER_DST | COLOR_ATTACHMENT bits=0x13 supported=TRANSFER_SRC | TRANSFER_DST | SAMPLED | STORAGE | COLOR_ATTACHMENT | INPUT_ATTACHMENT
NSDIAG gbuffer target target_id=1879048212 exists=true recreate=false colors=3 depth=true extent=1280x720
NSDIAG deferred-target label='deferred_lighting' gbuffer_target=1879048212 lit_target=1879048196 lit_initialized_before=false
NSDIAG vkCreateSwapchainKHR format=B8G8R8A8_SRGB usage=TRANSFER_SRC | TRANSFER_DST | COLOR_ATTACHMENT bits=0x13 supported=TRANSFER_SRC | TRANSFER_DST | SAMPLED | STORAGE | COLOR_ATTACHMENT | INPUT_ATTACHMENT
NSDIAG gbuffer target target_id=1879048212 exists=true recreate=false colors=3 depth=true extent=1280x720
NSDIAG deferred-target label='deferred_lighting' gbuffer_target=1879048212 lit_target=1879048196 lit_initialized_before=false
NSDIAG vkCreateSwapchainKHR format=B8G8R8A8_SRGB usage=TRANSFER_SRC | TRANSFER_DST | COLOR_ATTACHMENT bits=0x13 supported=TRANSFER_SRC | TRANSFER_DST | SAMPLED | STORAGE | COLOR_ATTACHMENT | INPUT_ATTACHMENT
NSDIAG gbuffer target target_id=1879048212 exists=true recreate=false colors=3 depth=true extent=1280x720
NSDIAG deferred-target label='deferred_lighting' gbuffer_target=1879048212 lit_target=1879048196 lit_initialized_before=false
NSDIAG vkCreateSwapchainKHR format=B8G8R8A8_SRGB usage=TRANSFER_SRC | TRANSFER_DST | COLOR_ATTACHMENT bits=0x13 supported=TRANSFER_SRC | TRANSFER_DST | SAMPLED | STORAGE | COLOR_ATTACHMENT | INPUT_ATTACHMENT
NSDIAG gbuffer target target_id=1879048212 exists=true recreate=false colors=3 depth=true extent=1280x720
NSDIAG deferred-target label='deferred_lighting' gbuffer_target=1879048212 lit_target=1879048196 lit_initialized_before=false
NSDIAG vkCreateSwapchainKHR format=B8G8R8A8_SRGB usage=TRANSFER_SRC | TRANSFER_DST | COLOR_ATTACHMENT bits=0x13 supported=TRANSFER_SRC | TRANSFER_DST | SAMPLED | STORAGE | COLOR_ATTACHMENT | INPUT_ATTACHMENT
NSDIAG gbuffer target target_id=1879048212 exists=true recreate=false colors=3 depth=true extent=1280x720
NSDIAG deferred-target label='deferred_lighting' gbuffer_target=1879048212 lit_target=1879048196 lit_initialized_before=false
NSDIAG vkCreateSwapchainKHR format=B8G8R8A8_SRGB usage=TRANSFER_SRC | TRANSFER_DST | COLOR_ATTACHMENT bits=0x13 supported=TRANSFER_SRC | TRANSFER_DST | SAMPLED | STORAGE | COLOR_ATTACHMENT | INPUT_ATTACHMENT
NSDIAG gbuffer target target_id=1879048212 exists=true recreate=false colors=3 depth=true extent=1280x720
NSDIAG deferred-target label='deferred_lighting' gbuffer_target=1879048212 lit_target=1879048196 lit_initialized_before=false
NSDIAG vkCreateSwapchainKHR format=B8G8R8A8_SRGB usage=TRANSFER_SRC | TRANSFER_DST | COLOR_ATTACHMENT bits=0x13 supported=TRANSFER_SRC | TRANSFER_DST | SAMPLED | STORAGE | COLOR_ATTACHMENT | INPUT_ATTACHMENT
NSDIAG gbuffer target target_id=1879048212 exists=true recreate=false colors=3 depth=true extent=1280x720
NSDIAG deferred-target label='deferred_lighting' gbuffer_target=1879048212 lit_target=1879048196 lit_initialized_before=false
NSDIAG vkCreateSwapchainKHR format=B8G8R8A8_SRGB usage=TRANSFER_SRC | TRANSFER_DST | COLOR_ATTACHMENT bits=0x13 supported=TRANSFER_SRC | TRANSFER_DST | SAMPLED | STORAGE | COLOR_ATTACHMENT | INPUT_ATTACHMENT
NSDIAG gbuffer target target_id=1879048212 exists=true recreate=false colors=3 depth=true extent=1280x720
NSDIAG deferred-target label='deferred_lighting' gbuffer_target=1879048212 lit_target=1879048196 lit_initialized_before=false
NSDIAG vkCreateSwapchainKHR format=B8G8R8A8_SRGB usage=TRANSFER_SRC | TRANSFER_DST | COLOR_ATTACHMENT bits=0x13 supported=TRANSFER_SRC | TRANSFER_DST | SAMPLED | STORAGE | COLOR_ATTACHMENT | INPUT_ATTACHMENT
NSDIAG gbuffer target target_id=1879048212 exists=true recreate=false colors=3 depth=true extent=1280x720
NSDIAG deferred-target label='deferred_lighting' gbuffer_target=1879048212 lit_target=1879048196 lit_initialized_before=false
NSDIAG vkCreateSwapchainKHR format=B8G8R8A8_SRGB usage=TRANSFER_SRC | TRANSFER_DST | COLOR_ATTACHMENT bits=0x13 supported=TRANSFER_SRC | TRANSFER_DST | SAMPLED | STORAGE | COLOR_ATTACHMENT | INPUT_ATTACHMENT
NSDIAG gbuffer target target_id=1879048212 exists=true recreate=false colors=3 depth=true extent=1280x720
NSDIAG deferred-target label='deferred_lighting' gbuffer_target=1879048212 lit_target=1879048196 lit_initialized_before=false
NSDIAG vkCreateSwapchainKHR format=B8G8R8A8_SRGB usage=TRANSFER_SRC | TRANSFER_DST | COLOR_ATTACHMENT bits=0x13 supported=TRANSFER_SRC | TRANSFER_DST | SAMPLED | STORAGE | COLOR_ATTACHMENT | INPUT_ATTACHMENT
NSDIAG gbuffer target target_id=1879048212 exists=true recreate=false colors=3 depth=true extent=1280x720
NSDIAG deferred-target label='deferred_lighting' gbuffer_target=1879048212 lit_target=1879048196 lit_initialized_before=false
NSDIAG vkCreateSwapchainKHR format=B8G8R8A8_SRGB usage=TRANSFER_SRC | TRANSFER_DST | COLOR_ATTACHMENT bits=0x13 supported=TRANSFER_SRC | TRANSFER_DST | SAMPLED | STORAGE | COLOR_ATTACHMENT | INPUT_ATTACHMENT
NSDIAG gbuffer target target_id=1879048212 exists=true recreate=false colors=3 depth=true extent=1280x720
NSDIAG deferred-target label='deferred_lighting' gbuffer_target=1879048212 lit_target=1879048196 lit_initialized_before=false
NSDIAG vkCreateSwapchainKHR format=B8G8R8A8_SRGB usage=TRANSFER_SRC | TRANSFER_DST | COLOR_ATTACHMENT bits=0x13 supported=TRANSFER_SRC | TRANSFER_DST | SAMPLED | STORAGE | COLOR_ATTACHMENT | INPUT_ATTACHMENT
NSDIAG gbuffer target target_id=1879048212 exists=true recreate=false colors=3 depth=true extent=1280x720
NSDIAG deferred-target label='deferred_lighting' gbuffer_target=1879048212 lit_target=1879048196 lit_initialized_before=false
NSDIAG vkCreateSwapchainKHR format=B8G8R8A8_SRGB usage=TRANSFER_SRC | TRANSFER_DST | COLOR_ATTACHMENT bits=0x13 supported=TRANSFER_SRC | TRANSFER_DST | SAMPLED | STORAGE | COLOR_ATTACHMENT | INPUT_ATTACHMENT
NSDIAG gbuffer target target_id=1879048212 exists=true recreate=false colors=3 depth=true extent=1280x720
NSDIAG graph-pass begin frame=1020 id=120 label='shadow_cascade_map' kind=ShadowCascadeMap queue=Graphics draws=164
NSDIAG graph-pass end frame=1020 id=120 label='shadow_cascade_map' kind=ShadowCascadeMap ok=true
NSDIAG graph-pass begin frame=1020 id=560 label='particle_simulation' kind=ParticleSimulation queue=Compute draws=0
NSDIAG graph-pass end frame=1020 id=560 label='particle_simulation' kind=ParticleSimulation ok=true
NSDIAG graph-pass begin frame=1020 id=300 label='viewport_gbuffer' kind=GBuffer queue=Graphics draws=16
NSDIAG graph-pass end frame=1020 id=300 label='viewport_gbuffer' kind=GBuffer ok=true
NSDIAG graph-pass begin frame=1020 id=400 label='deferred_lighting' kind=DeferredLighting queue=Graphics draws=0
NSDIAG deferred-target label='deferred_lighting' gbuffer_target=1879048212 lit_target=1879048196 lit_initialized_before=false
NSDIAG graph-pass end frame=1020 id=400 label='deferred_lighting' kind=DeferredLighting ok=false
NSDIAG vkCreateSwapchainKHR format=B8G8R8A8_SRGB usage=TRANSFER_SRC | TRANSFER_DST | COLOR_ATTACHMENT bits=0x13 supported=TRANSFER_SRC | TRANSFER_DST | SAMPLED | STORAGE | COLOR_ATTACHMENT | INPUT_ATTACHMENT
NSDIAG gbuffer target target_id=1879048212 exists=true recreate=false colors=3 depth=true extent=1280x720
NSDIAG deferred-target label='deferred_lighting' gbuffer_target=1879048212 lit_target=1879048196 lit_initialized_before=false
NSDIAG vkCreateSwapchainKHR format=B8G8R8A8_SRGB usage=TRANSFER_SRC | TRANSFER_DST | COLOR_ATTACHMENT bits=0x13 supported=TRANSFER_SRC | TRANSFER_DST | SAMPLED | STORAGE | COLOR_ATTACHMENT | INPUT_ATTACHMENT
NSDIAG gbuffer target target_id=1879048212 exists=true recreate=false colors=3 depth=true extent=1280x720
NSDIAG deferred-target label='deferred_lighting' gbuffer_target=1879048212 lit_target=1879048196 lit_initialized_before=false
NSDIAG vkCreateSwapchainKHR format=B8G8R8A8_SRGB usage=TRANSFER_SRC | TRANSFER_DST | COLOR_ATTACHMENT bits=0x13 supported=TRANSFER_SRC | TRANSFER_DST | SAMPLED | STORAGE | COLOR_ATTACHMENT | INPUT_ATTACHMENT
NSDIAG gbuffer target target_id=1879048212 exists=true recreate=false colors=3 depth=true extent=1280x720
NSDIAG deferred-target label='deferred_lighting' gbuffer_target=1879048212 lit_target=1879048196 lit_initialized_before=false
NSDIAG vkCreateSwapchainKHR format=B8G8R8A8_SRGB usage=TRANSFER_SRC | TRANSFER_DST | COLOR_ATTACHMENT bits=0x13 supported=TRANSFER_SRC | TRANSFER_DST | SAMPLED | STORAGE | COLOR_ATTACHMENT | INPUT_ATTACHMENT
NSDIAG gbuffer target target_id=1879048212 exists=true recreate=false colors=3 depth=true extent=1280x720
NSDIAG deferred-target label='deferred_lighting' gbuffer_target=1879048212 lit_target=1879048196 lit_initialized_before=false
NSDIAG vkCreateSwapchainKHR format=B8G8R8A8_SRGB usage=TRANSFER_SRC | TRANSFER_DST | COLOR_ATTACHMENT bits=0x13 supported=TRANSFER_SRC | TRANSFER_DST | SAMPLED | STORAGE | COLOR_ATTACHMENT | INPUT_ATTACHMENT
NSDIAG gbuffer target target_id=1879048212 exists=true recreate=false colors=3 depth=true extent=1280x720
NSDIAG deferred-target label='deferred_lighting' gbuffer_target=1879048212 lit_target=1879048196 lit_initialized_before=false
NSDIAG vkCreateSwapchainKHR format=B8G8R8A8_SRGB usage=TRANSFER_SRC | TRANSFER_DST | COLOR_ATTACHMENT bits=0x13 supported=TRANSFER_SRC | TRANSFER_DST | SAMPLED | STORAGE | COLOR_ATTACHMENT | INPUT_ATTACHMENT
NSDIAG gbuffer target target_id=1879048212 exists=true recreate=false colors=3 depth=true extent=1280x720
NSDIAG deferred-target label='deferred_lighting' gbuffer_target=1879048212 lit_target=1879048196 lit_initialized_before=false
NSDIAG vkCreateSwapchainKHR format=B8G8R8A8_SRGB usage=TRANSFER_SRC | TRANSFER_DST | COLOR_ATTACHMENT bits=0x13 supported=TRANSFER_SRC | TRANSFER_DST | SAMPLED | STORAGE | COLOR_ATTACHMENT | INPUT_ATTACHMENT
NSDIAG gbuffer target target_id=1879048212 exists=true recreate=false colors=3 depth=true extent=1280x720
NSDIAG deferred-target label='deferred_lighting' gbuffer_target=1879048212 lit_target=1879048196 lit_initialized_before=false
NSDIAG vkCreateSwapchainKHR format=B8G8R8A8_SRGB usage=TRANSFER_SRC | TRANSFER_DST | COLOR_ATTACHMENT bits=0x13 supported=TRANSFER_SRC | TRANSFER_DST | SAMPLED | STORAGE | COLOR_ATTACHMENT | INPUT_ATTACHMENT
NSDIAG gbuffer target target_id=1879048212 exists=true recreate=false colors=3 depth=true extent=1280x720
NSDIAG deferred-target label='deferred_lighting' gbuffer_target=1879048212 lit_target=1879048196 lit_initialized_before=false
NSDIAG vkCreateSwapchainKHR format=B8G8R8A8_SRGB usage=TRANSFER_SRC | TRANSFER_DST | COLOR_ATTACHMENT bits=0x13 supported=TRANSFER_SRC | TRANSFER_DST | SAMPLED | STORAGE | COLOR_ATTACHMENT | INPUT_ATTACHMENT
NSDIAG gbuffer target target_id=1879048212 exists=true recreate=false colors=3 depth=true extent=1280x720
NSDIAG deferred-target label='deferred_lighting' gbuffer_target=1879048212 lit_target=1879048196 lit_initialized_before=false
NSDIAG vkCreateSwapchainKHR format=B8G8R8A8_SRGB usage=TRANSFER_SRC | TRANSFER_DST | COLOR_ATTACHMENT bits=0x13 supported=TRANSFER_SRC | TRANSFER_DST | SAMPLED | STORAGE | COLOR_ATTACHMENT | INPUT_ATTACHMENT
NSDIAG gbuffer target target_id=1879048212 exists=true recreate=false colors=3 depth=true extent=1280x720
NSDIAG deferred-target label='deferred_lighting' gbuffer_target=1879048212 lit_target=1879048196 lit_initialized_before=false
NSDIAG vkCreateSwapchainKHR format=B8G8R8A8_SRGB usage=TRANSFER_SRC | TRANSFER_DST | COLOR_ATTACHMENT bits=0x13 supported=TRANSFER_SRC | TRANSFER_DST | SAMPLED | STORAGE | COLOR_ATTACHMENT | INPUT_ATTACHMENT
NSDIAG gbuffer target target_id=1879048212 exists=true recreate=false colors=3 depth=true extent=1280x720
NSDIAG deferred-target label='deferred_lighting' gbuffer_target=1879048212 lit_target=1879048196 lit_initialized_before=false
NSDIAG vkCreateSwapchainKHR format=B8G8R8A8_SRGB usage=TRANSFER_SRC | TRANSFER_DST | COLOR_ATTACHMENT bits=0x13 supported=TRANSFER_SRC | TRANSFER_DST | SAMPLED | STORAGE | COLOR_ATTACHMENT | INPUT_ATTACHMENT
NSDIAG gbuffer target target_id=1879048212 exists=true recreate=false colors=3 depth=true extent=1280x720
NSDIAG deferred-target label='deferred_lighting' gbuffer_target=1879048212 lit_target=1879048196 lit_initialized_before=false
NSDIAG vkCreateSwapchainKHR format=B8G8R8A8_SRGB usage=TRANSFER_SRC | TRANSFER_DST | COLOR_ATTACHMENT bits=0x13 supported=TRANSFER_SRC | TRANSFER_DST | SAMPLED | STORAGE | COLOR_ATTACHMENT | INPUT_ATTACHMENT
NSDIAG gbuffer target target_id=1879048212 exists=true recreate=false colors=3 depth=true extent=1280x720
NSDIAG deferred-target label='deferred_lighting' gbuffer_target=1879048212 lit_target=1879048196 lit_initialized_before=false
NSDIAG vkCreateSwapchainKHR format=B8G8R8A8_SRGB usage=TRANSFER_SRC | TRANSFER_DST | COLOR_ATTACHMENT bits=0x13 supported=TRANSFER_SRC | TRANSFER_DST | SAMPLED | STORAGE | COLOR_ATTACHMENT | INPUT_ATTACHMENT
NSDIAG gbuffer target target_id=1879048212 exists=true recreate=false colors=3 depth=true extent=1280x720
NSDIAG deferred-target label='deferred_lighting' gbuffer_target=1879048212 lit_target=1879048196 lit_initialized_before=false
NSDIAG vkCreateSwapchainKHR format=B8G8R8A8_SRGB usage=TRANSFER_SRC | TRANSFER_DST | COLOR_ATTACHMENT bits=0x13 supported=TRANSFER_SRC | TRANSFER_DST | SAMPLED | STORAGE | COLOR_ATTACHMENT | INPUT_ATTACHMENT
NSDIAG gbuffer target target_id=1879048212 exists=true recreate=false colors=3 depth=true extent=1280x720
NSDIAG deferred-target label='deferred_lighting' gbuffer_target=1879048212 lit_target=1879048196 lit_initialized_before=false
NSDIAG vkCreateSwapchainKHR format=B8G8R8A8_SRGB usage=TRANSFER_SRC | TRANSFER_DST | COLOR_ATTACHMENT bits=0x13 supported=TRANSFER_SRC | TRANSFER_DST | SAMPLED | STORAGE | COLOR_ATTACHMENT | INPUT_ATTACHMENT
NSDIAG gbuffer target target_id=1879048212 exists=true recreate=false colors=3 depth=true extent=1280x720
NSDIAG deferred-target label='deferred_lighting' gbuffer_target=1879048212 lit_target=1879048196 lit_initialized_before=false
NSDIAG vkCreateSwapchainKHR format=B8G8R8A8_SRGB usage=TRANSFER_SRC | TRANSFER_DST | COLOR_ATTACHMENT bits=0x13 supported=TRANSFER_SRC | TRANSFER_DST | SAMPLED | STORAGE | COLOR_ATTACHMENT | INPUT_ATTACHMENT
NSDIAG gbuffer target target_id=1879048212 exists=true recreate=false colors=3 depth=true extent=1280x720
NSDIAG deferred-target label='deferred_lighting' gbuffer_target=1879048212 lit_target=1879048196 lit_initialized_before=false
NSDIAG vkCreateSwapchainKHR format=B8G8R8A8_SRGB usage=TRANSFER_SRC | TRANSFER_DST | COLOR_ATTACHMENT bits=0x13 supported=TRANSFER_SRC | TRANSFER_DST | SAMPLED | STORAGE | COLOR_ATTACHMENT | INPUT_ATTACHMENT
NSDIAG gbuffer target target_id=1879048212 exists=true recreate=false colors=3 depth=true extent=1280x720
NSDIAG deferred-target label='deferred_lighting' gbuffer_target=1879048212 lit_target=1879048196 lit_initialized_before=false
NSDIAG vkCreateSwapchainKHR format=B8G8R8A8_SRGB usage=TRANSFER_SRC | TRANSFER_DST | COLOR_ATTACHMENT bits=0x13 supported=TRANSFER_SRC | TRANSFER_DST | SAMPLED | STORAGE | COLOR_ATTACHMENT | INPUT_ATTACHMENT
NSDIAG gbuffer target target_id=1879048212 exists=true recreate=false colors=3 depth=true extent=1280x720
NSDIAG deferred-target label='deferred_lighting' gbuffer_target=1879048212 lit_target=1879048196 lit_initialized_before=false
NSDIAG vkCreateSwapchainKHR format=B8G8R8A8_SRGB usage=TRANSFER_SRC | TRANSFER_DST | COLOR_ATTACHMENT bits=0x13 supported=TRANSFER_SRC | TRANSFER_DST | SAMPLED | STORAGE | COLOR_ATTACHMENT | INPUT_ATTACHMENT
NSDIAG gbuffer target target_id=1879048212 exists=true recreate=false colors=3 depth=true extent=1280x720
NSDIAG deferred-target label='deferred_lighting' gbuffer_target=1879048212 lit_target=1879048196 lit_initialized_before=false
NSDIAG vkCreateSwapchainKHR format=B8G8R8A8_SRGB usage=TRANSFER_SRC | TRANSFER_DST | COLOR_ATTACHMENT bits=0x13 supported=TRANSFER_SRC | TRANSFER_DST | SAMPLED | STORAGE | COLOR_ATTACHMENT | INPUT_ATTACHMENT
NSDIAG gbuffer target target_id=1879048212 exists=true recreate=false colors=3 depth=true extent=1280x720
NSDIAG deferred-target label='deferred_lighting' gbuffer_target=1879048212 lit_target=1879048196 lit_initialized_before=false
NSDIAG vkCreateSwapchainKHR format=B8G8R8A8_SRGB usage=TRANSFER_SRC | TRANSFER_DST | COLOR_ATTACHMENT bits=0x13 supported=TRANSFER_SRC | TRANSFER_DST | SAMPLED | STORAGE | COLOR_ATTACHMENT | INPUT_ATTACHMENT
NSDIAG gbuffer target target_id=1879048212 exists=true recreate=false colors=3 depth=true extent=1280x720
NSDIAG deferred-target label='deferred_lighting' gbuffer_target=1879048212 lit_target=1879048196 lit_initialized_before=false
NSDIAG vkCreateSwapchainKHR format=B8G8R8A8_SRGB usage=TRANSFER_SRC | TRANSFER_DST | COLOR_ATTACHMENT bits=0x13 supported=TRANSFER_SRC | TRANSFER_DST | SAMPLED | STORAGE | COLOR_ATTACHMENT | INPUT_ATTACHMENT
NSDIAG gbuffer target target_id=1879048212 exists=true recreate=false colors=3 depth=true extent=1280x720
NSDIAG deferred-target label='deferred_lighting' gbuffer_target=1879048212 lit_target=1879048196 lit_initialized_before=false
NSDIAG vkCreateSwapchainKHR format=B8G8R8A8_SRGB usage=TRANSFER_SRC | TRANSFER_DST | COLOR_ATTACHMENT bits=0x13 supported=TRANSFER_SRC | TRANSFER_DST | SAMPLED | STORAGE | COLOR_ATTACHMENT | INPUT_ATTACHMENT
NSDIAG gbuffer target target_id=1879048212 exists=true recreate=false colors=3 depth=true extent=1280x720
NSDIAG deferred-target label='deferred_lighting' gbuffer_target=1879048212 lit_target=1879048196 lit_initialized_before=false
NSDIAG vkCreateSwapchainKHR format=B8G8R8A8_SRGB usage=TRANSFER_SRC | TRANSFER_DST | COLOR_ATTACHMENT bits=0x13 supported=TRANSFER_SRC | TRANSFER_DST | SAMPLED | STORAGE | COLOR_ATTACHMENT | INPUT_ATTACHMENT
NSDIAG gbuffer target target_id=1879048212 exists=true recreate=false colors=3 depth=true extent=1280x720
NSDIAG deferred-target label='deferred_lighting' gbuffer_target=1879048212 lit_target=1879048196 lit_initialized_before=false
NSDIAG vkCreateSwapchainKHR format=B8G8R8A8_SRGB usage=TRANSFER_SRC | TRANSFER_DST | COLOR_ATTACHMENT bits=0x13 supported=TRANSFER_SRC | TRANSFER_DST | SAMPLED | STORAGE | COLOR_ATTACHMENT | INPUT_ATTACHMENT
NSDIAG gbuffer target target_id=1879048212 exists=true recreate=false colors=3 depth=true extent=1280x720
NSDIAG deferred-target label='deferred_lighting' gbuffer_target=1879048212 lit_target=1879048196 lit_initialized_before=false
NSDIAG vkCreateSwapchainKHR format=B8G8R8A8_SRGB usage=TRANSFER_SRC | TRANSFER_DST | COLOR_ATTACHMENT bits=0x13 supported=TRANSFER_SRC | TRANSFER_DST | SAMPLED | STORAGE | COLOR_ATTACHMENT | INPUT_ATTACHMENT
NSDIAG gbuffer target target_id=1879048212 exists=true recreate=false colors=3 depth=true extent=1280x720
NSDIAG deferred-target label='deferred_lighting' gbuffer_target=1879048212 lit_target=1879048196 lit_initialized_before=false
NSDIAG vkCreateSwapchainKHR format=B8G8R8A8_SRGB usage=TRANSFER_SRC | TRANSFER_DST | COLOR_ATTACHMENT bits=0x13 supported=TRANSFER_SRC | TRANSFER_DST | SAMPLED | STORAGE | COLOR_ATTACHMENT | INPUT_ATTACHMENT
NSDIAG gbuffer target target_id=1879048212 exists=true recreate=false colors=3 depth=true extent=1280x720
NSDIAG deferred-target label='deferred_lighting' gbuffer_target=1879048212 lit_target=1879048196 lit_initialized_before=false
NSDIAG vkCreateSwapchainKHR format=B8G8R8A8_SRGB usage=TRANSFER_SRC | TRANSFER_DST | COLOR_ATTACHMENT bits=0x13 supported=TRANSFER_SRC | TRANSFER_DST | SAMPLED | STORAGE | COLOR_ATTACHMENT | INPUT_ATTACHMENT
NSDIAG gbuffer target target_id=1879048212 exists=true recreate=false colors=3 depth=true extent=1280x720
NSDIAG deferred-target label='deferred_lighting' gbuffer_target=1879048212 lit_target=1879048196 lit_initialized_before=false
NSDIAG vkCreateSwapchainKHR format=B8G8R8A8_SRGB usage=TRANSFER_SRC | TRANSFER_DST | COLOR_ATTACHMENT bits=0x13 supported=TRANSFER_SRC | TRANSFER_DST | SAMPLED | STORAGE | COLOR_ATTACHMENT | INPUT_ATTACHMENT
NSDIAG gbuffer target target_id=1879048212 exists=true recreate=false colors=3 depth=true extent=1280x720
NSDIAG graph-pass begin frame=1050 id=120 label='shadow_cascade_map' kind=ShadowCascadeMap queue=Graphics draws=164
NSDIAG graph-pass end frame=1050 id=120 label='shadow_cascade_map' kind=ShadowCascadeMap ok=true
NSDIAG graph-pass begin frame=1050 id=560 label='particle_simulation' kind=ParticleSimulation queue=Compute draws=0
NSDIAG graph-pass end frame=1050 id=560 label='particle_simulation' kind=ParticleSimulation ok=true
NSDIAG graph-pass begin frame=1050 id=300 label='viewport_gbuffer' kind=GBuffer queue=Graphics draws=16
NSDIAG graph-pass end frame=1050 id=300 label='viewport_gbuffer' kind=GBuffer ok=true
NSDIAG graph-pass begin frame=1050 id=400 label='deferred_lighting' kind=DeferredLighting queue=Graphics draws=0
NSDIAG deferred-target label='deferred_lighting' gbuffer_target=1879048212 lit_target=1879048196 lit_initialized_before=false
NSDIAG graph-pass end frame=1050 id=400 label='deferred_lighting' kind=DeferredLighting ok=false
NSDIAG vkCreateSwapchainKHR format=B8G8R8A8_SRGB usage=TRANSFER_SRC | TRANSFER_DST | COLOR_ATTACHMENT bits=0x13 supported=TRANSFER_SRC | TRANSFER_DST | SAMPLED | STORAGE | COLOR_ATTACHMENT | INPUT_ATTACHMENT
NSDIAG gbuffer target target_id=1879048212 exists=true recreate=false colors=3 depth=true extent=1280x720
NSDIAG deferred-target label='deferred_lighting' gbuffer_target=1879048212 lit_target=1879048196 lit_initialized_before=false
NSDIAG vkCreateSwapchainKHR format=B8G8R8A8_SRGB usage=TRANSFER_SRC | TRANSFER_DST | COLOR_ATTACHMENT bits=0x13 supported=TRANSFER_SRC | TRANSFER_DST | SAMPLED | STORAGE | COLOR_ATTACHMENT | INPUT_ATTACHMENT
NSDIAG gbuffer target target_id=1879048212 exists=true recreate=false colors=3 depth=true extent=1280x720
NSDIAG deferred-target label='deferred_lighting' gbuffer_target=1879048212 lit_target=1879048196 lit_initialized_before=false
NSDIAG vkCreateSwapchainKHR format=B8G8R8A8_SRGB usage=TRANSFER_SRC | TRANSFER_DST | COLOR_ATTACHMENT bits=0x13 supported=TRANSFER_SRC | TRANSFER_DST | SAMPLED | STORAGE | COLOR_ATTACHMENT | INPUT_ATTACHMENT
NSDIAG gbuffer target target_id=1879048212 exists=true recreate=false colors=3 depth=true extent=1280x720
NSDIAG deferred-target label='deferred_lighting' gbuffer_target=1879048212 lit_target=1879048196 lit_initialized_before=false
NSDIAG vkCreateSwapchainKHR format=B8G8R8A8_SRGB usage=TRANSFER_SRC | TRANSFER_DST | COLOR_ATTACHMENT bits=0x13 supported=TRANSFER_SRC | TRANSFER_DST | SAMPLED | STORAGE | COLOR_ATTACHMENT | INPUT_ATTACHMENT
NSDIAG gbuffer target target_id=1879048212 exists=true recreate=false colors=3 depth=true extent=1280x720
NSDIAG deferred-target label='deferred_lighting' gbuffer_target=1879048212 lit_target=1879048196 lit_initialized_before=false
NSDIAG vkCreateSwapchainKHR format=B8G8R8A8_SRGB usage=TRANSFER_SRC | TRANSFER_DST | COLOR_ATTACHMENT bits=0x13 supported=TRANSFER_SRC | TRANSFER_DST | SAMPLED | STORAGE | COLOR_ATTACHMENT | INPUT_ATTACHMENT
NSDIAG gbuffer target target_id=1879048212 exists=true recreate=false colors=3 depth=true extent=1280x720
NSDIAG deferred-target label='deferred_lighting' gbuffer_target=1879048212 lit_target=1879048196 lit_initialized_before=false
NSDIAG vkCreateSwapchainKHR format=B8G8R8A8_SRGB usage=TRANSFER_SRC | TRANSFER_DST | COLOR_ATTACHMENT bits=0x13 supported=TRANSFER_SRC | TRANSFER_DST | SAMPLED | STORAGE | COLOR_ATTACHMENT | INPUT_ATTACHMENT
NSDIAG gbuffer target target_id=1879048212 exists=true recreate=false colors=3 depth=true extent=1280x720
NSDIAG deferred-target label='deferred_lighting' gbuffer_target=1879048212 lit_target=1879048196 lit_initialized_before=false
NSDIAG vkCreateSwapchainKHR format=B8G8R8A8_SRGB usage=TRANSFER_SRC | TRANSFER_DST | COLOR_ATTACHMENT bits=0x13 supported=TRANSFER_SRC | TRANSFER_DST | SAMPLED | STORAGE | COLOR_ATTACHMENT | INPUT_ATTACHMENT
NSDIAG gbuffer target target_id=1879048212 exists=true recreate=false colors=3 depth=true extent=1280x720
NSDIAG deferred-target label='deferred_lighting' gbuffer_target=1879048212 lit_target=1879048196 lit_initialized_before=false
NSDIAG vkCreateSwapchainKHR format=B8G8R8A8_SRGB usage=TRANSFER_SRC | TRANSFER_DST | COLOR_ATTACHMENT bits=0x13 supported=TRANSFER_SRC | TRANSFER_DST | SAMPLED | STORAGE | COLOR_ATTACHMENT | INPUT_ATTACHMENT
NSDIAG gbuffer target target_id=1879048212 exists=true recreate=false colors=3 depth=true extent=1280x720
NSDIAG deferred-target label='deferred_lighting' gbuffer_target=1879048212 lit_target=1879048196 lit_initialized_before=false
NSDIAG vkCreateSwapchainKHR format=B8G8R8A8_SRGB usage=TRANSFER_SRC | TRANSFER_DST | COLOR_ATTACHMENT bits=0x13 supported=TRANSFER_SRC | TRANSFER_DST | SAMPLED | STORAGE | COLOR_ATTACHMENT | INPUT_ATTACHMENT
NSDIAG gbuffer target target_id=1879048212 exists=true recreate=false colors=3 depth=true extent=1280x720
NSDIAG deferred-target label='deferred_lighting' gbuffer_target=1879048212 lit_target=1879048196 lit_initialized_before=false
NSDIAG vkCreateSwapchainKHR format=B8G8R8A8_SRGB usage=TRANSFER_SRC | TRANSFER_DST | COLOR_ATTACHMENT bits=0x13 supported=TRANSFER_SRC | TRANSFER_DST | SAMPLED | STORAGE | COLOR_ATTACHMENT | INPUT_ATTACHMENT
NSDIAG gbuffer target target_id=1879048212 exists=true recreate=false colors=3 depth=true extent=1280x720
NSDIAG deferred-target label='deferred_lighting' gbuffer_target=1879048212 lit_target=1879048196 lit_initialized_before=false
NSDIAG vkCreateSwapchainKHR format=B8G8R8A8_SRGB usage=TRANSFER_SRC | TRANSFER_DST | COLOR_ATTACHMENT bits=0x13 supported=TRANSFER_SRC | TRANSFER_DST | SAMPLED | STORAGE | COLOR_ATTACHMENT | INPUT_ATTACHMENT
NSDIAG gbuffer target target_id=1879048212 exists=true recreate=false colors=3 depth=true extent=1280x720
NSDIAG deferred-target label='deferred_lighting' gbuffer_target=1879048212 lit_target=1879048196 lit_initialized_before=false
NSDIAG vkCreateSwapchainKHR format=B8G8R8A8_SRGB usage=TRANSFER_SRC | TRANSFER_DST | COLOR_ATTACHMENT bits=0x13 supported=TRANSFER_SRC | TRANSFER_DST | SAMPLED | STORAGE | COLOR_ATTACHMENT | INPUT_ATTACHMENT
NSDIAG gbuffer target target_id=1879048212 exists=true recreate=false colors=3 depth=true extent=1280x720
NSDIAG deferred-target label='deferred_lighting' gbuffer_target=1879048212 lit_target=1879048196 lit_initialized_before=false
NSDIAG vkCreateSwapchainKHR format=B8G8R8A8_SRGB usage=TRANSFER_SRC | TRANSFER_DST | COLOR_ATTACHMENT bits=0x13 supported=TRANSFER_SRC | TRANSFER_DST | SAMPLED | STORAGE | COLOR_ATTACHMENT | INPUT_ATTACHMENT
NSDIAG gbuffer target target_id=1879048212 exists=true recreate=false colors=3 depth=true extent=1280x720
NSDIAG deferred-target label='deferred_lighting' gbuffer_target=1879048212 lit_target=1879048196 lit_initialized_before=false
NSDIAG vkCreateSwapchainKHR format=B8G8R8A8_SRGB usage=TRANSFER_SRC | TRANSFER_DST | COLOR_ATTACHMENT bits=0x13 supported=TRANSFER_SRC | TRANSFER_DST | SAMPLED | STORAGE | COLOR_ATTACHMENT | INPUT_ATTACHMENT
NSDIAG gbuffer target target_id=1879048212 exists=true recreate=false colors=3 depth=true extent=1280x720
NSDIAG deferred-target label='deferred_lighting' gbuffer_target=1879048212 lit_target=1879048196 lit_initialized_before=false
NSDIAG vkCreateSwapchainKHR format=B8G8R8A8_SRGB usage=TRANSFER_SRC | TRANSFER_DST | COLOR_ATTACHMENT bits=0x13 supported=TRANSFER_SRC | TRANSFER_DST | SAMPLED | STORAGE | COLOR_ATTACHMENT | INPUT_ATTACHMENT
NSDIAG gbuffer target target_id=1879048212 exists=true recreate=false colors=3 depth=true extent=1280x720
NSDIAG deferred-target label='deferred_lighting' gbuffer_target=1879048212 lit_target=1879048196 lit_initialized_before=false
NSDIAG vkCreateSwapchainKHR format=B8G8R8A8_SRGB usage=TRANSFER_SRC | TRANSFER_DST | COLOR_ATTACHMENT bits=0x13 supported=TRANSFER_SRC | TRANSFER_DST | SAMPLED | STORAGE | COLOR_ATTACHMENT | INPUT_ATTACHMENT
NSDIAG gbuffer target target_id=1879048212 exists=true recreate=false colors=3 depth=true extent=1280x720
NSDIAG deferred-target label='deferred_lighting' gbuffer_target=1879048212 lit_target=1879048196 lit_initialized_before=false
NSDIAG vkCreateSwapchainKHR format=B8G8R8A8_SRGB usage=TRANSFER_SRC | TRANSFER_DST | COLOR_ATTACHMENT bits=0x13 supported=TRANSFER_SRC | TRANSFER_DST | SAMPLED | STORAGE | COLOR_ATTACHMENT | INPUT_ATTACHMENT
NSDIAG gbuffer target target_id=1879048212 exists=true recreate=false colors=3 depth=true extent=1280x720
NSDIAG deferred-target label='deferred_lighting' gbuffer_target=1879048212 lit_target=1879048196 lit_initialized_before=false
NSDIAG vkCreateSwapchainKHR format=B8G8R8A8_SRGB usage=TRANSFER_SRC | TRANSFER_DST | COLOR_ATTACHMENT bits=0x13 supported=TRANSFER_SRC | TRANSFER_DST | SAMPLED | STORAGE | COLOR_ATTACHMENT | INPUT_ATTACHMENT
NSDIAG gbuffer target target_id=1879048212 exists=true recreate=false colors=3 depth=true extent=1280x720
NSDIAG deferred-target label='deferred_lighting' gbuffer_target=1879048212 lit_target=1879048196 lit_initialized_before=false
NSDIAG vkCreateSwapchainKHR format=B8G8R8A8_SRGB usage=TRANSFER_SRC | TRANSFER_DST | COLOR_ATTACHMENT bits=0x13 supported=TRANSFER_SRC | TRANSFER_DST | SAMPLED | STORAGE | COLOR_ATTACHMENT | INPUT_ATTACHMENT
NSDIAG gbuffer target target_id=1879048212 exists=true recreate=false colors=3 depth=true extent=1280x720
NSDIAG deferred-target label='deferred_lighting' gbuffer_target=1879048212 lit_target=1879048196 lit_initialized_before=false
NSDIAG vkCreateSwapchainKHR format=B8G8R8A8_SRGB usage=TRANSFER_SRC | TRANSFER_DST | COLOR_ATTACHMENT bits=0x13 supported=TRANSFER_SRC | TRANSFER_DST | SAMPLED | STORAGE | COLOR_ATTACHMENT | INPUT_ATTACHMENT
NSDIAG gbuffer target target_id=1879048212 exists=true recreate=false colors=3 depth=true extent=1280x720
NSDIAG deferred-target label='deferred_lighting' gbuffer_target=1879048212 lit_target=1879048196 lit_initialized_before=false
NSDIAG vkCreateSwapchainKHR format=B8G8R8A8_SRGB usage=TRANSFER_SRC | TRANSFER_DST | COLOR_ATTACHMENT bits=0x13 supported=TRANSFER_SRC | TRANSFER_DST | SAMPLED | STORAGE | COLOR_ATTACHMENT | INPUT_ATTACHMENT
NSDIAG gbuffer target target_id=1879048212 exists=true recreate=false colors=3 depth=true extent=1280x720
NSDIAG deferred-target label='deferred_lighting' gbuffer_target=1879048212 lit_target=1879048196 lit_initialized_before=false
NSDIAG vkCreateSwapchainKHR format=B8G8R8A8_SRGB usage=TRANSFER_SRC | TRANSFER_DST | COLOR_ATTACHMENT bits=0x13 supported=TRANSFER_SRC | TRANSFER_DST | SAMPLED | STORAGE | COLOR_ATTACHMENT | INPUT_ATTACHMENT
NSDIAG gbuffer target target_id=1879048212 exists=true recreate=false colors=3 depth=true extent=1280x720
NSDIAG deferred-target label='deferred_lighting' gbuffer_target=1879048212 lit_target=1879048196 lit_initialized_before=false
NSDIAG vkCreateSwapchainKHR format=B8G8R8A8_SRGB usage=TRANSFER_SRC | TRANSFER_DST | COLOR_ATTACHMENT bits=0x13 supported=TRANSFER_SRC | TRANSFER_DST | SAMPLED | STORAGE | COLOR_ATTACHMENT | INPUT_ATTACHMENT
NSDIAG gbuffer target target_id=1879048212 exists=true recreate=false colors=3 depth=true extent=1280x720
NSDIAG deferred-target label='deferred_lighting' gbuffer_target=1879048212 lit_target=1879048196 lit_initialized_before=false
NSDIAG vkCreateSwapchainKHR format=B8G8R8A8_SRGB usage=TRANSFER_SRC | TRANSFER_DST | COLOR_ATTACHMENT bits=0x13 supported=TRANSFER_SRC | TRANSFER_DST | SAMPLED | STORAGE | COLOR_ATTACHMENT | INPUT_ATTACHMENT
NSDIAG gbuffer target target_id=1879048212 exists=true recreate=false colors=3 depth=true extent=1280x720
NSDIAG deferred-target label='deferred_lighting' gbuffer_target=1879048212 lit_target=1879048196 lit_initialized_before=false
NSDIAG vkCreateSwapchainKHR format=B8G8R8A8_SRGB usage=TRANSFER_SRC | TRANSFER_DST | COLOR_ATTACHMENT bits=0x13 supported=TRANSFER_SRC | TRANSFER_DST | SAMPLED | STORAGE | COLOR_ATTACHMENT | INPUT_ATTACHMENT
NSDIAG gbuffer target target_id=1879048212 exists=true recreate=false colors=3 depth=true extent=1280x720
NSDIAG deferred-target label='deferred_lighting' gbuffer_target=1879048212 lit_target=1879048196 lit_initialized_before=false
NSDIAG vkCreateSwapchainKHR format=B8G8R8A8_SRGB usage=TRANSFER_SRC | TRANSFER_DST | COLOR_ATTACHMENT bits=0x13 supported=TRANSFER_SRC | TRANSFER_DST | SAMPLED | STORAGE | COLOR_ATTACHMENT | INPUT_ATTACHMENT
NSDIAG gbuffer target target_id=1879048212 exists=true recreate=false colors=3 depth=true extent=1280x720
NSDIAG deferred-target label='deferred_lighting' gbuffer_target=1879048212 lit_target=1879048196 lit_initialized_before=false
NSDIAG vkCreateSwapchainKHR format=B8G8R8A8_SRGB usage=TRANSFER_SRC | TRANSFER_DST | COLOR_ATTACHMENT bits=0x13 supported=TRANSFER_SRC | TRANSFER_DST | SAMPLED | STORAGE | COLOR_ATTACHMENT | INPUT_ATTACHMENT
NSDIAG gbuffer target target_id=1879048212 exists=true recreate=false colors=3 depth=true extent=1280x720
NSDIAG deferred-target label='deferred_lighting' gbuffer_target=1879048212 lit_target=1879048196 lit_initialized_before=false
NSDIAG vkCreateSwapchainKHR format=B8G8R8A8_SRGB usage=TRANSFER_SRC | TRANSFER_DST | COLOR_ATTACHMENT bits=0x13 supported=TRANSFER_SRC | TRANSFER_DST | SAMPLED | STORAGE | COLOR_ATTACHMENT | INPUT_ATTACHMENT
NSDIAG gbuffer target target_id=1879048212 exists=true recreate=false colors=3 depth=true extent=1280x720
NSDIAG deferred-target label='deferred_lighting' gbuffer_target=1879048212 lit_target=1879048196 lit_initialized_before=false
NSDIAG vkCreateSwapchainKHR format=B8G8R8A8_SRGB usage=TRANSFER_SRC | TRANSFER_DST | COLOR_ATTACHMENT bits=0x13 supported=TRANSFER_SRC | TRANSFER_DST | SAMPLED | STORAGE | COLOR_ATTACHMENT | INPUT_ATTACHMENT
NSDIAG gbuffer target target_id=1879048212 exists=true recreate=false colors=3 depth=true extent=1280x720
NSDIAG deferred-target label='deferred_lighting' gbuffer_target=1879048212 lit_target=1879048196 lit_initialized_before=false
NSDIAG vkCreateSwapchainKHR format=B8G8R8A8_SRGB usage=TRANSFER_SRC | TRANSFER_DST | COLOR_ATTACHMENT bits=0x13 supported=TRANSFER_SRC | TRANSFER_DST | SAMPLED | STORAGE | COLOR_ATTACHMENT | INPUT_ATTACHMENT
[09:18:06.927] [[1;32mINFO [0m] render.shadow_setup.profile: frame=1080 total_ms=0.016 directional_plan_ms=0.007 directional_admission_ms=0.009 local_plan_ms=0.001 local_admission_ms=0.000 finalize_ms=0.000 render_directional=true render_local=false local_views=0
NSDIAG gbuffer target target_id=1879048212 exists=true recreate=false colors=3 depth=true extent=1280x720
NSDIAG graph-pass begin frame=1080 id=120 label='shadow_cascade_map' kind=ShadowCascadeMap queue=Graphics draws=164
NSDIAG graph-pass end frame=1080 id=120 label='shadow_cascade_map' kind=ShadowCascadeMap ok=true
NSDIAG graph-pass begin frame=1080 id=560 label='particle_simulation' kind=ParticleSimulation queue=Compute draws=0
NSDIAG graph-pass end frame=1080 id=560 label='particle_simulation' kind=ParticleSimulation ok=true
NSDIAG graph-pass begin frame=1080 id=300 label='viewport_gbuffer' kind=GBuffer queue=Graphics draws=16
NSDIAG graph-pass end frame=1080 id=300 label='viewport_gbuffer' kind=GBuffer ok=true
NSDIAG graph-pass begin frame=1080 id=400 label='deferred_lighting' kind=DeferredLighting queue=Graphics draws=0
NSDIAG deferred-target label='deferred_lighting' gbuffer_target=1879048212 lit_target=1879048196 lit_initialized_before=false
NSDIAG graph-pass end frame=1080 id=400 label='deferred_lighting' kind=DeferredLighting ok=false
NSDIAG vkCreateSwapchainKHR format=B8G8R8A8_SRGB usage=TRANSFER_SRC | TRANSFER_DST | COLOR_ATTACHMENT bits=0x13 supported=TRANSFER_SRC | TRANSFER_DST | SAMPLED | STORAGE | COLOR_ATTACHMENT | INPUT_ATTACHMENT
NSDIAG gbuffer target target_id=1879048212 exists=true recreate=false colors=3 depth=true extent=1280x720
NSDIAG deferred-target label='deferred_lighting' gbuffer_target=1879048212 lit_target=1879048196 lit_initialized_before=false
NSDIAG vkCreateSwapchainKHR format=B8G8R8A8_SRGB usage=TRANSFER_SRC | TRANSFER_DST | COLOR_ATTACHMENT bits=0x13 supported=TRANSFER_SRC | TRANSFER_DST | SAMPLED | STORAGE | COLOR_ATTACHMENT | INPUT_ATTACHMENT
NSDIAG gbuffer target target_id=1879048212 exists=true recreate=false colors=3 depth=true extent=1280x720
NSDIAG deferred-target label='deferred_lighting' gbuffer_target=1879048212 lit_target=1879048196 lit_initialized_before=false
NSDIAG vkCreateSwapchainKHR format=B8G8R8A8_SRGB usage=TRANSFER_SRC | TRANSFER_DST | COLOR_ATTACHMENT bits=0x13 supported=TRANSFER_SRC | TRANSFER_DST | SAMPLED | STORAGE | COLOR_ATTACHMENT | INPUT_ATTACHMENT
NSDIAG gbuffer target target_id=1879048212 exists=true recreate=false colors=3 depth=true extent=1280x720
NSDIAG deferred-target label='deferred_lighting' gbuffer_target=1879048212 lit_target=1879048196 lit_initialized_before=false
NSDIAG vkCreateSwapchainKHR format=B8G8R8A8_SRGB usage=TRANSFER_SRC | TRANSFER_DST | COLOR_ATTACHMENT bits=0x13 supported=TRANSFER_SRC | TRANSFER_DST | SAMPLED | STORAGE | COLOR_ATTACHMENT | INPUT_ATTACHMENT
NSDIAG gbuffer target target_id=1879048212 exists=true recreate=false colors=3 depth=true extent=1280x720
NSDIAG deferred-target label='deferred_lighting' gbuffer_target=1879048212 lit_target=1879048196 lit_initialized_before=false
NSDIAG vkCreateSwapchainKHR format=B8G8R8A8_SRGB usage=TRANSFER_SRC | TRANSFER_DST | COLOR_ATTACHMENT bits=0x13 supported=TRANSFER_SRC | TRANSFER_DST | SAMPLED | STORAGE | COLOR_ATTACHMENT | INPUT_ATTACHMENT
NSDIAG gbuffer target target_id=1879048212 exists=true recreate=false colors=3 depth=true extent=1280x720
NSDIAG deferred-target label='deferred_lighting' gbuffer_target=1879048212 lit_target=1879048196 lit_initialized_before=false
NSDIAG vkCreateSwapchainKHR format=B8G8R8A8_SRGB usage=TRANSFER_SRC | TRANSFER_DST | COLOR_ATTACHMENT bits=0x13 supported=TRANSFER_SRC | TRANSFER_DST | SAMPLED | STORAGE | COLOR_ATTACHMENT | INPUT_ATTACHMENT
NSDIAG gbuffer target target_id=1879048212 exists=true recreate=false colors=3 depth=true extent=1280x720
NSDIAG deferred-target label='deferred_lighting' gbuffer_target=1879048212 lit_target=1879048196 lit_initialized_before=false
NSDIAG vkCreateSwapchainKHR format=B8G8R8A8_SRGB usage=TRANSFER_SRC | TRANSFER_DST | COLOR_ATTACHMENT bits=0x13 supported=TRANSFER_SRC | TRANSFER_DST | SAMPLED | STORAGE | COLOR_ATTACHMENT | INPUT_ATTACHMENT
NSDIAG gbuffer target target_id=1879048212 exists=true recreate=false colors=3 depth=true extent=1280x720
NSDIAG deferred-target label='deferred_lighting' gbuffer_target=1879048212 lit_target=1879048196 lit_initialized_before=false
NSDIAG vkCreateSwapchainKHR format=B8G8R8A8_SRGB usage=TRANSFER_SRC | TRANSFER_DST | COLOR_ATTACHMENT bits=0x13 supported=TRANSFER_SRC | TRANSFER_DST | SAMPLED | STORAGE | COLOR_ATTACHMENT | INPUT_ATTACHMENT
NSDIAG gbuffer target target_id=1879048212 exists=true recreate=false colors=3 depth=true extent=1280x720
NSDIAG deferred-target label='deferred_lighting' gbuffer_target=1879048212 lit_target=1879048196 lit_initialized_before=false
NSDIAG vkCreateSwapchainKHR format=B8G8R8A8_SRGB usage=TRANSFER_SRC | TRANSFER_DST | COLOR_ATTACHMENT bits=0x13 supported=TRANSFER_SRC | TRANSFER_DST | SAMPLED | STORAGE | COLOR_ATTACHMENT | INPUT_ATTACHMENT
NSDIAG gbuffer target target_id=1879048212 exists=true recreate=false colors=3 depth=true extent=1280x720
NSDIAG deferred-target label='deferred_lighting' gbuffer_target=1879048212 lit_target=1879048196 lit_initialized_before=false
NSDIAG vkCreateSwapchainKHR format=B8G8R8A8_SRGB usage=TRANSFER_SRC | TRANSFER_DST | COLOR_ATTACHMENT bits=0x13 supported=TRANSFER_SRC | TRANSFER_DST | SAMPLED | STORAGE | COLOR_ATTACHMENT | INPUT_ATTACHMENT
NSDIAG gbuffer target target_id=1879048212 exists=true recreate=false colors=3 depth=true extent=1280x720
NSDIAG deferred-target label='deferred_lighting' gbuffer_target=1879048212 lit_target=1879048196 lit_initialized_before=false
NSDIAG vkCreateSwapchainKHR format=B8G8R8A8_SRGB usage=TRANSFER_SRC | TRANSFER_DST | COLOR_ATTACHMENT bits=0x13 supported=TRANSFER_SRC | TRANSFER_DST | SAMPLED | STORAGE | COLOR_ATTACHMENT | INPUT_ATTACHMENT
NSDIAG gbuffer target target_id=1879048212 exists=true recreate=false colors=3 depth=true extent=1280x720
NSDIAG deferred-target label='deferred_lighting' gbuffer_target=1879048212 lit_target=1879048196 lit_initialized_before=false
NSDIAG vkCreateSwapchainKHR format=B8G8R8A8_SRGB usage=TRANSFER_SRC | TRANSFER_DST | COLOR_ATTACHMENT bits=0x13 supported=TRANSFER_SRC | TRANSFER_DST | SAMPLED | STORAGE | COLOR_ATTACHMENT | INPUT_ATTACHMENT
NSDIAG gbuffer target target_id=1879048212 exists=true recreate=false colors=3 depth=true extent=1280x720
NSDIAG deferred-target label='deferred_lighting' gbuffer_target=1879048212 lit_target=1879048196 lit_initialized_before=false
NSDIAG vkCreateSwapchainKHR format=B8G8R8A8_SRGB usage=TRANSFER_SRC | TRANSFER_DST | COLOR_ATTACHMENT bits=0x13 supported=TRANSFER_SRC | TRANSFER_DST | SAMPLED | STORAGE | COLOR_ATTACHMENT | INPUT_ATTACHMENT
NSDIAG gbuffer target target_id=1879048212 exists=true recreate=false colors=3 depth=true extent=1280x720
NSDIAG deferred-target label='deferred_lighting' gbuffer_target=1879048212 lit_target=1879048196 lit_initialized_before=false
NSDIAG vkCreateSwapchainKHR format=B8G8R8A8_SRGB usage=TRANSFER_SRC | TRANSFER_DST | COLOR_ATTACHMENT bits=0x13 supported=TRANSFER_SRC | TRANSFER_DST | SAMPLED | STORAGE | COLOR_ATTACHMENT | INPUT_ATTACHMENT
NSDIAG gbuffer target target_id=1879048212 exists=true recreate=false colors=3 depth=true extent=1280x720
NSDIAG deferred-target label='deferred_lighting' gbuffer_target=1879048212 lit_target=1879048196 lit_initialized_before=false
NSDIAG vkCreateSwapchainKHR format=B8G8R8A8_SRGB usage=TRANSFER_SRC | TRANSFER_DST | COLOR_ATTACHMENT bits=0x13 supported=TRANSFER_SRC | TRANSFER_DST | SAMPLED | STORAGE | COLOR_ATTACHMENT | INPUT_ATTACHMENT
NSDIAG gbuffer target target_id=1879048212 exists=true recreate=false colors=3 depth=true extent=1280x720
NSDIAG deferred-target label='deferred_lighting' gbuffer_target=1879048212 lit_target=1879048196 lit_initialized_before=false
NSDIAG vkCreateSwapchainKHR format=B8G8R8A8_SRGB usage=TRANSFER_SRC | TRANSFER_DST | COLOR_ATTACHMENT bits=0x13 supported=TRANSFER_SRC | TRANSFER_DST | SAMPLED | STORAGE | COLOR_ATTACHMENT | INPUT_ATTACHMENT
NSDIAG gbuffer target target_id=1879048212 exists=true recreate=false colors=3 depth=true extent=1280x720
NSDIAG deferred-target label='deferred_lighting' gbuffer_target=1879048212 lit_target=1879048196 lit_initialized_before=false
NSDIAG vkCreateSwapchainKHR format=B8G8R8A8_SRGB usage=TRANSFER_SRC | TRANSFER_DST | COLOR_ATTACHMENT bits=0x13 supported=TRANSFER_SRC | TRANSFER_DST | SAMPLED | STORAGE | COLOR_ATTACHMENT | INPUT_ATTACHMENT
NSDIAG gbuffer target target_id=1879048212 exists=true recreate=false colors=3 depth=true extent=1280x720
NSDIAG deferred-target label='deferred_lighting' gbuffer_target=1879048212 lit_target=1879048196 lit_initialized_before=false
NSDIAG vkCreateSwapchainKHR format=B8G8R8A8_SRGB usage=TRANSFER_SRC | TRANSFER_DST | COLOR_ATTACHMENT bits=0x13 supported=TRANSFER_SRC | TRANSFER_DST | SAMPLED | STORAGE | COLOR_ATTACHMENT | INPUT_ATTACHMENT
NSDIAG gbuffer target target_id=1879048212 exists=true recreate=false colors=3 depth=true extent=1280x720
NSDIAG deferred-target label='deferred_lighting' gbuffer_target=1879048212 lit_target=1879048196 lit_initialized_before=false
NSDIAG vkCreateSwapchainKHR format=B8G8R8A8_SRGB usage=TRANSFER_SRC | TRANSFER_DST | COLOR_ATTACHMENT bits=0x13 supported=TRANSFER_SRC | TRANSFER_DST | SAMPLED | STORAGE | COLOR_ATTACHMENT | INPUT_ATTACHMENT
NSDIAG gbuffer target target_id=1879048212 exists=true recreate=false colors=3 depth=true extent=1280x720
NSDIAG deferred-target label='deferred_lighting' gbuffer_target=1879048212 lit_target=1879048196 lit_initialized_before=false
NSDIAG vkCreateSwapchainKHR format=B8G8R8A8_SRGB usage=TRANSFER_SRC | TRANSFER_DST | COLOR_ATTACHMENT bits=0x13 supported=TRANSFER_SRC | TRANSFER_DST | SAMPLED | STORAGE | COLOR_ATTACHMENT | INPUT_ATTACHMENT
NSDIAG gbuffer target target_id=1879048212 exists=true recreate=false colors=3 depth=true extent=1280x720
NSDIAG deferred-target label='deferred_lighting' gbuffer_target=1879048212 lit_target=1879048196 lit_initialized_before=false
NSDIAG vkCreateSwapchainKHR format=B8G8R8A8_SRGB usage=TRANSFER_SRC | TRANSFER_DST | COLOR_ATTACHMENT bits=0x13 supported=TRANSFER_SRC | TRANSFER_DST | SAMPLED | STORAGE | COLOR_ATTACHMENT | INPUT_ATTACHMENT
NSDIAG gbuffer target target_id=1879048212 exists=true recreate=false colors=3 depth=true extent=1280x720
NSDIAG deferred-target label='deferred_lighting' gbuffer_target=1879048212 lit_target=1879048196 lit_initialized_before=false
NSDIAG vkCreateSwapchainKHR format=B8G8R8A8_SRGB usage=TRANSFER_SRC | TRANSFER_DST | COLOR_ATTACHMENT bits=0x13 supported=TRANSFER_SRC | TRANSFER_DST | SAMPLED | STORAGE | COLOR_ATTACHMENT | INPUT_ATTACHMENT
NSDIAG gbuffer target target_id=1879048212 exists=true recreate=false colors=3 depth=true extent=1280x720
NSDIAG deferred-target label='deferred_lighting' gbuffer_target=1879048212 lit_target=1879048196 lit_initialized_before=false
NSDIAG vkCreateSwapchainKHR format=B8G8R8A8_SRGB usage=TRANSFER_SRC | TRANSFER_DST | COLOR_ATTACHMENT bits=0x13 supported=TRANSFER_SRC | TRANSFER_DST | SAMPLED | STORAGE | COLOR_ATTACHMENT | INPUT_ATTACHMENT
NSDIAG gbuffer target target_id=1879048212 exists=true recreate=false colors=3 depth=true extent=1280x720
NSDIAG deferred-target label='deferred_lighting' gbuffer_target=1879048212 lit_target=1879048196 lit_initialized_before=false
NSDIAG vkCreateSwapchainKHR format=B8G8R8A8_SRGB usage=TRANSFER_SRC | TRANSFER_DST | COLOR_ATTACHMENT bits=0x13 supported=TRANSFER_SRC | TRANSFER_DST | SAMPLED | STORAGE | COLOR_ATTACHMENT | INPUT_ATTACHMENT
NSDIAG gbuffer target target_id=1879048212 exists=true recreate=false colors=3 depth=true extent=1280x720
NSDIAG deferred-target label='deferred_lighting' gbuffer_target=1879048212 lit_target=1879048196 lit_initialized_before=false
NSDIAG vkCreateSwapchainKHR format=B8G8R8A8_SRGB usage=TRANSFER_SRC | TRANSFER_DST | COLOR_ATTACHMENT bits=0x13 supported=TRANSFER_SRC | TRANSFER_DST | SAMPLED | STORAGE | COLOR_ATTACHMENT | INPUT_ATTACHMENT
NSDIAG gbuffer target target_id=1879048212 exists=true recreate=false colors=3 depth=true extent=1280x720
NSDIAG deferred-target label='deferred_lighting' gbuffer_target=1879048212 lit_target=1879048196 lit_initialized_before=false
NSDIAG vkCreateSwapchainKHR format=B8G8R8A8_SRGB usage=TRANSFER_SRC | TRANSFER_DST | COLOR_ATTACHMENT bits=0x13 supported=TRANSFER_SRC | TRANSFER_DST | SAMPLED | STORAGE | COLOR_ATTACHMENT | INPUT_ATTACHMENT
NSDIAG gbuffer target target_id=1879048212 exists=true recreate=false colors=3 depth=true extent=1280x720
NSDIAG deferred-target label='deferred_lighting' gbuffer_target=1879048212 lit_target=1879048196 lit_initialized_before=false
NSDIAG vkCreateSwapchainKHR format=B8G8R8A8_SRGB usage=TRANSFER_SRC | TRANSFER_DST | COLOR_ATTACHMENT bits=0x13 supported=TRANSFER_SRC | TRANSFER_DST | SAMPLED | STORAGE | COLOR_ATTACHMENT | INPUT_ATTACHMENT
NSDIAG gbuffer target target_id=1879048212 exists=true recreate=false colors=3 depth=true extent=1280x720
NSDIAG deferred-target label='deferred_lighting' gbuffer_target=1879048212 lit_target=1879048196 lit_initialized_before=false
NSDIAG vkCreateSwapchainKHR format=B8G8R8A8_SRGB usage=TRANSFER_SRC | TRANSFER_DST | COLOR_ATTACHMENT bits=0x13 supported=TRANSFER_SRC | TRANSFER_DST | SAMPLED | STORAGE | COLOR_ATTACHMENT | INPUT_ATTACHMENT
NSDIAG gbuffer target target_id=1879048212 exists=true recreate=false colors=3 depth=true extent=1280x720
NSDIAG deferred-target label='deferred_lighting' gbuffer_target=1879048212 lit_target=1879048196 lit_initialized_before=false
NSDIAG vkCreateSwapchainKHR format=B8G8R8A8_SRGB usage=TRANSFER_SRC | TRANSFER_DST | COLOR_ATTACHMENT bits=0x13 supported=TRANSFER_SRC | TRANSFER_DST | SAMPLED | STORAGE | COLOR_ATTACHMENT | INPUT_ATTACHMENT
NSDIAG gbuffer target target_id=1879048212 exists=true recreate=false colors=3 depth=true extent=1280x720
NSDIAG deferred-target label='deferred_lighting' gbuffer_target=1879048212 lit_target=1879048196 lit_initialized_before=false
NSDIAG vkCreateSwapchainKHR format=B8G8R8A8_SRGB usage=TRANSFER_SRC | TRANSFER_DST | COLOR_ATTACHMENT bits=0x13 supported=TRANSFER_SRC | TRANSFER_DST | SAMPLED | STORAGE | COLOR_ATTACHMENT | INPUT_ATTACHMENT
NSDIAG gbuffer target target_id=1879048212 exists=true recreate=false colors=3 depth=true extent=1280x720
NSDIAG graph-pass begin frame=1110 id=120 label='shadow_cascade_map' kind=ShadowCascadeMap queue=Graphics draws=164
NSDIAG graph-pass end frame=1110 id=120 label='shadow_cascade_map' kind=ShadowCascadeMap ok=true
NSDIAG graph-pass begin frame=1110 id=560 label='particle_simulation' kind=ParticleSimulation queue=Compute draws=0
NSDIAG graph-pass end frame=1110 id=560 label='particle_simulation' kind=ParticleSimulation ok=true
NSDIAG graph-pass begin frame=1110 id=300 label='viewport_gbuffer' kind=GBuffer queue=Graphics draws=16
NSDIAG graph-pass end frame=1110 id=300 label='viewport_gbuffer' kind=GBuffer ok=true
NSDIAG graph-pass begin frame=1110 id=400 label='deferred_lighting' kind=DeferredLighting queue=Graphics draws=0
NSDIAG deferred-target label='deferred_lighting' gbuffer_target=1879048212 lit_target=1879048196 lit_initialized_before=false
NSDIAG graph-pass end frame=1110 id=400 label='deferred_lighting' kind=DeferredLighting ok=false
NSDIAG vkCreateSwapchainKHR format=B8G8R8A8_SRGB usage=TRANSFER_SRC | TRANSFER_DST | COLOR_ATTACHMENT bits=0x13 supported=TRANSFER_SRC | TRANSFER_DST | SAMPLED | STORAGE | COLOR_ATTACHMENT | INPUT_ATTACHMENT
NSDIAG gbuffer target target_id=1879048212 exists=true recreate=false colors=3 depth=true extent=1280x720
NSDIAG deferred-target label='deferred_lighting' gbuffer_target=1879048212 lit_target=1879048196 lit_initialized_before=false
NSDIAG vkCreateSwapchainKHR format=B8G8R8A8_SRGB usage=TRANSFER_SRC | TRANSFER_DST | COLOR_ATTACHMENT bits=0x13 supported=TRANSFER_SRC | TRANSFER_DST | SAMPLED | STORAGE | COLOR_ATTACHMENT | INPUT_ATTACHMENT
NSDIAG gbuffer target target_id=1879048212 exists=true recreate=false colors=3 depth=true extent=1280x720
NSDIAG deferred-target label='deferred_lighting' gbuffer_target=1879048212 lit_target=1879048196 lit_initialized_before=false
NSDIAG vkCreateSwapchainKHR format=B8G8R8A8_SRGB usage=TRANSFER_SRC | TRANSFER_DST | COLOR_ATTACHMENT bits=0x13 supported=TRANSFER_SRC | TRANSFER_DST | SAMPLED | STORAGE | COLOR_ATTACHMENT | INPUT_ATTACHMENT
NSDIAG gbuffer target target_id=1879048212 exists=true recreate=false colors=3 depth=true extent=1280x720
NSDIAG deferred-target label='deferred_lighting' gbuffer_target=1879048212 lit_target=1879048196 lit_initialized_before=false
NSDIAG vkCreateSwapchainKHR format=B8G8R8A8_SRGB usage=TRANSFER_SRC | TRANSFER_DST | COLOR_ATTACHMENT bits=0x13 supported=TRANSFER_SRC | TRANSFER_DST | SAMPLED | STORAGE | COLOR_ATTACHMENT | INPUT_ATTACHMENT
NSDIAG gbuffer target target_id=1879048212 exists=true recreate=false colors=3 depth=true extent=1280x720
NSDIAG deferred-target label='deferred_lighting' gbuffer_target=1879048212 lit_target=1879048196 lit_initialized_before=false
NSDIAG vkCreateSwapchainKHR format=B8G8R8A8_SRGB usage=TRANSFER_SRC | TRANSFER_DST | COLOR_ATTACHMENT bits=0x13 supported=TRANSFER_SRC | TRANSFER_DST | SAMPLED | STORAGE | COLOR_ATTACHMENT | INPUT_ATTACHMENT
NSDIAG gbuffer target target_id=1879048212 exists=true recreate=false colors=3 depth=true extent=1280x720
NSDIAG deferred-target label='deferred_lighting' gbuffer_target=1879048212 lit_target=1879048196 lit_initialized_before=false
NSDIAG vkCreateSwapchainKHR format=B8G8R8A8_SRGB usage=TRANSFER_SRC | TRANSFER_DST | COLOR_ATTACHMENT bits=0x13 supported=TRANSFER_SRC | TRANSFER_DST | SAMPLED | STORAGE | COLOR_ATTACHMENT | INPUT_ATTACHMENT
NSDIAG gbuffer target target_id=1879048212 exists=true recreate=false colors=3 depth=true extent=1280x720
NSDIAG deferred-target label='deferred_lighting' gbuffer_target=1879048212 lit_target=1879048196 lit_initialized_before=false
NSDIAG vkCreateSwapchainKHR format=B8G8R8A8_SRGB usage=TRANSFER_SRC | TRANSFER_DST | COLOR_ATTACHMENT bits=0x13 supported=TRANSFER_SRC | TRANSFER_DST | SAMPLED | STORAGE | COLOR_ATTACHMENT | INPUT_ATTACHMENT
NSDIAG gbuffer target target_id=1879048212 exists=true recreate=false colors=3 depth=true extent=1280x720
NSDIAG deferred-target label='deferred_lighting' gbuffer_target=1879048212 lit_target=1879048196 lit_initialized_before=false
NSDIAG vkCreateSwapchainKHR format=B8G8R8A8_SRGB usage=TRANSFER_SRC | TRANSFER_DST | COLOR_ATTACHMENT bits=0x13 supported=TRANSFER_SRC | TRANSFER_DST | SAMPLED | STORAGE | COLOR_ATTACHMENT | INPUT_ATTACHMENT
NSDIAG gbuffer target target_id=1879048212 exists=true recreate=false colors=3 depth=true extent=1280x720
NSDIAG deferred-target label='deferred_lighting' gbuffer_target=1879048212 lit_target=1879048196 lit_initialized_before=false
NSDIAG vkCreateSwapchainKHR format=B8G8R8A8_SRGB usage=TRANSFER_SRC | TRANSFER_DST | COLOR_ATTACHMENT bits=0x13 supported=TRANSFER_SRC | TRANSFER_DST | SAMPLED | STORAGE | COLOR_ATTACHMENT | INPUT_ATTACHMENT
NSDIAG gbuffer target target_id=1879048212 exists=true recreate=false colors=3 depth=true extent=1280x720
NSDIAG deferred-target label='deferred_lighting' gbuffer_target=1879048212 lit_target=1879048196 lit_initialized_before=false
NSDIAG vkCreateSwapchainKHR format=B8G8R8A8_SRGB usage=TRANSFER_SRC | TRANSFER_DST | COLOR_ATTACHMENT bits=0x13 supported=TRANSFER_SRC | TRANSFER_DST | SAMPLED | STORAGE | COLOR_ATTACHMENT | INPUT_ATTACHMENT
NSDIAG gbuffer target target_id=1879048212 exists=true recreate=false colors=3 depth=true extent=1280x720
NSDIAG deferred-target label='deferred_lighting' gbuffer_target=1879048212 lit_target=1879048196 lit_initialized_before=false
NSDIAG vkCreateSwapchainKHR format=B8G8R8A8_SRGB usage=TRANSFER_SRC | TRANSFER_DST | COLOR_ATTACHMENT bits=0x13 supported=TRANSFER_SRC | TRANSFER_DST | SAMPLED | STORAGE | COLOR_ATTACHMENT | INPUT_ATTACHMENT
NSDIAG gbuffer target target_id=1879048212 exists=true recreate=false colors=3 depth=true extent=1280x720
NSDIAG deferred-target label='deferred_lighting' gbuffer_target=1879048212 lit_target=1879048196 lit_initialized_before=false
NSDIAG vkCreateSwapchainKHR format=B8G8R8A8_SRGB usage=TRANSFER_SRC | TRANSFER_DST | COLOR_ATTACHMENT bits=0x13 supported=TRANSFER_SRC | TRANSFER_DST | SAMPLED | STORAGE | COLOR_ATTACHMENT | INPUT_ATTACHMENT
NSDIAG gbuffer target target_id=1879048212 exists=true recreate=false colors=3 depth=true extent=1280x720
NSDIAG deferred-target label='deferred_lighting' gbuffer_target=1879048212 lit_target=1879048196 lit_initialized_before=false
NSDIAG vkCreateSwapchainKHR format=B8G8R8A8_SRGB usage=TRANSFER_SRC | TRANSFER_DST | COLOR_ATTACHMENT bits=0x13 supported=TRANSFER_SRC | TRANSFER_DST | SAMPLED | STORAGE | COLOR_ATTACHMENT | INPUT_ATTACHMENT
NSDIAG gbuffer target target_id=1879048212 exists=true recreate=false colors=3 depth=true extent=1280x720
NSDIAG deferred-target label='deferred_lighting' gbuffer_target=1879048212 lit_target=1879048196 lit_initialized_before=false
NSDIAG vkCreateSwapchainKHR format=B8G8R8A8_SRGB usage=TRANSFER_SRC | TRANSFER_DST | COLOR_ATTACHMENT bits=0x13 supported=TRANSFER_SRC | TRANSFER_DST | SAMPLED | STORAGE | COLOR_ATTACHMENT | INPUT_ATTACHMENT
NSDIAG gbuffer target target_id=1879048212 exists=true recreate=false colors=3 depth=true extent=1280x720
NSDIAG deferred-target label='deferred_lighting' gbuffer_target=1879048212 lit_target=1879048196 lit_initialized_before=false
NSDIAG vkCreateSwapchainKHR format=B8G8R8A8_SRGB usage=TRANSFER_SRC | TRANSFER_DST | COLOR_ATTACHMENT bits=0x13 supported=TRANSFER_SRC | TRANSFER_DST | SAMPLED | STORAGE | COLOR_ATTACHMENT | INPUT_ATTACHMENT
NSDIAG gbuffer target target_id=1879048212 exists=true recreate=false colors=3 depth=true extent=1280x720
NSDIAG deferred-target label='deferred_lighting' gbuffer_target=1879048212 lit_target=1879048196 lit_initialized_before=false
NSDIAG vkCreateSwapchainKHR format=B8G8R8A8_SRGB usage=TRANSFER_SRC | TRANSFER_DST | COLOR_ATTACHMENT bits=0x13 supported=TRANSFER_SRC | TRANSFER_DST | SAMPLED | STORAGE | COLOR_ATTACHMENT | INPUT_ATTACHMENT
NSDIAG gbuffer target target_id=1879048212 exists=true recreate=false colors=3 depth=true extent=1280x720
NSDIAG deferred-target label='deferred_lighting' gbuffer_target=1879048212 lit_target=1879048196 lit_initialized_before=false
NSDIAG vkCreateSwapchainKHR format=B8G8R8A8_SRGB usage=TRANSFER_SRC | TRANSFER_DST | COLOR_ATTACHMENT bits=0x13 supported=TRANSFER_SRC | TRANSFER_DST | SAMPLED | STORAGE | COLOR_ATTACHMENT | INPUT_ATTACHMENT
NSDIAG gbuffer target target_id=1879048212 exists=true recreate=false colors=3 depth=true extent=1280x720
NSDIAG deferred-target label='deferred_lighting' gbuffer_target=1879048212 lit_target=1879048196 lit_initialized_before=false
NSDIAG vkCreateSwapchainKHR format=B8G8R8A8_SRGB usage=TRANSFER_SRC | TRANSFER_DST | COLOR_ATTACHMENT bits=0x13 supported=TRANSFER_SRC | TRANSFER_DST | SAMPLED | STORAGE | COLOR_ATTACHMENT | INPUT_ATTACHMENT
NSDIAG gbuffer target target_id=1879048212 exists=true recreate=false colors=3 depth=true extent=1280x720
NSDIAG deferred-target label='deferred_lighting' gbuffer_target=1879048212 lit_target=1879048196 lit_initialized_before=false
NSDIAG vkCreateSwapchainKHR format=B8G8R8A8_SRGB usage=TRANSFER_SRC | TRANSFER_DST | COLOR_ATTACHMENT bits=0x13 supported=TRANSFER_SRC | TRANSFER_DST | SAMPLED | STORAGE | COLOR_ATTACHMENT | INPUT_ATTACHMENT
NSDIAG gbuffer target target_id=1879048212 exists=true recreate=false colors=3 depth=true extent=1280x720
NSDIAG deferred-target label='deferred_lighting' gbuffer_target=1879048212 lit_target=1879048196 lit_initialized_before=false
NSDIAG vkCreateSwapchainKHR format=B8G8R8A8_SRGB usage=TRANSFER_SRC | TRANSFER_DST | COLOR_ATTACHMENT bits=0x13 supported=TRANSFER_SRC | TRANSFER_DST | SAMPLED | STORAGE | COLOR_ATTACHMENT | INPUT_ATTACHMENT
NSDIAG gbuffer target target_id=1879048212 exists=true recreate=false colors=3 depth=true extent=1280x720
NSDIAG deferred-target label='deferred_lighting' gbuffer_target=1879048212 lit_target=1879048196 lit_initialized_before=false
NSDIAG vkCreateSwapchainKHR format=B8G8R8A8_SRGB usage=TRANSFER_SRC | TRANSFER_DST | COLOR_ATTACHMENT bits=0x13 supported=TRANSFER_SRC | TRANSFER_DST | SAMPLED | STORAGE | COLOR_ATTACHMENT | INPUT_ATTACHMENT
NSDIAG gbuffer target target_id=1879048212 exists=true recreate=false colors=3 depth=true extent=1280x720
NSDIAG deferred-target label='deferred_lighting' gbuffer_target=1879048212 lit_target=1879048196 lit_initialized_before=false
NSDIAG vkCreateSwapchainKHR format=B8G8R8A8_SRGB usage=TRANSFER_SRC | TRANSFER_DST | COLOR_ATTACHMENT bits=0x13 supported=TRANSFER_SRC | TRANSFER_DST | SAMPLED | STORAGE | COLOR_ATTACHMENT | INPUT_ATTACHMENT
NSDIAG gbuffer target target_id=1879048212 exists=true recreate=false colors=3 depth=true extent=1280x720
NSDIAG deferred-target label='deferred_lighting' gbuffer_target=1879048212 lit_target=1879048196 lit_initialized_before=false
NSDIAG vkCreateSwapchainKHR format=B8G8R8A8_SRGB usage=TRANSFER_SRC | TRANSFER_DST | COLOR_ATTACHMENT bits=0x13 supported=TRANSFER_SRC | TRANSFER_DST | SAMPLED | STORAGE | COLOR_ATTACHMENT | INPUT_ATTACHMENT
NSDIAG gbuffer target target_id=1879048212 exists=true recreate=false colors=3 depth=true extent=1280x720
NSDIAG deferred-target label='deferred_lighting' gbuffer_target=1879048212 lit_target=1879048196 lit_initialized_before=false
NSDIAG vkCreateSwapchainKHR format=B8G8R8A8_SRGB usage=TRANSFER_SRC | TRANSFER_DST | COLOR_ATTACHMENT bits=0x13 supported=TRANSFER_SRC | TRANSFER_DST | SAMPLED | STORAGE | COLOR_ATTACHMENT | INPUT_ATTACHMENT
NSDIAG gbuffer target target_id=1879048212 exists=true recreate=false colors=3 depth=true extent=1280x720
NSDIAG deferred-target label='deferred_lighting' gbuffer_target=1879048212 lit_target=1879048196 lit_initialized_before=false
NSDIAG vkCreateSwapchainKHR format=B8G8R8A8_SRGB usage=TRANSFER_SRC | TRANSFER_DST | COLOR_ATTACHMENT bits=0x13 supported=TRANSFER_SRC | TRANSFER_DST | SAMPLED | STORAGE | COLOR_ATTACHMENT | INPUT_ATTACHMENT
NSDIAG gbuffer target target_id=1879048212 exists=true recreate=false colors=3 depth=true extent=1280x720
NSDIAG deferred-target label='deferred_lighting' gbuffer_target=1879048212 lit_target=1879048196 lit_initialized_before=false
NSDIAG vkCreateSwapchainKHR format=B8G8R8A8_SRGB usage=TRANSFER_SRC | TRANSFER_DST | COLOR_ATTACHMENT bits=0x13 supported=TRANSFER_SRC | TRANSFER_DST | SAMPLED | STORAGE | COLOR_ATTACHMENT | INPUT_ATTACHMENT
NSDIAG gbuffer target target_id=1879048212 exists=true recreate=false colors=3 depth=true extent=1280x720
NSDIAG deferred-target label='deferred_lighting' gbuffer_target=1879048212 lit_target=1879048196 lit_initialized_before=false
NSDIAG vkCreateSwapchainKHR format=B8G8R8A8_SRGB usage=TRANSFER_SRC | TRANSFER_DST | COLOR_ATTACHMENT bits=0x13 supported=TRANSFER_SRC | TRANSFER_DST | SAMPLED | STORAGE | COLOR_ATTACHMENT | INPUT_ATTACHMENT
NSDIAG gbuffer target target_id=1879048212 exists=true recreate=false colors=3 depth=true extent=1280x720
NSDIAG deferred-target label='deferred_lighting' gbuffer_target=1879048212 lit_target=1879048196 lit_initialized_before=false
NSDIAG vkCreateSwapchainKHR format=B8G8R8A8_SRGB usage=TRANSFER_SRC | TRANSFER_DST | COLOR_ATTACHMENT bits=0x13 supported=TRANSFER_SRC | TRANSFER_DST | SAMPLED | STORAGE | COLOR_ATTACHMENT | INPUT_ATTACHMENT
NSDIAG gbuffer target target_id=1879048212 exists=true recreate=false colors=3 depth=true extent=1280x720
NSDIAG deferred-target label='deferred_lighting' gbuffer_target=1879048212 lit_target=1879048196 lit_initialized_before=false
NSDIAG vkCreateSwapchainKHR format=B8G8R8A8_SRGB usage=TRANSFER_SRC | TRANSFER_DST | COLOR_ATTACHMENT bits=0x13 supported=TRANSFER_SRC | TRANSFER_DST | SAMPLED | STORAGE | COLOR_ATTACHMENT | INPUT_ATTACHMENT
NSDIAG gbuffer target target_id=1879048212 exists=true recreate=false colors=3 depth=true extent=1280x720
NSDIAG deferred-target label='deferred_lighting' gbuffer_target=1879048212 lit_target=1879048196 lit_initialized_before=false
NSDIAG vkCreateSwapchainKHR format=B8G8R8A8_SRGB usage=TRANSFER_SRC | TRANSFER_DST | COLOR_ATTACHMENT bits=0x13 supported=TRANSFER_SRC | TRANSFER_DST | SAMPLED | STORAGE | COLOR_ATTACHMENT | INPUT_ATTACHMENT
NSDIAG gbuffer target target_id=1879048212 exists=true recreate=false colors=3 depth=true extent=1280x720
NSDIAG graph-pass begin frame=1140 id=120 label='shadow_cascade_map' kind=ShadowCascadeMap queue=Graphics draws=164
NSDIAG graph-pass end frame=1140 id=120 label='shadow_cascade_map' kind=ShadowCascadeMap ok=true
NSDIAG graph-pass begin frame=1140 id=560 label='particle_simulation' kind=ParticleSimulation queue=Compute draws=0
NSDIAG graph-pass end frame=1140 id=560 label='particle_simulation' kind=ParticleSimulation ok=true
NSDIAG graph-pass begin frame=1140 id=300 label='viewport_gbuffer' kind=GBuffer queue=Graphics draws=16
NSDIAG graph-pass end frame=1140 id=300 label='viewport_gbuffer' kind=GBuffer ok=true
NSDIAG graph-pass begin frame=1140 id=400 label='deferred_lighting' kind=DeferredLighting queue=Graphics draws=0
NSDIAG deferred-target label='deferred_lighting' gbuffer_target=1879048212 lit_target=1879048196 lit_initialized_before=false
NSDIAG graph-pass end frame=1140 id=400 label='deferred_lighting' kind=DeferredLighting ok=false
NSDIAG vkCreateSwapchainKHR format=B8G8R8A8_SRGB usage=TRANSFER_SRC | TRANSFER_DST | COLOR_ATTACHMENT bits=0x13 supported=TRANSFER_SRC | TRANSFER_DST | SAMPLED | STORAGE | COLOR_ATTACHMENT | INPUT_ATTACHMENT
NSDIAG gbuffer target target_id=1879048212 exists=true recreate=false colors=3 depth=true extent=1280x720
NSDIAG deferred-target label='deferred_lighting' gbuffer_target=1879048212 lit_target=1879048196 lit_initialized_before=false
NSDIAG vkCreateSwapchainKHR format=B8G8R8A8_SRGB usage=TRANSFER_SRC | TRANSFER_DST | COLOR_ATTACHMENT bits=0x13 supported=TRANSFER_SRC | TRANSFER_DST | SAMPLED | STORAGE | COLOR_ATTACHMENT | INPUT_ATTACHMENT
NSDIAG gbuffer target target_id=1879048212 exists=true recreate=false colors=3 depth=true extent=1280x720
NSDIAG deferred-target label='deferred_lighting' gbuffer_target=1879048212 lit_target=1879048196 lit_initialized_before=false
NSDIAG vkCreateSwapchainKHR format=B8G8R8A8_SRGB usage=TRANSFER_SRC | TRANSFER_DST | COLOR_ATTACHMENT bits=0x13 supported=TRANSFER_SRC | TRANSFER_DST | SAMPLED | STORAGE | COLOR_ATTACHMENT | INPUT_ATTACHMENT
NSDIAG gbuffer target target_id=1879048212 exists=true recreate=false colors=3 depth=true extent=1280x720
NSDIAG deferred-target label='deferred_lighting' gbuffer_target=1879048212 lit_target=1879048196 lit_initialized_before=false
NSDIAG vkCreateSwapchainKHR format=B8G8R8A8_SRGB usage=TRANSFER_SRC | TRANSFER_DST | COLOR_ATTACHMENT bits=0x13 supported=TRANSFER_SRC | TRANSFER_DST | SAMPLED | STORAGE | COLOR_ATTACHMENT | INPUT_ATTACHMENT
NSDIAG gbuffer target target_id=1879048212 exists=true recreate=false colors=3 depth=true extent=1280x720
NSDIAG deferred-target label='deferred_lighting' gbuffer_target=1879048212 lit_target=1879048196 lit_initialized_before=false
NSDIAG vkCreateSwapchainKHR format=B8G8R8A8_SRGB usage=TRANSFER_SRC | TRANSFER_DST | COLOR_ATTACHMENT bits=0x13 supported=TRANSFER_SRC | TRANSFER_DST | SAMPLED | STORAGE | COLOR_ATTACHMENT | INPUT_ATTACHMENT
NSDIAG gbuffer target target_id=1879048212 exists=true recreate=false colors=3 depth=true extent=1280x720
NSDIAG deferred-target label='deferred_lighting' gbuffer_target=1879048212 lit_target=1879048196 lit_initialized_before=false
NSDIAG vkCreateSwapchainKHR format=B8G8R8A8_SRGB usage=TRANSFER_SRC | TRANSFER_DST | COLOR_ATTACHMENT bits=0x13 supported=TRANSFER_SRC | TRANSFER_DST | SAMPLED | STORAGE | COLOR_ATTACHMENT | INPUT_ATTACHMENT
NSDIAG gbuffer target target_id=1879048212 exists=true recreate=false colors=3 depth=true extent=1280x720
NSDIAG deferred-target label='deferred_lighting' gbuffer_target=1879048212 lit_target=1879048196 lit_initialized_before=false
NSDIAG vkCreateSwapchainKHR format=B8G8R8A8_SRGB usage=TRANSFER_SRC | TRANSFER_DST | COLOR_ATTACHMENT bits=0x13 supported=TRANSFER_SRC | TRANSFER_DST | SAMPLED | STORAGE | COLOR_ATTACHMENT | INPUT_ATTACHMENT
NSDIAG gbuffer target target_id=1879048212 exists=true recreate=false colors=3 depth=true extent=1280x720
NSDIAG deferred-target label='deferred_lighting' gbuffer_target=1879048212 lit_target=1879048196 lit_initialized_before=false
NSDIAG vkCreateSwapchainKHR format=B8G8R8A8_SRGB usage=TRANSFER_SRC | TRANSFER_DST | COLOR_ATTACHMENT bits=0x13 supported=TRANSFER_SRC | TRANSFER_DST | SAMPLED | STORAGE | COLOR_ATTACHMENT | INPUT_ATTACHMENT
NSDIAG gbuffer target target_id=1879048212 exists=true recreate=false colors=3 depth=true extent=1280x720
NSDIAG deferred-target label='deferred_lighting' gbuffer_target=1879048212 lit_target=1879048196 lit_initialized_before=false
NSDIAG vkCreateSwapchainKHR format=B8G8R8A8_SRGB usage=TRANSFER_SRC | TRANSFER_DST | COLOR_ATTACHMENT bits=0x13 supported=TRANSFER_SRC | TRANSFER_DST | SAMPLED | STORAGE | COLOR_ATTACHMENT | INPUT_ATTACHMENT
NSDIAG gbuffer target target_id=1879048212 exists=true recreate=false colors=3 depth=true extent=1280x720
NSDIAG deferred-target label='deferred_lighting' gbuffer_target=1879048212 lit_target=1879048196 lit_initialized_before=false
NSDIAG vkCreateSwapchainKHR format=B8G8R8A8_SRGB usage=TRANSFER_SRC | TRANSFER_DST | COLOR_ATTACHMENT bits=0x13 supported=TRANSFER_SRC | TRANSFER_DST | SAMPLED | STORAGE | COLOR_ATTACHMENT | INPUT_ATTACHMENT
NSDIAG gbuffer target target_id=1879048212 exists=true recreate=false colors=3 depth=true extent=1280x720
NSDIAG deferred-target label='deferred_lighting' gbuffer_target=1879048212 lit_target=1879048196 lit_initialized_before=false
NSDIAG vkCreateSwapchainKHR format=B8G8R8A8_SRGB usage=TRANSFER_SRC | TRANSFER_DST | COLOR_ATTACHMENT bits=0x13 supported=TRANSFER_SRC | TRANSFER_DST | SAMPLED | STORAGE | COLOR_ATTACHMENT | INPUT_ATTACHMENT
NSDIAG gbuffer target target_id=1879048212 exists=true recreate=false colors=3 depth=true extent=1280x720
NSDIAG deferred-target label='deferred_lighting' gbuffer_target=1879048212 lit_target=1879048196 lit_initialized_before=false
NSDIAG vkCreateSwapchainKHR format=B8G8R8A8_SRGB usage=TRANSFER_SRC | TRANSFER_DST | COLOR_ATTACHMENT bits=0x13 supported=TRANSFER_SRC | TRANSFER_DST | SAMPLED | STORAGE | COLOR_ATTACHMENT | INPUT_ATTACHMENT
NSDIAG gbuffer target target_id=1879048212 exists=true recreate=false colors=3 depth=true extent=1280x720
NSDIAG deferred-target label='deferred_lighting' gbuffer_target=1879048212 lit_target=1879048196 lit_initialized_before=false
NSDIAG vkCreateSwapchainKHR format=B8G8R8A8_SRGB usage=TRANSFER_SRC | TRANSFER_DST | COLOR_ATTACHMENT bits=0x13 supported=TRANSFER_SRC | TRANSFER_DST | SAMPLED | STORAGE | COLOR_ATTACHMENT | INPUT_ATTACHMENT
NSDIAG gbuffer target target_id=1879048212 exists=true recreate=false colors=3 depth=true extent=1280x720
NSDIAG deferred-target label='deferred_lighting' gbuffer_target=1879048212 lit_target=1879048196 lit_initialized_before=false
NSDIAG vkCreateSwapchainKHR format=B8G8R8A8_SRGB usage=TRANSFER_SRC | TRANSFER_DST | COLOR_ATTACHMENT bits=0x13 supported=TRANSFER_SRC | TRANSFER_DST | SAMPLED | STORAGE | COLOR_ATTACHMENT | INPUT_ATTACHMENT
NSDIAG gbuffer target target_id=1879048212 exists=true recreate=false colors=3 depth=true extent=1280x720
NSDIAG deferred-target label='deferred_lighting' gbuffer_target=1879048212 lit_target=1879048196 lit_initialized_before=false
NSDIAG vkCreateSwapchainKHR format=B8G8R8A8_SRGB usage=TRANSFER_SRC | TRANSFER_DST | COLOR_ATTACHMENT bits=0x13 supported=TRANSFER_SRC | TRANSFER_DST | SAMPLED | STORAGE | COLOR_ATTACHMENT | INPUT_ATTACHMENT
NSDIAG gbuffer target target_id=1879048212 exists=true recreate=false colors=3 depth=true extent=1280x720
NSDIAG deferred-target label='deferred_lighting' gbuffer_target=1879048212 lit_target=1879048196 lit_initialized_before=false
NSDIAG vkCreateSwapchainKHR format=B8G8R8A8_SRGB usage=TRANSFER_SRC | TRANSFER_DST | COLOR_ATTACHMENT bits=0x13 supported=TRANSFER_SRC | TRANSFER_DST | SAMPLED | STORAGE | COLOR_ATTACHMENT | INPUT_ATTACHMENT
NSDIAG gbuffer target target_id=1879048212 exists=true recreate=false colors=3 depth=true extent=1280x720
NSDIAG deferred-target label='deferred_lighting' gbuffer_target=1879048212 lit_target=1879048196 lit_initialized_before=false
NSDIAG vkCreateSwapchainKHR format=B8G8R8A8_SRGB usage=TRANSFER_SRC | TRANSFER_DST | COLOR_ATTACHMENT bits=0x13 supported=TRANSFER_SRC | TRANSFER_DST | SAMPLED | STORAGE | COLOR_ATTACHMENT | INPUT_ATTACHMENT
NSDIAG gbuffer target target_id=1879048212 exists=true recreate=false colors=3 depth=true extent=1280x720
NSDIAG deferred-target label='deferred_lighting' gbuffer_target=1879048212 lit_target=1879048196 lit_initialized_before=false
NSDIAG vkCreateSwapchainKHR format=B8G8R8A8_SRGB usage=TRANSFER_SRC | TRANSFER_DST | COLOR_ATTACHMENT bits=0x13 supported=TRANSFER_SRC | TRANSFER_DST | SAMPLED | STORAGE | COLOR_ATTACHMENT | INPUT_ATTACHMENT
NSDIAG gbuffer target target_id=1879048212 exists=true recreate=false colors=3 depth=true extent=1280x720
NSDIAG deferred-target label='deferred_lighting' gbuffer_target=1879048212 lit_target=1879048196 lit_initialized_before=false
NSDIAG vkCreateSwapchainKHR format=B8G8R8A8_SRGB usage=TRANSFER_SRC | TRANSFER_DST | COLOR_ATTACHMENT bits=0x13 supported=TRANSFER_SRC | TRANSFER_DST | SAMPLED | STORAGE | COLOR_ATTACHMENT | INPUT_ATTACHMENT
NSDIAG gbuffer target target_id=1879048212 exists=true recreate=false colors=3 depth=true extent=1280x720
NSDIAG deferred-target label='deferred_lighting' gbuffer_target=1879048212 lit_target=1879048196 lit_initialized_before=false
NSDIAG vkCreateSwapchainKHR format=B8G8R8A8_SRGB usage=TRANSFER_SRC | TRANSFER_DST | COLOR_ATTACHMENT bits=0x13 supported=TRANSFER_SRC | TRANSFER_DST | SAMPLED | STORAGE | COLOR_ATTACHMENT | INPUT_ATTACHMENT
NSDIAG gbuffer target target_id=1879048212 exists=true recreate=false colors=3 depth=true extent=1280x720
NSDIAG deferred-target label='deferred_lighting' gbuffer_target=1879048212 lit_target=1879048196 lit_initialized_before=false
NSDIAG vkCreateSwapchainKHR format=B8G8R8A8_SRGB usage=TRANSFER_SRC | TRANSFER_DST | COLOR_ATTACHMENT bits=0x13 supported=TRANSFER_SRC | TRANSFER_DST | SAMPLED | STORAGE | COLOR_ATTACHMENT | INPUT_ATTACHMENT
NSDIAG gbuffer target target_id=1879048212 exists=true recreate=false colors=3 depth=true extent=1280x720
NSDIAG deferred-target label='deferred_lighting' gbuffer_target=1879048212 lit_target=1879048196 lit_initialized_before=false
NSDIAG vkCreateSwapchainKHR format=B8G8R8A8_SRGB usage=TRANSFER_SRC | TRANSFER_DST | COLOR_ATTACHMENT bits=0x13 supported=TRANSFER_SRC | TRANSFER_DST | SAMPLED | STORAGE | COLOR_ATTACHMENT | INPUT_ATTACHMENT
NSDIAG gbuffer target target_id=1879048212 exists=true recreate=false colors=3 depth=true extent=1280x720
NSDIAG deferred-target label='deferred_lighting' gbuffer_target=1879048212 lit_target=1879048196 lit_initialized_before=false
NSDIAG vkCreateSwapchainKHR format=B8G8R8A8_SRGB usage=TRANSFER_SRC | TRANSFER_DST | COLOR_ATTACHMENT bits=0x13 supported=TRANSFER_SRC | TRANSFER_DST | SAMPLED | STORAGE | COLOR_ATTACHMENT | INPUT_ATTACHMENT
NSDIAG gbuffer target target_id=1879048212 exists=true recreate=false colors=3 depth=true extent=1280x720
NSDIAG deferred-target label='deferred_lighting' gbuffer_target=1879048212 lit_target=1879048196 lit_initialized_before=false
NSDIAG vkCreateSwapchainKHR format=B8G8R8A8_SRGB usage=TRANSFER_SRC | TRANSFER_DST | COLOR_ATTACHMENT bits=0x13 supported=TRANSFER_SRC | TRANSFER_DST | SAMPLED | STORAGE | COLOR_ATTACHMENT | INPUT_ATTACHMENT
NSDIAG gbuffer target target_id=1879048212 exists=true recreate=false colors=3 depth=true extent=1280x720
NSDIAG deferred-target label='deferred_lighting' gbuffer_target=1879048212 lit_target=1879048196 lit_initialized_before=false
NSDIAG vkCreateSwapchainKHR format=B8G8R8A8_SRGB usage=TRANSFER_SRC | TRANSFER_DST | COLOR_ATTACHMENT bits=0x13 supported=TRANSFER_SRC | TRANSFER_DST | SAMPLED | STORAGE | COLOR_ATTACHMENT | INPUT_ATTACHMENT
NSDIAG gbuffer target target_id=1879048212 exists=true recreate=false colors=3 depth=true extent=1280x720
NSDIAG deferred-target label='deferred_lighting' gbuffer_target=1879048212 lit_target=1879048196 lit_initialized_before=false
NSDIAG vkCreateSwapchainKHR format=B8G8R8A8_SRGB usage=TRANSFER_SRC | TRANSFER_DST | COLOR_ATTACHMENT bits=0x13 supported=TRANSFER_SRC | TRANSFER_DST | SAMPLED | STORAGE | COLOR_ATTACHMENT | INPUT_ATTACHMENT
NSDIAG gbuffer target target_id=1879048212 exists=true recreate=false colors=3 depth=true extent=1280x720
NSDIAG deferred-target label='deferred_lighting' gbuffer_target=1879048212 lit_target=1879048196 lit_initialized_before=false
NSDIAG vkCreateSwapchainKHR format=B8G8R8A8_SRGB usage=TRANSFER_SRC | TRANSFER_DST | COLOR_ATTACHMENT bits=0x13 supported=TRANSFER_SRC | TRANSFER_DST | SAMPLED | STORAGE | COLOR_ATTACHMENT | INPUT_ATTACHMENT
NSDIAG gbuffer target target_id=1879048212 exists=true recreate=false colors=3 depth=true extent=1280x720
NSDIAG deferred-target label='deferred_lighting' gbuffer_target=1879048212 lit_target=1879048196 lit_initialized_before=false
NSDIAG vkCreateSwapchainKHR format=B8G8R8A8_SRGB usage=TRANSFER_SRC | TRANSFER_DST | COLOR_ATTACHMENT bits=0x13 supported=TRANSFER_SRC | TRANSFER_DST | SAMPLED | STORAGE | COLOR_ATTACHMENT | INPUT_ATTACHMENT
NSDIAG gbuffer target target_id=1879048212 exists=true recreate=false colors=3 depth=true extent=1280x720
NSDIAG deferred-target label='deferred_lighting' gbuffer_target=1879048212 lit_target=1879048196 lit_initialized_before=false
NSDIAG vkCreateSwapchainKHR format=B8G8R8A8_SRGB usage=TRANSFER_SRC | TRANSFER_DST | COLOR_ATTACHMENT bits=0x13 supported=TRANSFER_SRC | TRANSFER_DST | SAMPLED | STORAGE | COLOR_ATTACHMENT | INPUT_ATTACHMENT
NSDIAG gbuffer target target_id=1879048212 exists=true recreate=false colors=3 depth=true extent=1280x720
NSDIAG deferred-target label='deferred_lighting' gbuffer_target=1879048212 lit_target=1879048196 lit_initialized_before=false
NSDIAG vkCreateSwapchainKHR format=B8G8R8A8_SRGB usage=TRANSFER_SRC | TRANSFER_DST | COLOR_ATTACHMENT bits=0x13 supported=TRANSFER_SRC | TRANSFER_DST | SAMPLED | STORAGE | COLOR_ATTACHMENT | INPUT_ATTACHMENT
NSDIAG gbuffer target target_id=1879048212 exists=true recreate=false colors=3 depth=true extent=1280x720
NSDIAG graph-pass begin frame=1170 id=120 label='shadow_cascade_map' kind=ShadowCascadeMap queue=Graphics draws=164
NSDIAG graph-pass end frame=1170 id=120 label='shadow_cascade_map' kind=ShadowCascadeMap ok=true
NSDIAG graph-pass begin frame=1170 id=560 label='particle_simulation' kind=ParticleSimulation queue=Compute draws=0
NSDIAG graph-pass end frame=1170 id=560 label='particle_simulation' kind=ParticleSimulation ok=true
NSDIAG graph-pass begin frame=1170 id=300 label='viewport_gbuffer' kind=GBuffer queue=Graphics draws=16
NSDIAG graph-pass end frame=1170 id=300 label='viewport_gbuffer' kind=GBuffer ok=true
NSDIAG graph-pass begin frame=1170 id=400 label='deferred_lighting' kind=DeferredLighting queue=Graphics draws=0
NSDIAG deferred-target label='deferred_lighting' gbuffer_target=1879048212 lit_target=1879048196 lit_initialized_before=false
NSDIAG graph-pass end frame=1170 id=400 label='deferred_lighting' kind=DeferredLighting ok=false
NSDIAG vkCreateSwapchainKHR format=B8G8R8A8_SRGB usage=TRANSFER_SRC | TRANSFER_DST | COLOR_ATTACHMENT bits=0x13 supported=TRANSFER_SRC | TRANSFER_DST | SAMPLED | STORAGE | COLOR_ATTACHMENT | INPUT_ATTACHMENT
NSDIAG gbuffer target target_id=1879048212 exists=true recreate=false colors=3 depth=true extent=1280x720
NSDIAG deferred-target label='deferred_lighting' gbuffer_target=1879048212 lit_target=1879048196 lit_initialized_before=false
NSDIAG vkCreateSwapchainKHR format=B8G8R8A8_SRGB usage=TRANSFER_SRC | TRANSFER_DST | COLOR_ATTACHMENT bits=0x13 supported=TRANSFER_SRC | TRANSFER_DST | SAMPLED | STORAGE | COLOR_ATTACHMENT | INPUT_ATTACHMENT
NSDIAG gbuffer target target_id=1879048212 exists=true recreate=false colors=3 depth=true extent=1280x720
NSDIAG deferred-target label='deferred_lighting' gbuffer_target=1879048212 lit_target=1879048196 lit_initialized_before=false
NSDIAG vkCreateSwapchainKHR format=B8G8R8A8_SRGB usage=TRANSFER_SRC | TRANSFER_DST | COLOR_ATTACHMENT bits=0x13 supported=TRANSFER_SRC | TRANSFER_DST | SAMPLED | STORAGE | COLOR_ATTACHMENT | INPUT_ATTACHMENT
NSDIAG gbuffer target target_id=1879048212 exists=true recreate=false colors=3 depth=true extent=1280x720
NSDIAG deferred-target label='deferred_lighting' gbuffer_target=1879048212 lit_target=1879048196 lit_initialized_before=false
NSDIAG vkCreateSwapchainKHR format=B8G8R8A8_SRGB usage=TRANSFER_SRC | TRANSFER_DST | COLOR_ATTACHMENT bits=0x13 supported=TRANSFER_SRC | TRANSFER_DST | SAMPLED | STORAGE | COLOR_ATTACHMENT | INPUT_ATTACHMENT
NSDIAG gbuffer target target_id=1879048212 exists=true recreate=false colors=3 depth=true extent=1280x720
NSDIAG deferred-target label='deferred_lighting' gbuffer_target=1879048212 lit_target=1879048196 lit_initialized_before=false
NSDIAG vkCreateSwapchainKHR format=B8G8R8A8_SRGB usage=TRANSFER_SRC | TRANSFER_DST | COLOR_ATTACHMENT bits=0x13 supported=TRANSFER_SRC | TRANSFER_DST | SAMPLED | STORAGE | COLOR_ATTACHMENT | INPUT_ATTACHMENT
NSDIAG gbuffer target target_id=1879048212 exists=true recreate=false colors=3 depth=true extent=1280x720
NSDIAG deferred-target label='deferred_lighting' gbuffer_target=1879048212 lit_target=1879048196 lit_initialized_before=false
NSDIAG vkCreateSwapchainKHR format=B8G8R8A8_SRGB usage=TRANSFER_SRC | TRANSFER_DST | COLOR_ATTACHMENT bits=0x13 supported=TRANSFER_SRC | TRANSFER_DST | SAMPLED | STORAGE | COLOR_ATTACHMENT | INPUT_ATTACHMENT
NSDIAG gbuffer target target_id=1879048212 exists=true recreate=false colors=3 depth=true extent=1280x720
NSDIAG deferred-target label='deferred_lighting' gbuffer_target=1879048212 lit_target=1879048196 lit_initialized_before=false
NSDIAG vkCreateSwapchainKHR format=B8G8R8A8_SRGB usage=TRANSFER_SRC | TRANSFER_DST | COLOR_ATTACHMENT bits=0x13 supported=TRANSFER_SRC | TRANSFER_DST | SAMPLED | STORAGE | COLOR_ATTACHMENT | INPUT_ATTACHMENT
NSDIAG gbuffer target target_id=1879048212 exists=true recreate=false colors=3 depth=true extent=1280x720
NSDIAG deferred-target label='deferred_lighting' gbuffer_target=1879048212 lit_target=1879048196 lit_initialized_before=false
NSDIAG vkCreateSwapchainKHR format=B8G8R8A8_SRGB usage=TRANSFER_SRC | TRANSFER_DST | COLOR_ATTACHMENT bits=0x13 supported=TRANSFER_SRC | TRANSFER_DST | SAMPLED | STORAGE | COLOR_ATTACHMENT | INPUT_ATTACHMENT
NSDIAG gbuffer target target_id=1879048212 exists=true recreate=false colors=3 depth=true extent=1280x720
NSDIAG deferred-target label='deferred_lighting' gbuffer_target=1879048212 lit_target=1879048196 lit_initialized_before=false
NSDIAG vkCreateSwapchainKHR format=B8G8R8A8_SRGB usage=TRANSFER_SRC | TRANSFER_DST | COLOR_ATTACHMENT bits=0x13 supported=TRANSFER_SRC | TRANSFER_DST | SAMPLED | STORAGE | COLOR_ATTACHMENT | INPUT_ATTACHMENT
NSDIAG gbuffer target target_id=1879048212 exists=true recreate=false colors=3 depth=true extent=1280x720
NSDIAG deferred-target label='deferred_lighting' gbuffer_target=1879048212 lit_target=1879048196 lit_initialized_before=false
NSDIAG vkCreateSwapchainKHR format=B8G8R8A8_SRGB usage=TRANSFER_SRC | TRANSFER_DST | COLOR_ATTACHMENT bits=0x13 supported=TRANSFER_SRC | TRANSFER_DST | SAMPLED | STORAGE | COLOR_ATTACHMENT | INPUT_ATTACHMENT
NSDIAG gbuffer target target_id=1879048212 exists=true recreate=false colors=3 depth=true extent=1280x720
NSDIAG deferred-target label='deferred_lighting' gbuffer_target=1879048212 lit_target=1879048196 lit_initialized_before=false
NSDIAG vkCreateSwapchainKHR format=B8G8R8A8_SRGB usage=TRANSFER_SRC | TRANSFER_DST | COLOR_ATTACHMENT bits=0x13 supported=TRANSFER_SRC | TRANSFER_DST | SAMPLED | STORAGE | COLOR_ATTACHMENT | INPUT_ATTACHMENT
NSDIAG gbuffer target target_id=1879048212 exists=true recreate=false colors=3 depth=true extent=1280x720
NSDIAG deferred-target label='deferred_lighting' gbuffer_target=1879048212 lit_target=1879048196 lit_initialized_before=false
NSDIAG vkCreateSwapchainKHR format=B8G8R8A8_SRGB usage=TRANSFER_SRC | TRANSFER_DST | COLOR_ATTACHMENT bits=0x13 supported=TRANSFER_SRC | TRANSFER_DST | SAMPLED | STORAGE | COLOR_ATTACHMENT | INPUT_ATTACHMENT
NSDIAG gbuffer target target_id=1879048212 exists=true recreate=false colors=3 depth=true extent=1280x720
NSDIAG deferred-target label='deferred_lighting' gbuffer_target=1879048212 lit_target=1879048196 lit_initialized_before=false
NSDIAG vkCreateSwapchainKHR format=B8G8R8A8_SRGB usage=TRANSFER_SRC | TRANSFER_DST | COLOR_ATTACHMENT bits=0x13 supported=TRANSFER_SRC | TRANSFER_DST | SAMPLED | STORAGE | COLOR_ATTACHMENT | INPUT_ATTACHMENT
NSDIAG gbuffer target target_id=1879048212 exists=true recreate=false colors=3 depth=true extent=1280x720
NSDIAG deferred-target label='deferred_lighting' gbuffer_target=1879048212 lit_target=1879048196 lit_initialized_before=false
NSDIAG vkCreateSwapchainKHR format=B8G8R8A8_SRGB usage=TRANSFER_SRC | TRANSFER_DST | COLOR_ATTACHMENT bits=0x13 supported=TRANSFER_SRC | TRANSFER_DST | SAMPLED | STORAGE | COLOR_ATTACHMENT | INPUT_ATTACHMENT
NSDIAG gbuffer target target_id=1879048212 exists=true recreate=false colors=3 depth=true extent=1280x720
NSDIAG deferred-target label='deferred_lighting' gbuffer_target=1879048212 lit_target=1879048196 lit_initialized_before=false
NSDIAG vkCreateSwapchainKHR format=B8G8R8A8_SRGB usage=TRANSFER_SRC | TRANSFER_DST | COLOR_ATTACHMENT bits=0x13 supported=TRANSFER_SRC | TRANSFER_DST | SAMPLED | STORAGE | COLOR_ATTACHMENT | INPUT_ATTACHMENT
NSDIAG gbuffer target target_id=1879048212 exists=true recreate=false colors=3 depth=true extent=1280x720
NSDIAG deferred-target label='deferred_lighting' gbuffer_target=1879048212 lit_target=1879048196 lit_initialized_before=false
NSDIAG vkCreateSwapchainKHR format=B8G8R8A8_SRGB usage=TRANSFER_SRC | TRANSFER_DST | COLOR_ATTACHMENT bits=0x13 supported=TRANSFER_SRC | TRANSFER_DST | SAMPLED | STORAGE | COLOR_ATTACHMENT | INPUT_ATTACHMENT
NSDIAG gbuffer target target_id=1879048212 exists=true recreate=false colors=3 depth=true extent=1280x720
NSDIAG deferred-target label='deferred_lighting' gbuffer_target=1879048212 lit_target=1879048196 lit_initialized_before=false
NSDIAG vkCreateSwapchainKHR format=B8G8R8A8_SRGB usage=TRANSFER_SRC | TRANSFER_DST | COLOR_ATTACHMENT bits=0x13 supported=TRANSFER_SRC | TRANSFER_DST | SAMPLED | STORAGE | COLOR_ATTACHMENT | INPUT_ATTACHMENT
NSDIAG gbuffer target target_id=1879048212 exists=true recreate=false colors=3 depth=true extent=1280x720
NSDIAG deferred-target label='deferred_lighting' gbuffer_target=1879048212 lit_target=1879048196 lit_initialized_before=false
NSDIAG vkCreateSwapchainKHR format=B8G8R8A8_SRGB usage=TRANSFER_SRC | TRANSFER_DST | COLOR_ATTACHMENT bits=0x13 supported=TRANSFER_SRC | TRANSFER_DST | SAMPLED | STORAGE | COLOR_ATTACHMENT | INPUT_ATTACHMENT
NSDIAG gbuffer target target_id=1879048212 exists=true recreate=false colors=3 depth=true extent=1280x720
NSDIAG deferred-target label='deferred_lighting' gbuffer_target=1879048212 lit_target=1879048196 lit_initialized_before=false
NSDIAG vkCreateSwapchainKHR format=B8G8R8A8_SRGB usage=TRANSFER_SRC | TRANSFER_DST | COLOR_ATTACHMENT bits=0x13 supported=TRANSFER_SRC | TRANSFER_DST | SAMPLED | STORAGE | COLOR_ATTACHMENT | INPUT_ATTACHMENT
NSDIAG gbuffer target target_id=1879048212 exists=true recreate=false colors=3 depth=true extent=1280x720
NSDIAG deferred-target label='deferred_lighting' gbuffer_target=1879048212 lit_target=1879048196 lit_initialized_before=false
NSDIAG vkCreateSwapchainKHR format=B8G8R8A8_SRGB usage=TRANSFER_SRC | TRANSFER_DST | COLOR_ATTACHMENT bits=0x13 supported=TRANSFER_SRC | TRANSFER_DST | SAMPLED | STORAGE | COLOR_ATTACHMENT | INPUT_ATTACHMENT
NSDIAG gbuffer target target_id=1879048212 exists=true recreate=false colors=3 depth=true extent=1280x720
NSDIAG deferred-target label='deferred_lighting' gbuffer_target=1879048212 lit_target=1879048196 lit_initialized_before=false
NSDIAG vkCreateSwapchainKHR format=B8G8R8A8_SRGB usage=TRANSFER_SRC | TRANSFER_DST | COLOR_ATTACHMENT bits=0x13 supported=TRANSFER_SRC | TRANSFER_DST | SAMPLED | STORAGE | COLOR_ATTACHMENT | INPUT_ATTACHMENT
NSDIAG gbuffer target target_id=1879048212 exists=true recreate=false colors=3 depth=true extent=1280x720
NSDIAG deferred-target label='deferred_lighting' gbuffer_target=1879048212 lit_target=1879048196 lit_initialized_before=false
NSDIAG vkCreateSwapchainKHR format=B8G8R8A8_SRGB usage=TRANSFER_SRC | TRANSFER_DST | COLOR_ATTACHMENT bits=0x13 supported=TRANSFER_SRC | TRANSFER_DST | SAMPLED | STORAGE | COLOR_ATTACHMENT | INPUT_ATTACHMENT
NSDIAG gbuffer target target_id=1879048212 exists=true recreate=false colors=3 depth=true extent=1280x720
NSDIAG deferred-target label='deferred_lighting' gbuffer_target=1879048212 lit_target=1879048196 lit_initialized_before=false
NSDIAG vkCreateSwapchainKHR format=B8G8R8A8_SRGB usage=TRANSFER_SRC | TRANSFER_DST | COLOR_ATTACHMENT bits=0x13 supported=TRANSFER_SRC | TRANSFER_DST | SAMPLED | STORAGE | COLOR_ATTACHMENT | INPUT_ATTACHMENT
NSDIAG gbuffer target target_id=1879048212 exists=true recreate=false colors=3 depth=true extent=1280x720
NSDIAG deferred-target label='deferred_lighting' gbuffer_target=1879048212 lit_target=1879048196 lit_initialized_before=false
NSDIAG vkCreateSwapchainKHR format=B8G8R8A8_SRGB usage=TRANSFER_SRC | TRANSFER_DST | COLOR_ATTACHMENT bits=0x13 supported=TRANSFER_SRC | TRANSFER_DST | SAMPLED | STORAGE | COLOR_ATTACHMENT | INPUT_ATTACHMENT
NSDIAG gbuffer target target_id=1879048212 exists=true recreate=false colors=3 depth=true extent=1280x720
NSDIAG deferred-target label='deferred_lighting' gbuffer_target=1879048212 lit_target=1879048196 lit_initialized_before=false
NSDIAG vkCreateSwapchainKHR format=B8G8R8A8_SRGB usage=TRANSFER_SRC | TRANSFER_DST | COLOR_ATTACHMENT bits=0x13 supported=TRANSFER_SRC | TRANSFER_DST | SAMPLED | STORAGE | COLOR_ATTACHMENT | INPUT_ATTACHMENT
NSDIAG gbuffer target target_id=1879048212 exists=true recreate=false colors=3 depth=true extent=1280x720
NSDIAG deferred-target label='deferred_lighting' gbuffer_target=1879048212 lit_target=1879048196 lit_initialized_before=false
NSDIAG vkCreateSwapchainKHR format=B8G8R8A8_SRGB usage=TRANSFER_SRC | TRANSFER_DST | COLOR_ATTACHMENT bits=0x13 supported=TRANSFER_SRC | TRANSFER_DST | SAMPLED | STORAGE | COLOR_ATTACHMENT | INPUT_ATTACHMENT
NSDIAG gbuffer target target_id=1879048212 exists=true recreate=false colors=3 depth=true extent=1280x720
NSDIAG deferred-target label='deferred_lighting' gbuffer_target=1879048212 lit_target=1879048196 lit_initialized_before=false
NSDIAG vkCreateSwapchainKHR format=B8G8R8A8_SRGB usage=TRANSFER_SRC | TRANSFER_DST | COLOR_ATTACHMENT bits=0x13 supported=TRANSFER_SRC | TRANSFER_DST | SAMPLED | STORAGE | COLOR_ATTACHMENT | INPUT_ATTACHMENT
NSDIAG gbuffer target target_id=1879048212 exists=true recreate=false colors=3 depth=true extent=1280x720
NSDIAG deferred-target label='deferred_lighting' gbuffer_target=1879048212 lit_target=1879048196 lit_initialized_before=false
NSDIAG vkCreateSwapchainKHR format=B8G8R8A8_SRGB usage=TRANSFER_SRC | TRANSFER_DST | COLOR_ATTACHMENT bits=0x13 supported=TRANSFER_SRC | TRANSFER_DST | SAMPLED | STORAGE | COLOR_ATTACHMENT | INPUT_ATTACHMENT
NSDIAG gbuffer target target_id=1879048212 exists=true recreate=false colors=3 depth=true extent=1280x720
NSDIAG deferred-target label='deferred_lighting' gbuffer_target=1879048212 lit_target=1879048196 lit_initialized_before=false
NSDIAG vkCreateSwapchainKHR format=B8G8R8A8_SRGB usage=TRANSFER_SRC | TRANSFER_DST | COLOR_ATTACHMENT bits=0x13 supported=TRANSFER_SRC | TRANSFER_DST | SAMPLED | STORAGE | COLOR_ATTACHMENT | INPUT_ATTACHMENT
NSDIAG gbuffer target target_id=1879048212 exists=true recreate=false colors=3 depth=true extent=1280x720
NSDIAG deferred-target label='deferred_lighting' gbuffer_target=1879048212 lit_target=1879048196 lit_initialized_before=false
NSDIAG vkCreateSwapchainKHR format=B8G8R8A8_SRGB usage=TRANSFER_SRC | TRANSFER_DST | COLOR_ATTACHMENT bits=0x13 supported=TRANSFER_SRC | TRANSFER_DST | SAMPLED | STORAGE | COLOR_ATTACHMENT | INPUT_ATTACHMENT
[09:18:07.927] [[1;32mINFO [0m] render.shadow_setup.profile: frame=1200 total_ms=0.017 directional_plan_ms=0.007 directional_admission_ms=0.009 local_plan_ms=0.001 local_admission_ms=0.000 finalize_ms=0.000 render_directional=true render_local=false local_views=0
NSDIAG gbuffer target target_id=1879048212 exists=true recreate=false colors=3 depth=true extent=1280x720
NSDIAG graph-pass begin frame=1200 id=120 label='shadow_cascade_map' kind=ShadowCascadeMap queue=Graphics draws=164
NSDIAG graph-pass end frame=1200 id=120 label='shadow_cascade_map' kind=ShadowCascadeMap ok=true
NSDIAG graph-pass begin frame=1200 id=560 label='particle_simulation' kind=ParticleSimulation queue=Compute draws=0
NSDIAG graph-pass end frame=1200 id=560 label='particle_simulation' kind=ParticleSimulation ok=true
NSDIAG graph-pass begin frame=1200 id=300 label='viewport_gbuffer' kind=GBuffer queue=Graphics draws=16
NSDIAG graph-pass end frame=1200 id=300 label='viewport_gbuffer' kind=GBuffer ok=true
NSDIAG graph-pass begin frame=1200 id=400 label='deferred_lighting' kind=DeferredLighting queue=Graphics draws=0
NSDIAG deferred-target label='deferred_lighting' gbuffer_target=1879048212 lit_target=1879048196 lit_initialized_before=false
NSDIAG graph-pass end frame=1200 id=400 label='deferred_lighting' kind=DeferredLighting ok=false
[09:18:07.933] [[1;36mDEBUG[0m] render controller: material pipeline still pending heartbeat frame=1200 waiting_for='renderer.shader_compile_event'
NSDIAG vkCreateSwapchainKHR format=B8G8R8A8_SRGB usage=TRANSFER_SRC | TRANSFER_DST | COLOR_ATTACHMENT bits=0x13 supported=TRANSFER_SRC | TRANSFER_DST | SAMPLED | STORAGE | COLOR_ATTACHMENT | INPUT_ATTACHMENT
[09:18:07.939] [[1;36mDEBUG[0m] game-ready live sky: experimental spatial cloud shadows disabled
[09:18:07.939] [[1;32mINFO [0m] game-ready atmosphere: profile='atmosphere/default_temperate.yatmos@profile' p=999.0hPa T=15.71C Td=8.67C RH=0.629 q=7.02g/kg rho=1.200kg/m3 LCL=879m PW=25.02mm CWP=0.000kg/m2 condensation=0.000 CAPE=0J/kg CIN=384J/kg cloud_top=879m aerosol=0.099 visibility=32805m
[09:18:07.939] [[1;32mINFO [0m] game-ready live sky: frame=1200 profile='environment.default' weather='weather.clear.dry_high_pressure' tod=0.493 sun_y=0.967 sun_lux=103545.7 day=1.000 overcast=0.000 target_clouds=0.000 live_clouds=0.014 absorption=0.000 sky_light=0.520 haze=0.061 -> clear_sun=4.559 world_sun=4.559 ambient=0.363 world_ambient=0.363 sun_cloud_raw=0.000 sun_cloud=0.000 optical_depth=0.000 transmittance=1.000 world_shadow=0.000 map=[1.000,1.000,1.000,1.000,1.000] spread=0.000 history=0.000 erosion=[freq:0.0320,strength:0.140,fade:96.0] deck=[base:829,thickness:320,density:0.000,high:0.000/0.000] air=[humidity:0.646,aerosol:0.100,precip:0.000] wind_offset=[576.3810,282.1579] evolution=0.5351 lifecycle=0.6676 gust=0.996
NSDIAG gbuffer target target_id=1879048212 exists=true recreate=false colors=3 depth=true extent=1280x720
NSDIAG deferred-target label='deferred_lighting' gbuffer_target=1879048212 lit_target=1879048196 lit_initialized_before=false
NSDIAG vkCreateSwapchainKHR format=B8G8R8A8_SRGB usage=TRANSFER_SRC | TRANSFER_DST | COLOR_ATTACHMENT bits=0x13 supported=TRANSFER_SRC | TRANSFER_DST | SAMPLED | STORAGE | COLOR_ATTACHMENT | INPUT_ATTACHMENT
NSDIAG gbuffer target target_id=1879048212 exists=true recreate=false colors=3 depth=true extent=1280x720
NSDIAG deferred-target label='deferred_lighting' gbuffer_target=1879048212 lit_target=1879048196 lit_initialized_before=false
NSDIAG vkCreateSwapchainKHR format=B8G8R8A8_SRGB usage=TRANSFER_SRC | TRANSFER_DST | COLOR_ATTACHMENT bits=0x13 supported=TRANSFER_SRC | TRANSFER_DST | SAMPLED | STORAGE | COLOR_ATTACHMENT | INPUT_ATTACHMENT
NSDIAG gbuffer target target_id=1879048212 exists=true recreate=false colors=3 depth=true extent=1280x720
NSDIAG deferred-target label='deferred_lighting' gbuffer_target=1879048212 lit_target=1879048196 lit_initialized_before=false
NSDIAG vkCreateSwapchainKHR format=B8G8R8A8_SRGB usage=TRANSFER_SRC | TRANSFER_DST | COLOR_ATTACHMENT bits=0x13 supported=TRANSFER_SRC | TRANSFER_DST | SAMPLED | STORAGE | COLOR_ATTACHMENT | INPUT_ATTACHMENT
NSDIAG gbuffer target target_id=1879048212 exists=true recreate=false colors=3 depth=true extent=1280x720
NSDIAG deferred-target label='deferred_lighting' gbuffer_target=1879048212 lit_target=1879048196 lit_initialized_before=false
NSDIAG vkCreateSwapchainKHR format=B8G8R8A8_SRGB usage=TRANSFER_SRC | TRANSFER_DST | COLOR_ATTACHMENT bits=0x13 supported=TRANSFER_SRC | TRANSFER_DST | SAMPLED | STORAGE | COLOR_ATTACHMENT | INPUT_ATTACHMENT
NSDIAG gbuffer target target_id=1879048212 exists=true recreate=false colors=3 depth=true extent=1280x720
NSDIAG deferred-target label='deferred_lighting' gbuffer_target=1879048212 lit_target=1879048196 lit_initialized_before=false
NSDIAG vkCreateSwapchainKHR format=B8G8R8A8_SRGB usage=TRANSFER_SRC | TRANSFER_DST | COLOR_ATTACHMENT bits=0x13 supported=TRANSFER_SRC | TRANSFER_DST | SAMPLED | STORAGE | COLOR_ATTACHMENT | INPUT_ATTACHMENT
NSDIAG gbuffer target target_id=1879048212 exists=true recreate=false colors=3 depth=true extent=1280x720
NSDIAG deferred-target label='deferred_lighting' gbuffer_target=1879048212 lit_target=1879048196 lit_initialized_before=false
NSDIAG vkCreateSwapchainKHR format=B8G8R8A8_SRGB usage=TRANSFER_SRC | TRANSFER_DST | COLOR_ATTACHMENT bits=0x13 supported=TRANSFER_SRC | TRANSFER_DST | SAMPLED | STORAGE | COLOR_ATTACHMENT | INPUT_ATTACHMENT
NSDIAG gbuffer target target_id=1879048212 exists=true recreate=false colors=3 depth=true extent=1280x720
NSDIAG deferred-target label='deferred_lighting' gbuffer_target=1879048212 lit_target=1879048196 lit_initialized_before=false
NSDIAG vkCreateSwapchainKHR format=B8G8R8A8_SRGB usage=TRANSFER_SRC | TRANSFER_DST | COLOR_ATTACHMENT bits=0x13 supported=TRANSFER_SRC | TRANSFER_DST | SAMPLED | STORAGE | COLOR_ATTACHMENT | INPUT_ATTACHMENT
NSDIAG gbuffer target target_id=1879048212 exists=true recreate=false colors=3 depth=true extent=1280x720
NSDIAG deferred-target label='deferred_lighting' gbuffer_target=1879048212 lit_target=1879048196 lit_initialized_before=false
NSDIAG vkCreateSwapchainKHR format=B8G8R8A8_SRGB usage=TRANSFER_SRC | TRANSFER_DST | COLOR_ATTACHMENT bits=0x13 supported=TRANSFER_SRC | TRANSFER_DST | SAMPLED | STORAGE | COLOR_ATTACHMENT | INPUT_ATTACHMENT
NSDIAG gbuffer target target_id=1879048212 exists=true recreate=false colors=3 depth=true extent=1280x720
NSDIAG deferred-target label='deferred_lighting' gbuffer_target=1879048212 lit_target=1879048196 lit_initialized_before=false
NSDIAG vkCreateSwapchainKHR format=B8G8R8A8_SRGB usage=TRANSFER_SRC | TRANSFER_DST | COLOR_ATTACHMENT bits=0x13 supported=TRANSFER_SRC | TRANSFER_DST | SAMPLED | STORAGE | COLOR_ATTACHMENT | INPUT_ATTACHMENT
NSDIAG gbuffer target target_id=1879048212 exists=true recreate=false colors=3 depth=true extent=1280x720
NSDIAG deferred-target label='deferred_lighting' gbuffer_target=1879048212 lit_target=1879048196 lit_initialized_before=false
NSDIAG vkCreateSwapchainKHR format=B8G8R8A8_SRGB usage=TRANSFER_SRC | TRANSFER_DST | COLOR_ATTACHMENT bits=0x13 supported=TRANSFER_SRC | TRANSFER_DST | SAMPLED | STORAGE | COLOR_ATTACHMENT | INPUT_ATTACHMENT
NSDIAG gbuffer target target_id=1879048212 exists=true recreate=false colors=3 depth=true extent=1280x720
NSDIAG deferred-target label='deferred_lighting' gbuffer_target=1879048212 lit_target=1879048196 lit_initialized_before=false
NSDIAG vkCreateSwapchainKHR format=B8G8R8A8_SRGB usage=TRANSFER_SRC | TRANSFER_DST | COLOR_ATTACHMENT bits=0x13 supported=TRANSFER_SRC | TRANSFER_DST | SAMPLED | STORAGE | COLOR_ATTACHMENT | INPUT_ATTACHMENT
NSDIAG gbuffer target target_id=1879048212 exists=true recreate=false colors=3 depth=true extent=1280x720
NSDIAG deferred-target label='deferred_lighting' gbuffer_target=1879048212 lit_target=1879048196 lit_initialized_before=false
NSDIAG vkCreateSwapchainKHR format=B8G8R8A8_SRGB usage=TRANSFER_SRC | TRANSFER_DST | COLOR_ATTACHMENT bits=0x13 supported=TRANSFER_SRC | TRANSFER_DST | SAMPLED | STORAGE | COLOR_ATTACHMENT | INPUT_ATTACHMENT
NSDIAG gbuffer target target_id=1879048212 exists=true recreate=false colors=3 depth=true extent=1280x720
NSDIAG deferred-target label='deferred_lighting' gbuffer_target=1879048212 lit_target=1879048196 lit_initialized_before=false
NSDIAG vkCreateSwapchainKHR format=B8G8R8A8_SRGB usage=TRANSFER_SRC | TRANSFER_DST | COLOR_ATTACHMENT bits=0x13 supported=TRANSFER_SRC | TRANSFER_DST | SAMPLED | STORAGE | COLOR_ATTACHMENT | INPUT_ATTACHMENT
NSDIAG gbuffer target target_id=1879048212 exists=true recreate=false colors=3 depth=true extent=1280x720
NSDIAG deferred-target label='deferred_lighting' gbuffer_target=1879048212 lit_target=1879048196 lit_initialized_before=false
NSDIAG vkCreateSwapchainKHR format=B8G8R8A8_SRGB usage=TRANSFER_SRC | TRANSFER_DST | COLOR_ATTACHMENT bits=0x13 supported=TRANSFER_SRC | TRANSFER_DST | SAMPLED | STORAGE | COLOR_ATTACHMENT | INPUT_ATTACHMENT
NSDIAG gbuffer target target_id=1879048212 exists=true recreate=false colors=3 depth=true extent=1280x720
NSDIAG deferred-target label='deferred_lighting' gbuffer_target=1879048212 lit_target=1879048196 lit_initialized_before=false
NSDIAG vkCreateSwapchainKHR format=B8G8R8A8_SRGB usage=TRANSFER_SRC | TRANSFER_DST | COLOR_ATTACHMENT bits=0x13 supported=TRANSFER_SRC | TRANSFER_DST | SAMPLED | STORAGE | COLOR_ATTACHMENT | INPUT_ATTACHMENT
NSDIAG gbuffer target target_id=1879048212 exists=true recreate=false colors=3 depth=true extent=1280x720
NSDIAG deferred-target label='deferred_lighting' gbuffer_target=1879048212 lit_target=1879048196 lit_initialized_before=false
NSDIAG vkCreateSwapchainKHR format=B8G8R8A8_SRGB usage=TRANSFER_SRC | TRANSFER_DST | COLOR_ATTACHMENT bits=0x13 supported=TRANSFER_SRC | TRANSFER_DST | SAMPLED | STORAGE | COLOR_ATTACHMENT | INPUT_ATTACHMENT
NSDIAG gbuffer target target_id=1879048212 exists=true recreate=false colors=3 depth=true extent=1280x720
NSDIAG deferred-target label='deferred_lighting' gbuffer_target=1879048212 lit_target=1879048196 lit_initialized_before=false
NSDIAG vkCreateSwapchainKHR format=B8G8R8A8_SRGB usage=TRANSFER_SRC | TRANSFER_DST | COLOR_ATTACHMENT bits=0x13 supported=TRANSFER_SRC | TRANSFER_DST | SAMPLED | STORAGE | COLOR_ATTACHMENT | INPUT_ATTACHMENT
NSDIAG gbuffer target target_id=1879048212 exists=true recreate=false colors=3 depth=true extent=1280x720
NSDIAG deferred-target label='deferred_lighting' gbuffer_target=1879048212 lit_target=1879048196 lit_initialized_before=false
NSDIAG vkCreateSwapchainKHR format=B8G8R8A8_SRGB usage=TRANSFER_SRC | TRANSFER_DST | COLOR_ATTACHMENT bits=0x13 supported=TRANSFER_SRC | TRANSFER_DST | SAMPLED | STORAGE | COLOR_ATTACHMENT | INPUT_ATTACHMENT
NSDIAG gbuffer target target_id=1879048212 exists=true recreate=false colors=3 depth=true extent=1280x720
NSDIAG deferred-target label='deferred_lighting' gbuffer_target=1879048212 lit_target=1879048196 lit_initialized_before=false
NSDIAG vkCreateSwapchainKHR format=B8G8R8A8_SRGB usage=TRANSFER_SRC | TRANSFER_DST | COLOR_ATTACHMENT bits=0x13 supported=TRANSFER_SRC | TRANSFER_DST | SAMPLED | STORAGE | COLOR_ATTACHMENT | INPUT_ATTACHMENT
NSDIAG gbuffer target target_id=1879048212 exists=true recreate=false colors=3 depth=true extent=1280x720
NSDIAG deferred-target label='deferred_lighting' gbuffer_target=1879048212 lit_target=1879048196 lit_initialized_before=false
NSDIAG vkCreateSwapchainKHR format=B8G8R8A8_SRGB usage=TRANSFER_SRC | TRANSFER_DST | COLOR_ATTACHMENT bits=0x13 supported=TRANSFER_SRC | TRANSFER_DST | SAMPLED | STORAGE | COLOR_ATTACHMENT | INPUT_ATTACHMENT
NSDIAG gbuffer target target_id=1879048212 exists=true recreate=false colors=3 depth=true extent=1280x720
NSDIAG deferred-target label='deferred_lighting' gbuffer_target=1879048212 lit_target=1879048196 lit_initialized_before=false
NSDIAG vkCreateSwapchainKHR format=B8G8R8A8_SRGB usage=TRANSFER_SRC | TRANSFER_DST | COLOR_ATTACHMENT bits=0x13 supported=TRANSFER_SRC | TRANSFER_DST | SAMPLED | STORAGE | COLOR_ATTACHMENT | INPUT_ATTACHMENT
NSDIAG gbuffer target target_id=1879048212 exists=true recreate=false colors=3 depth=true extent=1280x720
NSDIAG deferred-target label='deferred_lighting' gbuffer_target=1879048212 lit_target=1879048196 lit_initialized_before=false
NSDIAG vkCreateSwapchainKHR format=B8G8R8A8_SRGB usage=TRANSFER_SRC | TRANSFER_DST | COLOR_ATTACHMENT bits=0x13 supported=TRANSFER_SRC | TRANSFER_DST | SAMPLED | STORAGE | COLOR_ATTACHMENT | INPUT_ATTACHMENT
NSDIAG gbuffer target target_id=1879048212 exists=true recreate=false colors=3 depth=true extent=1280x720
NSDIAG deferred-target label='deferred_lighting' gbuffer_target=1879048212 lit_target=1879048196 lit_initialized_before=false
NSDIAG vkCreateSwapchainKHR format=B8G8R8A8_SRGB usage=TRANSFER_SRC | TRANSFER_DST | COLOR_ATTACHMENT bits=0x13 supported=TRANSFER_SRC | TRANSFER_DST | SAMPLED | STORAGE | COLOR_ATTACHMENT | INPUT_ATTACHMENT
NSDIAG gbuffer target target_id=1879048212 exists=true recreate=false colors=3 depth=true extent=1280x720
NSDIAG deferred-target label='deferred_lighting' gbuffer_target=1879048212 lit_target=1879048196 lit_initialized_before=false
NSDIAG vkCreateSwapchainKHR format=B8G8R8A8_SRGB usage=TRANSFER_SRC | TRANSFER_DST | COLOR_ATTACHMENT bits=0x13 supported=TRANSFER_SRC | TRANSFER_DST | SAMPLED | STORAGE | COLOR_ATTACHMENT | INPUT_ATTACHMENT
NSDIAG gbuffer target target_id=1879048212 exists=true recreate=false colors=3 depth=true extent=1280x720
NSDIAG deferred-target label='deferred_lighting' gbuffer_target=1879048212 lit_target=1879048196 lit_initialized_before=false
NSDIAG vkCreateSwapchainKHR format=B8G8R8A8_SRGB usage=TRANSFER_SRC | TRANSFER_DST | COLOR_ATTACHMENT bits=0x13 supported=TRANSFER_SRC | TRANSFER_DST | SAMPLED | STORAGE | COLOR_ATTACHMENT | INPUT_ATTACHMENT
NSDIAG gbuffer target target_id=1879048212 exists=true recreate=false colors=3 depth=true extent=1280x720
NSDIAG deferred-target label='deferred_lighting' gbuffer_target=1879048212 lit_target=1879048196 lit_initialized_before=false
NSDIAG vkCreateSwapchainKHR format=B8G8R8A8_SRGB usage=TRANSFER_SRC | TRANSFER_DST | COLOR_ATTACHMENT bits=0x13 supported=TRANSFER_SRC | TRANSFER_DST | SAMPLED | STORAGE | COLOR_ATTACHMENT | INPUT_ATTACHMENT
NSDIAG gbuffer target target_id=1879048212 exists=true recreate=false colors=3 depth=true extent=1280x720
NSDIAG deferred-target label='deferred_lighting' gbuffer_target=1879048212 lit_target=1879048196 lit_initialized_before=false
NSDIAG vkCreateSwapchainKHR format=B8G8R8A8_SRGB usage=TRANSFER_SRC | TRANSFER_DST | COLOR_ATTACHMENT bits=0x13 supported=TRANSFER_SRC | TRANSFER_DST | SAMPLED | STORAGE | COLOR_ATTACHMENT | INPUT_ATTACHMENT
NSDIAG gbuffer target target_id=1879048212 exists=true recreate=false colors=3 depth=true extent=1280x720
NSDIAG deferred-target label='deferred_lighting' gbuffer_target=1879048212 lit_target=1879048196 lit_initialized_before=false
NSDIAG vkCreateSwapchainKHR format=B8G8R8A8_SRGB usage=TRANSFER_SRC | TRANSFER_DST | COLOR_ATTACHMENT bits=0x13 supported=TRANSFER_SRC | TRANSFER_DST | SAMPLED | STORAGE | COLOR_ATTACHMENT | INPUT_ATTACHMENT
NSDIAG gbuffer target target_id=1879048212 exists=true recreate=false colors=3 depth=true extent=1280x720
NSDIAG deferred-target label='deferred_lighting' gbuffer_target=1879048212 lit_target=1879048196 lit_initialized_before=false
NSDIAG vkCreateSwapchainKHR format=B8G8R8A8_SRGB usage=TRANSFER_SRC | TRANSFER_DST | COLOR_ATTACHMENT bits=0x13 supported=TRANSFER_SRC | TRANSFER_DST | SAMPLED | STORAGE | COLOR_ATTACHMENT | INPUT_ATTACHMENT
NSDIAG gbuffer target target_id=1879048212 exists=true recreate=false colors=3 depth=true extent=1280x720
NSDIAG graph-pass begin frame=1230 id=120 label='shadow_cascade_map' kind=ShadowCascadeMap queue=Graphics draws=164
NSDIAG graph-pass end frame=1230 id=120 label='shadow_cascade_map' kind=ShadowCascadeMap ok=true
NSDIAG graph-pass begin frame=1230 id=560 label='particle_simulation' kind=ParticleSimulation queue=Compute draws=0
NSDIAG graph-pass end frame=1230 id=560 label='particle_simulation' kind=ParticleSimulation ok=true
NSDIAG graph-pass begin frame=1230 id=300 label='viewport_gbuffer' kind=GBuffer queue=Graphics draws=16
NSDIAG graph-pass end frame=1230 id=300 label='viewport_gbuffer' kind=GBuffer ok=true
NSDIAG graph-pass begin frame=1230 id=400 label='deferred_lighting' kind=DeferredLighting queue=Graphics draws=0
NSDIAG deferred-target label='deferred_lighting' gbuffer_target=1879048212 lit_target=1879048196 lit_initialized_before=false
NSDIAG graph-pass end frame=1230 id=400 label='deferred_lighting' kind=DeferredLighting ok=false
NSDIAG vkCreateSwapchainKHR format=B8G8R8A8_SRGB usage=TRANSFER_SRC | TRANSFER_DST | COLOR_ATTACHMENT bits=0x13 supported=TRANSFER_SRC | TRANSFER_DST | SAMPLED | STORAGE | COLOR_ATTACHMENT | INPUT_ATTACHMENT
NSDIAG gbuffer target target_id=1879048212 exists=true recreate=false colors=3 depth=true extent=1280x720
NSDIAG deferred-target label='deferred_lighting' gbuffer_target=1879048212 lit_target=1879048196 lit_initialized_before=false
NSDIAG vkCreateSwapchainKHR format=B8G8R8A8_SRGB usage=TRANSFER_SRC | TRANSFER_DST | COLOR_ATTACHMENT bits=0x13 supported=TRANSFER_SRC | TRANSFER_DST | SAMPLED | STORAGE | COLOR_ATTACHMENT | INPUT_ATTACHMENT
NSDIAG gbuffer target target_id=1879048212 exists=true recreate=false colors=3 depth=true extent=1280x720
NSDIAG deferred-target label='deferred_lighting' gbuffer_target=1879048212 lit_target=1879048196 lit_initialized_before=false
NSDIAG vkCreateSwapchainKHR format=B8G8R8A8_SRGB usage=TRANSFER_SRC | TRANSFER_DST | COLOR_ATTACHMENT bits=0x13 supported=TRANSFER_SRC | TRANSFER_DST | SAMPLED | STORAGE | COLOR_ATTACHMENT | INPUT_ATTACHMENT
NSDIAG gbuffer target target_id=1879048212 exists=true recreate=false colors=3 depth=true extent=1280x720
NSDIAG deferred-target label='deferred_lighting' gbuffer_target=1879048212 lit_target=1879048196 lit_initialized_before=false
NSDIAG vkCreateSwapchainKHR format=B8G8R8A8_SRGB usage=TRANSFER_SRC | TRANSFER_DST | COLOR_ATTACHMENT bits=0x13 supported=TRANSFER_SRC | TRANSFER_DST | SAMPLED | STORAGE | COLOR_ATTACHMENT | INPUT_ATTACHMENT
NSDIAG gbuffer target target_id=1879048212 exists=true recreate=false colors=3 depth=true extent=1280x720
NSDIAG deferred-target label='deferred_lighting' gbuffer_target=1879048212 lit_target=1879048196 lit_initialized_before=false
NSDIAG vkCreateSwapchainKHR format=B8G8R8A8_SRGB usage=TRANSFER_SRC | TRANSFER_DST | COLOR_ATTACHMENT bits=0x13 supported=TRANSFER_SRC | TRANSFER_DST | SAMPLED | STORAGE | COLOR_ATTACHMENT | INPUT_ATTACHMENT
NSDIAG gbuffer target target_id=1879048212 exists=true recreate=false colors=3 depth=true extent=1280x720
NSDIAG deferred-target label='deferred_lighting' gbuffer_target=1879048212 lit_target=1879048196 lit_initialized_before=false
NSDIAG vkCreateSwapchainKHR format=B8G8R8A8_SRGB usage=TRANSFER_SRC | TRANSFER_DST | COLOR_ATTACHMENT bits=0x13 supported=TRANSFER_SRC | TRANSFER_DST | SAMPLED | STORAGE | COLOR_ATTACHMENT | INPUT_ATTACHMENT
NSDIAG gbuffer target target_id=1879048212 exists=true recreate=false colors=3 depth=true extent=1280x720
NSDIAG deferred-target label='deferred_lighting' gbuffer_target=1879048212 lit_target=1879048196 lit_initialized_before=false
NSDIAG vkCreateSwapchainKHR format=B8G8R8A8_SRGB usage=TRANSFER_SRC | TRANSFER_DST | COLOR_ATTACHMENT bits=0x13 supported=TRANSFER_SRC | TRANSFER_DST | SAMPLED | STORAGE | COLOR_ATTACHMENT | INPUT_ATTACHMENT
NSDIAG gbuffer target target_id=1879048212 exists=true recreate=false colors=3 depth=true extent=1280x720
NSDIAG deferred-target label='deferred_lighting' gbuffer_target=1879048212 lit_target=1879048196 lit_initialized_before=false
NSDIAG vkCreateSwapchainKHR format=B8G8R8A8_SRGB usage=TRANSFER_SRC | TRANSFER_DST | COLOR_ATTACHMENT bits=0x13 supported=TRANSFER_SRC | TRANSFER_DST | SAMPLED | STORAGE | COLOR_ATTACHMENT | INPUT_ATTACHMENT
NSDIAG gbuffer target target_id=1879048212 exists=true recreate=false colors=3 depth=true extent=1280x720
NSDIAG deferred-target label='deferred_lighting' gbuffer_target=1879048212 lit_target=1879048196 lit_initialized_before=false
NSDIAG vkCreateSwapchainKHR format=B8G8R8A8_SRGB usage=TRANSFER_SRC | TRANSFER_DST | COLOR_ATTACHMENT bits=0x13 supported=TRANSFER_SRC | TRANSFER_DST | SAMPLED | STORAGE | COLOR_ATTACHMENT | INPUT_ATTACHMENT
NSDIAG gbuffer target target_id=1879048212 exists=true recreate=false colors=3 depth=true extent=1280x720
NSDIAG deferred-target label='deferred_lighting' gbuffer_target=1879048212 lit_target=1879048196 lit_initialized_before=false
NSDIAG vkCreateSwapchainKHR format=B8G8R8A8_SRGB usage=TRANSFER_SRC | TRANSFER_DST | COLOR_ATTACHMENT bits=0x13 supported=TRANSFER_SRC | TRANSFER_DST | SAMPLED | STORAGE | COLOR_ATTACHMENT | INPUT_ATTACHMENT
NSDIAG gbuffer target target_id=1879048212 exists=true recreate=false colors=3 depth=true extent=1280x720
NSDIAG deferred-target label='deferred_lighting' gbuffer_target=1879048212 lit_target=1879048196 lit_initialized_before=false
NSDIAG vkCreateSwapchainKHR format=B8G8R8A8_SRGB usage=TRANSFER_SRC | TRANSFER_DST | COLOR_ATTACHMENT bits=0x13 supported=TRANSFER_SRC | TRANSFER_DST | SAMPLED | STORAGE | COLOR_ATTACHMENT | INPUT_ATTACHMENT
NSDIAG gbuffer target target_id=1879048212 exists=true recreate=false colors=3 depth=true extent=1280x720
NSDIAG deferred-target label='deferred_lighting' gbuffer_target=1879048212 lit_target=1879048196 lit_initialized_before=false
NSDIAG vkCreateSwapchainKHR format=B8G8R8A8_SRGB usage=TRANSFER_SRC | TRANSFER_DST | COLOR_ATTACHMENT bits=0x13 supported=TRANSFER_SRC | TRANSFER_DST | SAMPLED | STORAGE | COLOR_ATTACHMENT | INPUT_ATTACHMENT
NSDIAG gbuffer target target_id=1879048212 exists=true recreate=false colors=3 depth=true extent=1280x720
NSDIAG deferred-target label='deferred_lighting' gbuffer_target=1879048212 lit_target=1879048196 lit_initialized_before=false
NSDIAG vkCreateSwapchainKHR format=B8G8R8A8_SRGB usage=TRANSFER_SRC | TRANSFER_DST | COLOR_ATTACHMENT bits=0x13 supported=TRANSFER_SRC | TRANSFER_DST | SAMPLED | STORAGE | COLOR_ATTACHMENT | INPUT_ATTACHMENT
NSDIAG gbuffer target target_id=1879048212 exists=true recreate=false colors=3 depth=true extent=1280x720
NSDIAG deferred-target label='deferred_lighting' gbuffer_target=1879048212 lit_target=1879048196 lit_initialized_before=false
NSDIAG vkCreateSwapchainKHR format=B8G8R8A8_SRGB usage=TRANSFER_SRC | TRANSFER_DST | COLOR_ATTACHMENT bits=0x13 supported=TRANSFER_SRC | TRANSFER_DST | SAMPLED | STORAGE | COLOR_ATTACHMENT | INPUT_ATTACHMENT
NSDIAG gbuffer target target_id=1879048212 exists=true recreate=false colors=3 depth=true extent=1280x720
NSDIAG deferred-target label='deferred_lighting' gbuffer_target=1879048212 lit_target=1879048196 lit_initialized_before=false
NSDIAG vkCreateSwapchainKHR format=B8G8R8A8_SRGB usage=TRANSFER_SRC | TRANSFER_DST | COLOR_ATTACHMENT bits=0x13 supported=TRANSFER_SRC | TRANSFER_DST | SAMPLED | STORAGE | COLOR_ATTACHMENT | INPUT_ATTACHMENT
NSDIAG gbuffer target target_id=1879048212 exists=true recreate=false colors=3 depth=true extent=1280x720
NSDIAG deferred-target label='deferred_lighting' gbuffer_target=1879048212 lit_target=1879048196 lit_initialized_before=false
NSDIAG vkCreateSwapchainKHR format=B8G8R8A8_SRGB usage=TRANSFER_SRC | TRANSFER_DST | COLOR_ATTACHMENT bits=0x13 supported=TRANSFER_SRC | TRANSFER_DST | SAMPLED | STORAGE | COLOR_ATTACHMENT | INPUT_ATTACHMENT
NSDIAG gbuffer target target_id=1879048212 exists=true recreate=false colors=3 depth=true extent=1280x720
NSDIAG deferred-target label='deferred_lighting' gbuffer_target=1879048212 lit_target=1879048196 lit_initialized_before=false
NSDIAG vkCreateSwapchainKHR format=B8G8R8A8_SRGB usage=TRANSFER_SRC | TRANSFER_DST | COLOR_ATTACHMENT bits=0x13 supported=TRANSFER_SRC | TRANSFER_DST | SAMPLED | STORAGE | COLOR_ATTACHMENT | INPUT_ATTACHMENT
NSDIAG gbuffer target target_id=1879048212 exists=true recreate=false colors=3 depth=true extent=1280x720
NSDIAG deferred-target label='deferred_lighting' gbuffer_target=1879048212 lit_target=1879048196 lit_initialized_before=false
NSDIAG vkCreateSwapchainKHR format=B8G8R8A8_SRGB usage=TRANSFER_SRC | TRANSFER_DST | COLOR_ATTACHMENT bits=0x13 supported=TRANSFER_SRC | TRANSFER_DST | SAMPLED | STORAGE | COLOR_ATTACHMENT | INPUT_ATTACHMENT
NSDIAG gbuffer target target_id=1879048212 exists=true recreate=false colors=3 depth=true extent=1280x720
NSDIAG deferred-target label='deferred_lighting' gbuffer_target=1879048212 lit_target=1879048196 lit_initialized_before=false
NSDIAG vkCreateSwapchainKHR format=B8G8R8A8_SRGB usage=TRANSFER_SRC | TRANSFER_DST | COLOR_ATTACHMENT bits=0x13 supported=TRANSFER_SRC | TRANSFER_DST | SAMPLED | STORAGE | COLOR_ATTACHMENT | INPUT_ATTACHMENT
NSDIAG gbuffer target target_id=1879048212 exists=true recreate=false colors=3 depth=true extent=1280x720
NSDIAG deferred-target label='deferred_lighting' gbuffer_target=1879048212 lit_target=1879048196 lit_initialized_before=false
NSDIAG vkCreateSwapchainKHR format=B8G8R8A8_SRGB usage=TRANSFER_SRC | TRANSFER_DST | COLOR_ATTACHMENT bits=0x13 supported=TRANSFER_SRC | TRANSFER_DST | SAMPLED | STORAGE | COLOR_ATTACHMENT | INPUT_ATTACHMENT
NSDIAG gbuffer target target_id=1879048212 exists=true recreate=false colors=3 depth=true extent=1280x720
NSDIAG deferred-target label='deferred_lighting' gbuffer_target=1879048212 lit_target=1879048196 lit_initialized_before=false
NSDIAG vkCreateSwapchainKHR format=B8G8R8A8_SRGB usage=TRANSFER_SRC | TRANSFER_DST | COLOR_ATTACHMENT bits=0x13 supported=TRANSFER_SRC | TRANSFER_DST | SAMPLED | STORAGE | COLOR_ATTACHMENT | INPUT_ATTACHMENT
NSDIAG gbuffer target target_id=1879048212 exists=true recreate=false colors=3 depth=true extent=1280x720
NSDIAG deferred-target label='deferred_lighting' gbuffer_target=1879048212 lit_target=1879048196 lit_initialized_before=false
NSDIAG vkCreateSwapchainKHR format=B8G8R8A8_SRGB usage=TRANSFER_SRC | TRANSFER_DST | COLOR_ATTACHMENT bits=0x13 supported=TRANSFER_SRC | TRANSFER_DST | SAMPLED | STORAGE | COLOR_ATTACHMENT | INPUT_ATTACHMENT
NSDIAG gbuffer target target_id=1879048212 exists=true recreate=false colors=3 depth=true extent=1280x720
NSDIAG deferred-target label='deferred_lighting' gbuffer_target=1879048212 lit_target=1879048196 lit_initialized_before=false
NSDIAG vkCreateSwapchainKHR format=B8G8R8A8_SRGB usage=TRANSFER_SRC | TRANSFER_DST | COLOR_ATTACHMENT bits=0x13 supported=TRANSFER_SRC | TRANSFER_DST | SAMPLED | STORAGE | COLOR_ATTACHMENT | INPUT_ATTACHMENT
NSDIAG gbuffer target target_id=1879048212 exists=true recreate=false colors=3 depth=true extent=1280x720
NSDIAG deferred-target label='deferred_lighting' gbuffer_target=1879048212 lit_target=1879048196 lit_initialized_before=false
NSDIAG vkCreateSwapchainKHR format=B8G8R8A8_SRGB usage=TRANSFER_SRC | TRANSFER_DST | COLOR_ATTACHMENT bits=0x13 supported=TRANSFER_SRC | TRANSFER_DST | SAMPLED | STORAGE | COLOR_ATTACHMENT | INPUT_ATTACHMENT
NSDIAG gbuffer target target_id=1879048212 exists=true recreate=false colors=3 depth=true extent=1280x720
NSDIAG deferred-target label='deferred_lighting' gbuffer_target=1879048212 lit_target=1879048196 lit_initialized_before=false
NSDIAG vkCreateSwapchainKHR format=B8G8R8A8_SRGB usage=TRANSFER_SRC | TRANSFER_DST | COLOR_ATTACHMENT bits=0x13 supported=TRANSFER_SRC | TRANSFER_DST | SAMPLED | STORAGE | COLOR_ATTACHMENT | INPUT_ATTACHMENT
NSDIAG gbuffer target target_id=1879048212 exists=true recreate=false colors=3 depth=true extent=1280x720
NSDIAG deferred-target label='deferred_lighting' gbuffer_target=1879048212 lit_target=1879048196 lit_initialized_before=false
NSDIAG vkCreateSwapchainKHR format=B8G8R8A8_SRGB usage=TRANSFER_SRC | TRANSFER_DST | COLOR_ATTACHMENT bits=0x13 supported=TRANSFER_SRC | TRANSFER_DST | SAMPLED | STORAGE | COLOR_ATTACHMENT | INPUT_ATTACHMENT
NSDIAG gbuffer target target_id=1879048212 exists=true recreate=false colors=3 depth=true extent=1280x720
NSDIAG deferred-target label='deferred_lighting' gbuffer_target=1879048212 lit_target=1879048196 lit_initialized_before=false
NSDIAG vkCreateSwapchainKHR format=B8G8R8A8_SRGB usage=TRANSFER_SRC | TRANSFER_DST | COLOR_ATTACHMENT bits=0x13 supported=TRANSFER_SRC | TRANSFER_DST | SAMPLED | STORAGE | COLOR_ATTACHMENT | INPUT_ATTACHMENT
NSDIAG gbuffer target target_id=1879048212 exists=true recreate=false colors=3 depth=true extent=1280x720
NSDIAG deferred-target label='deferred_lighting' gbuffer_target=1879048212 lit_target=1879048196 lit_initialized_before=false
NSDIAG vkCreateSwapchainKHR format=B8G8R8A8_SRGB usage=TRANSFER_SRC | TRANSFER_DST | COLOR_ATTACHMENT bits=0x13 supported=TRANSFER_SRC | TRANSFER_DST | SAMPLED | STORAGE | COLOR_ATTACHMENT | INPUT_ATTACHMENT
NSDIAG gbuffer target target_id=1879048212 exists=true recreate=false colors=3 depth=true extent=1280x720
NSDIAG deferred-target label='deferred_lighting' gbuffer_target=1879048212 lit_target=1879048196 lit_initialized_before=false
NSDIAG vkCreateSwapchainKHR format=B8G8R8A8_SRGB usage=TRANSFER_SRC | TRANSFER_DST | COLOR_ATTACHMENT bits=0x13 supported=TRANSFER_SRC | TRANSFER_DST | SAMPLED | STORAGE | COLOR_ATTACHMENT | INPUT_ATTACHMENT
NSDIAG gbuffer target target_id=1879048212 exists=true recreate=false colors=3 depth=true extent=1280x720
NSDIAG deferred-target label='deferred_lighting' gbuffer_target=1879048212 lit_target=1879048196 lit_initialized_before=false
NSDIAG vkCreateSwapchainKHR format=B8G8R8A8_SRGB usage=TRANSFER_SRC | TRANSFER_DST | COLOR_ATTACHMENT bits=0x13 supported=TRANSFER_SRC | TRANSFER_DST | SAMPLED | STORAGE | COLOR_ATTACHMENT | INPUT_ATTACHMENT
NSDIAG gbuffer target target_id=1879048212 exists=true recreate=false colors=3 depth=true extent=1280x720
NSDIAG graph-pass begin frame=1260 id=120 label='shadow_cascade_map' kind=ShadowCascadeMap queue=Graphics draws=164
NSDIAG graph-pass end frame=1260 id=120 label='shadow_cascade_map' kind=ShadowCascadeMap ok=true
NSDIAG graph-pass begin frame=1260 id=560 label='particle_simulation' kind=ParticleSimulation queue=Compute draws=0
NSDIAG graph-pass end frame=1260 id=560 label='particle_simulation' kind=ParticleSimulation ok=true
NSDIAG graph-pass begin frame=1260 id=300 label='viewport_gbuffer' kind=GBuffer queue=Graphics draws=16
NSDIAG graph-pass end frame=1260 id=300 label='viewport_gbuffer' kind=GBuffer ok=true
NSDIAG graph-pass begin frame=1260 id=400 label='deferred_lighting' kind=DeferredLighting queue=Graphics draws=0
NSDIAG deferred-target label='deferred_lighting' gbuffer_target=1879048212 lit_target=1879048196 lit_initialized_before=false
NSDIAG graph-pass end frame=1260 id=400 label='deferred_lighting' kind=DeferredLighting ok=false
NSDIAG vkCreateSwapchainKHR format=B8G8R8A8_SRGB usage=TRANSFER_SRC | TRANSFER_DST | COLOR_ATTACHMENT bits=0x13 supported=TRANSFER_SRC | TRANSFER_DST | SAMPLED | STORAGE | COLOR_ATTACHMENT | INPUT_ATTACHMENT
NSDIAG gbuffer target target_id=1879048212 exists=true recreate=false colors=3 depth=true extent=1280x720
NSDIAG deferred-target label='deferred_lighting' gbuffer_target=1879048212 lit_target=1879048196 lit_initialized_before=false
NSDIAG vkCreateSwapchainKHR format=B8G8R8A8_SRGB usage=TRANSFER_SRC | TRANSFER_DST | COLOR_ATTACHMENT bits=0x13 supported=TRANSFER_SRC | TRANSFER_DST | SAMPLED | STORAGE | COLOR_ATTACHMENT | INPUT_ATTACHMENT
NSDIAG gbuffer target target_id=1879048212 exists=true recreate=false colors=3 depth=true extent=1280x720
NSDIAG deferred-target label='deferred_lighting' gbuffer_target=1879048212 lit_target=1879048196 lit_initialized_before=false
NSDIAG vkCreateSwapchainKHR format=B8G8R8A8_SRGB usage=TRANSFER_SRC | TRANSFER_DST | COLOR_ATTACHMENT bits=0x13 supported=TRANSFER_SRC | TRANSFER_DST | SAMPLED | STORAGE | COLOR_ATTACHMENT | INPUT_ATTACHMENT
NSDIAG gbuffer target target_id=1879048212 exists=true recreate=false colors=3 depth=true extent=1280x720
NSDIAG deferred-target label='deferred_lighting' gbuffer_target=1879048212 lit_target=1879048196 lit_initialized_before=false
NSDIAG vkCreateSwapchainKHR format=B8G8R8A8_SRGB usage=TRANSFER_SRC | TRANSFER_DST | COLOR_ATTACHMENT bits=0x13 supported=TRANSFER_SRC | TRANSFER_DST | SAMPLED | STORAGE | COLOR_ATTACHMENT | INPUT_ATTACHMENT
NSDIAG gbuffer target target_id=1879048212 exists=true recreate=false colors=3 depth=true extent=1280x720
NSDIAG deferred-target label='deferred_lighting' gbuffer_target=1879048212 lit_target=1879048196 lit_initialized_before=false
NSDIAG vkCreateSwapchainKHR format=B8G8R8A8_SRGB usage=TRANSFER_SRC | TRANSFER_DST | COLOR_ATTACHMENT bits=0x13 supported=TRANSFER_SRC | TRANSFER_DST | SAMPLED | STORAGE | COLOR_ATTACHMENT | INPUT_ATTACHMENT
NSDIAG gbuffer target target_id=1879048212 exists=true recreate=false colors=3 depth=true extent=1280x720
NSDIAG deferred-target label='deferred_lighting' gbuffer_target=1879048212 lit_target=1879048196 lit_initialized_before=false
NSDIAG vkCreateSwapchainKHR format=B8G8R8A8_SRGB usage=TRANSFER_SRC | TRANSFER_DST | COLOR_ATTACHMENT bits=0x13 supported=TRANSFER_SRC | TRANSFER_DST | SAMPLED | STORAGE | COLOR_ATTACHMENT | INPUT_ATTACHMENT
NSDIAG gbuffer target target_id=1879048212 exists=true recreate=false colors=3 depth=true extent=1280x720
NSDIAG deferred-target label='deferred_lighting' gbuffer_target=1879048212 lit_target=1879048196 lit_initialized_before=false
NSDIAG vkCreateSwapchainKHR format=B8G8R8A8_SRGB usage=TRANSFER_SRC | TRANSFER_DST | COLOR_ATTACHMENT bits=0x13 supported=TRANSFER_SRC | TRANSFER_DST | SAMPLED | STORAGE | COLOR_ATTACHMENT | INPUT_ATTACHMENT
NSDIAG gbuffer target target_id=1879048212 exists=true recreate=false colors=3 depth=true extent=1280x720
NSDIAG deferred-target label='deferred_lighting' gbuffer_target=1879048212 lit_target=1879048196 lit_initialized_before=false
NSDIAG vkCreateSwapchainKHR format=B8G8R8A8_SRGB usage=TRANSFER_SRC | TRANSFER_DST | COLOR_ATTACHMENT bits=0x13 supported=TRANSFER_SRC | TRANSFER_DST | SAMPLED | STORAGE | COLOR_ATTACHMENT | INPUT_ATTACHMENT
NSDIAG gbuffer target target_id=1879048212 exists=true recreate=false colors=3 depth=true extent=1280x720
NSDIAG deferred-target label='deferred_lighting' gbuffer_target=1879048212 lit_target=1879048196 lit_initialized_before=false
NSDIAG vkCreateSwapchainKHR format=B8G8R8A8_SRGB usage=TRANSFER_SRC | TRANSFER_DST | COLOR_ATTACHMENT bits=0x13 supported=TRANSFER_SRC | TRANSFER_DST | SAMPLED | STORAGE | COLOR_ATTACHMENT | INPUT_ATTACHMENT
NSDIAG gbuffer target target_id=1879048212 exists=true recreate=false colors=3 depth=true extent=1280x720
NSDIAG deferred-target label='deferred_lighting' gbuffer_target=1879048212 lit_target=1879048196 lit_initialized_before=false
NSDIAG vkCreateSwapchainKHR format=B8G8R8A8_SRGB usage=TRANSFER_SRC | TRANSFER_DST | COLOR_ATTACHMENT bits=0x13 supported=TRANSFER_SRC | TRANSFER_DST | SAMPLED | STORAGE | COLOR_ATTACHMENT | INPUT_ATTACHMENT
NSDIAG gbuffer target target_id=1879048212 exists=true recreate=false colors=3 depth=true extent=1280x720
NSDIAG deferred-target label='deferred_lighting' gbuffer_target=1879048212 lit_target=1879048196 lit_initialized_before=false
NSDIAG vkCreateSwapchainKHR format=B8G8R8A8_SRGB usage=TRANSFER_SRC | TRANSFER_DST | COLOR_ATTACHMENT bits=0x13 supported=TRANSFER_SRC | TRANSFER_DST | SAMPLED | STORAGE | COLOR_ATTACHMENT | INPUT_ATTACHMENT
NSDIAG gbuffer target target_id=1879048212 exists=true recreate=false colors=3 depth=true extent=1280x720
NSDIAG deferred-target label='deferred_lighting' gbuffer_target=1879048212 lit_target=1879048196 lit_initialized_before=false
NSDIAG vkCreateSwapchainKHR format=B8G8R8A8_SRGB usage=TRANSFER_SRC | TRANSFER_DST | COLOR_ATTACHMENT bits=0x13 supported=TRANSFER_SRC | TRANSFER_DST | SAMPLED | STORAGE | COLOR_ATTACHMENT | INPUT_ATTACHMENT
NSDIAG gbuffer target target_id=1879048212 exists=true recreate=false colors=3 depth=true extent=1280x720
NSDIAG deferred-target label='deferred_lighting' gbuffer_target=1879048212 lit_target=1879048196 lit_initialized_before=false
NSDIAG vkCreateSwapchainKHR format=B8G8R8A8_SRGB usage=TRANSFER_SRC | TRANSFER_DST | COLOR_ATTACHMENT bits=0x13 supported=TRANSFER_SRC | TRANSFER_DST | SAMPLED | STORAGE | COLOR_ATTACHMENT | INPUT_ATTACHMENT
NSDIAG gbuffer target target_id=1879048212 exists=true recreate=false colors=3 depth=true extent=1280x720
NSDIAG deferred-target label='deferred_lighting' gbuffer_target=1879048212 lit_target=1879048196 lit_initialized_before=false
NSDIAG vkCreateSwapchainKHR format=B8G8R8A8_SRGB usage=TRANSFER_SRC | TRANSFER_DST | COLOR_ATTACHMENT bits=0x13 supported=TRANSFER_SRC | TRANSFER_DST | SAMPLED | STORAGE | COLOR_ATTACHMENT | INPUT_ATTACHMENT
NSDIAG gbuffer target target_id=1879048212 exists=true recreate=false colors=3 depth=true extent=1280x720
NSDIAG deferred-target label='deferred_lighting' gbuffer_target=1879048212 lit_target=1879048196 lit_initialized_before=false
NSDIAG vkCreateSwapchainKHR format=B8G8R8A8_SRGB usage=TRANSFER_SRC | TRANSFER_DST | COLOR_ATTACHMENT bits=0x13 supported=TRANSFER_SRC | TRANSFER_DST | SAMPLED | STORAGE | COLOR_ATTACHMENT | INPUT_ATTACHMENT
NSDIAG gbuffer target target_id=1879048212 exists=true recreate=false colors=3 depth=true extent=1280x720
NSDIAG deferred-target label='deferred_lighting' gbuffer_target=1879048212 lit_target=1879048196 lit_initialized_before=false
NSDIAG vkCreateSwapchainKHR format=B8G8R8A8_SRGB usage=TRANSFER_SRC | TRANSFER_DST | COLOR_ATTACHMENT bits=0x13 supported=TRANSFER_SRC | TRANSFER_DST | SAMPLED | STORAGE | COLOR_ATTACHMENT | INPUT_ATTACHMENT
NSDIAG gbuffer target target_id=1879048212 exists=true recreate=false colors=3 depth=true extent=1280x720
NSDIAG deferred-target label='deferred_lighting' gbuffer_target=1879048212 lit_target=1879048196 lit_initialized_before=false
NSDIAG vkCreateSwapchainKHR format=B8G8R8A8_SRGB usage=TRANSFER_SRC | TRANSFER_DST | COLOR_ATTACHMENT bits=0x13 supported=TRANSFER_SRC | TRANSFER_DST | SAMPLED | STORAGE | COLOR_ATTACHMENT | INPUT_ATTACHMENT
NSDIAG gbuffer target target_id=1879048212 exists=true recreate=false colors=3 depth=true extent=1280x720
NSDIAG deferred-target label='deferred_lighting' gbuffer_target=1879048212 lit_target=1879048196 lit_initialized_before=false
NSDIAG vkCreateSwapchainKHR format=B8G8R8A8_SRGB usage=TRANSFER_SRC | TRANSFER_DST | COLOR_ATTACHMENT bits=0x13 supported=TRANSFER_SRC | TRANSFER_DST | SAMPLED | STORAGE | COLOR_ATTACHMENT | INPUT_ATTACHMENT
NSDIAG gbuffer target target_id=1879048212 exists=true recreate=false colors=3 depth=true extent=1280x720
NSDIAG deferred-target label='deferred_lighting' gbuffer_target=1879048212 lit_target=1879048196 lit_initialized_before=false
NSDIAG vkCreateSwapchainKHR format=B8G8R8A8_SRGB usage=TRANSFER_SRC | TRANSFER_DST | COLOR_ATTACHMENT bits=0x13 supported=TRANSFER_SRC | TRANSFER_DST | SAMPLED | STORAGE | COLOR_ATTACHMENT | INPUT_ATTACHMENT
NSDIAG gbuffer target target_id=1879048212 exists=true recreate=false colors=3 depth=true extent=1280x720
NSDIAG deferred-target label='deferred_lighting' gbuffer_target=1879048212 lit_target=1879048196 lit_initialized_before=false
NSDIAG vkCreateSwapchainKHR format=B8G8R8A8_SRGB usage=TRANSFER_SRC | TRANSFER_DST | COLOR_ATTACHMENT bits=0x13 supported=TRANSFER_SRC | TRANSFER_DST | SAMPLED | STORAGE | COLOR_ATTACHMENT | INPUT_ATTACHMENT
NSDIAG gbuffer target target_id=1879048212 exists=true recreate=false colors=3 depth=true extent=1280x720
NSDIAG deferred-target label='deferred_lighting' gbuffer_target=1879048212 lit_target=1879048196 lit_initialized_before=false
NSDIAG vkCreateSwapchainKHR format=B8G8R8A8_SRGB usage=TRANSFER_SRC | TRANSFER_DST | COLOR_ATTACHMENT bits=0x13 supported=TRANSFER_SRC | TRANSFER_DST | SAMPLED | STORAGE | COLOR_ATTACHMENT | INPUT_ATTACHMENT
NSDIAG gbuffer target target_id=1879048212 exists=true recreate=false colors=3 depth=true extent=1280x720
NSDIAG deferred-target label='deferred_lighting' gbuffer_target=1879048212 lit_target=1879048196 lit_initialized_before=false
NSDIAG vkCreateSwapchainKHR format=B8G8R8A8_SRGB usage=TRANSFER_SRC | TRANSFER_DST | COLOR_ATTACHMENT bits=0x13 supported=TRANSFER_SRC | TRANSFER_DST | SAMPLED | STORAGE | COLOR_ATTACHMENT | INPUT_ATTACHMENT
NSDIAG gbuffer target target_id=1879048212 exists=true recreate=false colors=3 depth=true extent=1280x720
NSDIAG deferred-target label='deferred_lighting' gbuffer_target=1879048212 lit_target=1879048196 lit_initialized_before=false
NSDIAG vkCreateSwapchainKHR format=B8G8R8A8_SRGB usage=TRANSFER_SRC | TRANSFER_DST | COLOR_ATTACHMENT bits=0x13 supported=TRANSFER_SRC | TRANSFER_DST | SAMPLED | STORAGE | COLOR_ATTACHMENT | INPUT_ATTACHMENT
NSDIAG gbuffer target target_id=1879048212 exists=true recreate=false colors=3 depth=true extent=1280x720
NSDIAG deferred-target label='deferred_lighting' gbuffer_target=1879048212 lit_target=1879048196 lit_initialized_before=false
NSDIAG vkCreateSwapchainKHR format=B8G8R8A8_SRGB usage=TRANSFER_SRC | TRANSFER_DST | COLOR_ATTACHMENT bits=0x13 supported=TRANSFER_SRC | TRANSFER_DST | SAMPLED | STORAGE | COLOR_ATTACHMENT | INPUT_ATTACHMENT
NSDIAG gbuffer target target_id=1879048212 exists=true recreate=false colors=3 depth=true extent=1280x720
NSDIAG deferred-target label='deferred_lighting' gbuffer_target=1879048212 lit_target=1879048196 lit_initialized_before=false
NSDIAG vkCreateSwapchainKHR format=B8G8R8A8_SRGB usage=TRANSFER_SRC | TRANSFER_DST | COLOR_ATTACHMENT bits=0x13 supported=TRANSFER_SRC | TRANSFER_DST | SAMPLED | STORAGE | COLOR_ATTACHMENT | INPUT_ATTACHMENT
NSDIAG gbuffer target target_id=1879048212 exists=true recreate=false colors=3 depth=true extent=1280x720
NSDIAG deferred-target label='deferred_lighting' gbuffer_target=1879048212 lit_target=1879048196 lit_initialized_before=false
NSDIAG vkCreateSwapchainKHR format=B8G8R8A8_SRGB usage=TRANSFER_SRC | TRANSFER_DST | COLOR_ATTACHMENT bits=0x13 supported=TRANSFER_SRC | TRANSFER_DST | SAMPLED | STORAGE | COLOR_ATTACHMENT | INPUT_ATTACHMENT
NSDIAG gbuffer target target_id=1879048212 exists=true recreate=false colors=3 depth=true extent=1280x720
NSDIAG deferred-target label='deferred_lighting' gbuffer_target=1879048212 lit_target=1879048196 lit_initialized_before=false
NSDIAG vkCreateSwapchainKHR format=B8G8R8A8_SRGB usage=TRANSFER_SRC | TRANSFER_DST | COLOR_ATTACHMENT bits=0x13 supported=TRANSFER_SRC | TRANSFER_DST | SAMPLED | STORAGE | COLOR_ATTACHMENT | INPUT_ATTACHMENT
NSDIAG gbuffer target target_id=1879048212 exists=true recreate=false colors=3 depth=true extent=1280x720
NSDIAG deferred-target label='deferred_lighting' gbuffer_target=1879048212 lit_target=1879048196 lit_initialized_before=false
NSDIAG vkCreateSwapchainKHR format=B8G8R8A8_SRGB usage=TRANSFER_SRC | TRANSFER_DST | COLOR_ATTACHMENT bits=0x13 supported=TRANSFER_SRC | TRANSFER_DST | SAMPLED | STORAGE | COLOR_ATTACHMENT | INPUT_ATTACHMENT
NSDIAG gbuffer target target_id=1879048212 exists=true recreate=false colors=3 depth=true extent=1280x720
NSDIAG deferred-target label='deferred_lighting' gbuffer_target=1879048212 lit_target=1879048196 lit_initialized_before=false
NSDIAG vkCreateSwapchainKHR format=B8G8R8A8_SRGB usage=TRANSFER_SRC | TRANSFER_DST | COLOR_ATTACHMENT bits=0x13 supported=TRANSFER_SRC | TRANSFER_DST | SAMPLED | STORAGE | COLOR_ATTACHMENT | INPUT_ATTACHMENT
NSDIAG gbuffer target target_id=1879048212 exists=true recreate=false colors=3 depth=true extent=1280x720
NSDIAG deferred-target label='deferred_lighting' gbuffer_target=1879048212 lit_target=1879048196 lit_initialized_before=false
NSDIAG vkCreateSwapchainKHR format=B8G8R8A8_SRGB usage=TRANSFER_SRC | TRANSFER_DST | COLOR_ATTACHMENT bits=0x13 supported=TRANSFER_SRC | TRANSFER_DST | SAMPLED | STORAGE | COLOR_ATTACHMENT | INPUT_ATTACHMENT
NSDIAG gbuffer target target_id=1879048212 exists=true recreate=false colors=3 depth=true extent=1280x720
NSDIAG graph-pass begin frame=1290 id=120 label='shadow_cascade_map' kind=ShadowCascadeMap queue=Graphics draws=164
NSDIAG graph-pass end frame=1290 id=120 label='shadow_cascade_map' kind=ShadowCascadeMap ok=true
NSDIAG graph-pass begin frame=1290 id=560 label='particle_simulation' kind=ParticleSimulation queue=Compute draws=0
NSDIAG graph-pass end frame=1290 id=560 label='particle_simulation' kind=ParticleSimulation ok=true
NSDIAG graph-pass begin frame=1290 id=300 label='viewport_gbuffer' kind=GBuffer queue=Graphics draws=16
NSDIAG graph-pass end frame=1290 id=300 label='viewport_gbuffer' kind=GBuffer ok=true
NSDIAG graph-pass begin frame=1290 id=400 label='deferred_lighting' kind=DeferredLighting queue=Graphics draws=0
NSDIAG deferred-target label='deferred_lighting' gbuffer_target=1879048212 lit_target=1879048196 lit_initialized_before=false
NSDIAG graph-pass end frame=1290 id=400 label='deferred_lighting' kind=DeferredLighting ok=false
NSDIAG vkCreateSwapchainKHR format=B8G8R8A8_SRGB usage=TRANSFER_SRC | TRANSFER_DST | COLOR_ATTACHMENT bits=0x13 supported=TRANSFER_SRC | TRANSFER_DST | SAMPLED | STORAGE | COLOR_ATTACHMENT | INPUT_ATTACHMENT
NSDIAG gbuffer target target_id=1879048212 exists=true recreate=false colors=3 depth=true extent=1280x720
NSDIAG deferred-target label='deferred_lighting' gbuffer_target=1879048212 lit_target=1879048196 lit_initialized_before=false
NSDIAG vkCreateSwapchainKHR format=B8G8R8A8_SRGB usage=TRANSFER_SRC | TRANSFER_DST | COLOR_ATTACHMENT bits=0x13 supported=TRANSFER_SRC | TRANSFER_DST | SAMPLED | STORAGE | COLOR_ATTACHMENT | INPUT_ATTACHMENT
NSDIAG gbuffer target target_id=1879048212 exists=true recreate=false colors=3 depth=true extent=1280x720
NSDIAG deferred-target label='deferred_lighting' gbuffer_target=1879048212 lit_target=1879048196 lit_initialized_before=false
NSDIAG vkCreateSwapchainKHR format=B8G8R8A8_SRGB usage=TRANSFER_SRC | TRANSFER_DST | COLOR_ATTACHMENT bits=0x13 supported=TRANSFER_SRC | TRANSFER_DST | SAMPLED | STORAGE | COLOR_ATTACHMENT | INPUT_ATTACHMENT
NSDIAG gbuffer target target_id=1879048212 exists=true recreate=false colors=3 depth=true extent=1280x720
NSDIAG deferred-target label='deferred_lighting' gbuffer_target=1879048212 lit_target=1879048196 lit_initialized_before=false
NSDIAG vkCreateSwapchainKHR format=B8G8R8A8_SRGB usage=TRANSFER_SRC | TRANSFER_DST | COLOR_ATTACHMENT bits=0x13 supported=TRANSFER_SRC | TRANSFER_DST | SAMPLED | STORAGE | COLOR_ATTACHMENT | INPUT_ATTACHMENT
NSDIAG gbuffer target target_id=1879048212 exists=true recreate=false colors=3 depth=true extent=1280x720
NSDIAG deferred-target label='deferred_lighting' gbuffer_target=1879048212 lit_target=1879048196 lit_initialized_before=false
NSDIAG vkCreateSwapchainKHR format=B8G8R8A8_SRGB usage=TRANSFER_SRC | TRANSFER_DST | COLOR_ATTACHMENT bits=0x13 supported=TRANSFER_SRC | TRANSFER_DST | SAMPLED | STORAGE | COLOR_ATTACHMENT | INPUT_ATTACHMENT
NSDIAG gbuffer target target_id=1879048212 exists=true recreate=false colors=3 depth=true extent=1280x720
NSDIAG deferred-target label='deferred_lighting' gbuffer_target=1879048212 lit_target=1879048196 lit_initialized_before=false
NSDIAG vkCreateSwapchainKHR format=B8G8R8A8_SRGB usage=TRANSFER_SRC | TRANSFER_DST | COLOR_ATTACHMENT bits=0x13 supported=TRANSFER_SRC | TRANSFER_DST | SAMPLED | STORAGE | COLOR_ATTACHMENT | INPUT_ATTACHMENT
NSDIAG gbuffer target target_id=1879048212 exists=true recreate=false colors=3 depth=true extent=1280x720
NSDIAG deferred-target label='deferred_lighting' gbuffer_target=1879048212 lit_target=1879048196 lit_initialized_before=false
NSDIAG vkCreateSwapchainKHR format=B8G8R8A8_SRGB usage=TRANSFER_SRC | TRANSFER_DST | COLOR_ATTACHMENT bits=0x13 supported=TRANSFER_SRC | TRANSFER_DST | SAMPLED | STORAGE | COLOR_ATTACHMENT | INPUT_ATTACHMENT
NSDIAG gbuffer target target_id=1879048212 exists=true recreate=false colors=3 depth=true extent=1280x720
NSDIAG deferred-target label='deferred_lighting' gbuffer_target=1879048212 lit_target=1879048196 lit_initialized_before=false
NSDIAG vkCreateSwapchainKHR format=B8G8R8A8_SRGB usage=TRANSFER_SRC | TRANSFER_DST | COLOR_ATTACHMENT bits=0x13 supported=TRANSFER_SRC | TRANSFER_DST | SAMPLED | STORAGE | COLOR_ATTACHMENT | INPUT_ATTACHMENT
NSDIAG gbuffer target target_id=1879048212 exists=true recreate=false colors=3 depth=true extent=1280x720
NSDIAG deferred-target label='deferred_lighting' gbuffer_target=1879048212 lit_target=1879048196 lit_initialized_before=false
NSDIAG vkCreateSwapchainKHR format=B8G8R8A8_SRGB usage=TRANSFER_SRC | TRANSFER_DST | COLOR_ATTACHMENT bits=0x13 supported=TRANSFER_SRC | TRANSFER_DST | SAMPLED | STORAGE | COLOR_ATTACHMENT | INPUT_ATTACHMENT
NSDIAG gbuffer target target_id=1879048212 exists=true recreate=false colors=3 depth=true extent=1280x720
NSDIAG deferred-target label='deferred_lighting' gbuffer_target=1879048212 lit_target=1879048196 lit_initialized_before=false
NSDIAG vkCreateSwapchainKHR format=B8G8R8A8_SRGB usage=TRANSFER_SRC | TRANSFER_DST | COLOR_ATTACHMENT bits=0x13 supported=TRANSFER_SRC | TRANSFER_DST | SAMPLED | STORAGE | COLOR_ATTACHMENT | INPUT_ATTACHMENT
NSDIAG gbuffer target target_id=1879048212 exists=true recreate=false colors=3 depth=true extent=1280x720
NSDIAG deferred-target label='deferred_lighting' gbuffer_target=1879048212 lit_target=1879048196 lit_initialized_before=false
NSDIAG vkCreateSwapchainKHR format=B8G8R8A8_SRGB usage=TRANSFER_SRC | TRANSFER_DST | COLOR_ATTACHMENT bits=0x13 supported=TRANSFER_SRC | TRANSFER_DST | SAMPLED | STORAGE | COLOR_ATTACHMENT | INPUT_ATTACHMENT
NSDIAG gbuffer target target_id=1879048212 exists=true recreate=false colors=3 depth=true extent=1280x720
NSDIAG deferred-target label='deferred_lighting' gbuffer_target=1879048212 lit_target=1879048196 lit_initialized_before=false
NSDIAG vkCreateSwapchainKHR format=B8G8R8A8_SRGB usage=TRANSFER_SRC | TRANSFER_DST | COLOR_ATTACHMENT bits=0x13 supported=TRANSFER_SRC | TRANSFER_DST | SAMPLED | STORAGE | COLOR_ATTACHMENT | INPUT_ATTACHMENT
NSDIAG gbuffer target target_id=1879048212 exists=true recreate=false colors=3 depth=true extent=1280x720
NSDIAG deferred-target label='deferred_lighting' gbuffer_target=1879048212 lit_target=1879048196 lit_initialized_before=false
NSDIAG vkCreateSwapchainKHR format=B8G8R8A8_SRGB usage=TRANSFER_SRC | TRANSFER_DST | COLOR_ATTACHMENT bits=0x13 supported=TRANSFER_SRC | TRANSFER_DST | SAMPLED | STORAGE | COLOR_ATTACHMENT | INPUT_ATTACHMENT
NSDIAG gbuffer target target_id=1879048212 exists=true recreate=false colors=3 depth=true extent=1280x720
NSDIAG deferred-target label='deferred_lighting' gbuffer_target=1879048212 lit_target=1879048196 lit_initialized_before=false
NSDIAG vkCreateSwapchainKHR format=B8G8R8A8_SRGB usage=TRANSFER_SRC | TRANSFER_DST | COLOR_ATTACHMENT bits=0x13 supported=TRANSFER_SRC | TRANSFER_DST | SAMPLED | STORAGE | COLOR_ATTACHMENT | INPUT_ATTACHMENT
NSDIAG gbuffer target target_id=1879048212 exists=true recreate=false colors=3 depth=true extent=1280x720
NSDIAG deferred-target label='deferred_lighting' gbuffer_target=1879048212 lit_target=1879048196 lit_initialized_before=false
NSDIAG vkCreateSwapchainKHR format=B8G8R8A8_SRGB usage=TRANSFER_SRC | TRANSFER_DST | COLOR_ATTACHMENT bits=0x13 supported=TRANSFER_SRC | TRANSFER_DST | SAMPLED | STORAGE | COLOR_ATTACHMENT | INPUT_ATTACHMENT
NSDIAG gbuffer target target_id=1879048212 exists=true recreate=false colors=3 depth=true extent=1280x720
NSDIAG deferred-target label='deferred_lighting' gbuffer_target=1879048212 lit_target=1879048196 lit_initialized_before=false
NSDIAG vkCreateSwapchainKHR format=B8G8R8A8_SRGB usage=TRANSFER_SRC | TRANSFER_DST | COLOR_ATTACHMENT bits=0x13 supported=TRANSFER_SRC | TRANSFER_DST | SAMPLED | STORAGE | COLOR_ATTACHMENT | INPUT_ATTACHMENT
NSDIAG gbuffer target target_id=1879048212 exists=true recreate=false colors=3 depth=true extent=1280x720
NSDIAG deferred-target label='deferred_lighting' gbuffer_target=1879048212 lit_target=1879048196 lit_initialized_before=false
NSDIAG vkCreateSwapchainKHR format=B8G8R8A8_SRGB usage=TRANSFER_SRC | TRANSFER_DST | COLOR_ATTACHMENT bits=0x13 supported=TRANSFER_SRC | TRANSFER_DST | SAMPLED | STORAGE | COLOR_ATTACHMENT | INPUT_ATTACHMENT
NSDIAG gbuffer target target_id=1879048212 exists=true recreate=false colors=3 depth=true extent=1280x720
NSDIAG deferred-target label='deferred_lighting' gbuffer_target=1879048212 lit_target=1879048196 lit_initialized_before=false
NSDIAG vkCreateSwapchainKHR format=B8G8R8A8_SRGB usage=TRANSFER_SRC | TRANSFER_DST | COLOR_ATTACHMENT bits=0x13 supported=TRANSFER_SRC | TRANSFER_DST | SAMPLED | STORAGE | COLOR_ATTACHMENT | INPUT_ATTACHMENT
NSDIAG gbuffer target target_id=1879048212 exists=true recreate=false colors=3 depth=true extent=1280x720
NSDIAG deferred-target label='deferred_lighting' gbuffer_target=1879048212 lit_target=1879048196 lit_initialized_before=false
NSDIAG vkCreateSwapchainKHR format=B8G8R8A8_SRGB usage=TRANSFER_SRC | TRANSFER_DST | COLOR_ATTACHMENT bits=0x13 supported=TRANSFER_SRC | TRANSFER_DST | SAMPLED | STORAGE | COLOR_ATTACHMENT | INPUT_ATTACHMENT
NSDIAG gbuffer target target_id=1879048212 exists=true recreate=false colors=3 depth=true extent=1280x720
NSDIAG deferred-target label='deferred_lighting' gbuffer_target=1879048212 lit_target=1879048196 lit_initialized_before=false
NSDIAG vkCreateSwapchainKHR format=B8G8R8A8_SRGB usage=TRANSFER_SRC | TRANSFER_DST | COLOR_ATTACHMENT bits=0x13 supported=TRANSFER_SRC | TRANSFER_DST | SAMPLED | STORAGE | COLOR_ATTACHMENT | INPUT_ATTACHMENT
NSDIAG gbuffer target target_id=1879048212 exists=true recreate=false colors=3 depth=true extent=1280x720
NSDIAG deferred-target label='deferred_lighting' gbuffer_target=1879048212 lit_target=1879048196 lit_initialized_before=false
NSDIAG vkCreateSwapchainKHR format=B8G8R8A8_SRGB usage=TRANSFER_SRC | TRANSFER_DST | COLOR_ATTACHMENT bits=0x13 supported=TRANSFER_SRC | TRANSFER_DST | SAMPLED | STORAGE | COLOR_ATTACHMENT | INPUT_ATTACHMENT
NSDIAG gbuffer target target_id=1879048212 exists=true recreate=false colors=3 depth=true extent=1280x720
NSDIAG deferred-target label='deferred_lighting' gbuffer_target=1879048212 lit_target=1879048196 lit_initialized_before=false
NSDIAG vkCreateSwapchainKHR format=B8G8R8A8_SRGB usage=TRANSFER_SRC | TRANSFER_DST | COLOR_ATTACHMENT bits=0x13 supported=TRANSFER_SRC | TRANSFER_DST | SAMPLED | STORAGE | COLOR_ATTACHMENT | INPUT_ATTACHMENT
NSDIAG gbuffer target target_id=1879048212 exists=true recreate=false colors=3 depth=true extent=1280x720
NSDIAG deferred-target label='deferred_lighting' gbuffer_target=1879048212 lit_target=1879048196 lit_initialized_before=false
NSDIAG vkCreateSwapchainKHR format=B8G8R8A8_SRGB usage=TRANSFER_SRC | TRANSFER_DST | COLOR_ATTACHMENT bits=0x13 supported=TRANSFER_SRC | TRANSFER_DST | SAMPLED | STORAGE | COLOR_ATTACHMENT | INPUT_ATTACHMENT
NSDIAG gbuffer target target_id=1879048212 exists=true recreate=false colors=3 depth=true extent=1280x720
NSDIAG deferred-target label='deferred_lighting' gbuffer_target=1879048212 lit_target=1879048196 lit_initialized_before=false
NSDIAG vkCreateSwapchainKHR format=B8G8R8A8_SRGB usage=TRANSFER_SRC | TRANSFER_DST | COLOR_ATTACHMENT bits=0x13 supported=TRANSFER_SRC | TRANSFER_DST | SAMPLED | STORAGE | COLOR_ATTACHMENT | INPUT_ATTACHMENT
NSDIAG gbuffer target target_id=1879048212 exists=true recreate=false colors=3 depth=true extent=1280x720
NSDIAG deferred-target label='deferred_lighting' gbuffer_target=1879048212 lit_target=1879048196 lit_initialized_before=false
NSDIAG vkCreateSwapchainKHR format=B8G8R8A8_SRGB usage=TRANSFER_SRC | TRANSFER_DST | COLOR_ATTACHMENT bits=0x13 supported=TRANSFER_SRC | TRANSFER_DST | SAMPLED | STORAGE | COLOR_ATTACHMENT | INPUT_ATTACHMENT
NSDIAG gbuffer target target_id=1879048212 exists=true recreate=false colors=3 depth=true extent=1280x720
NSDIAG deferred-target label='deferred_lighting' gbuffer_target=1879048212 lit_target=1879048196 lit_initialized_before=false
NSDIAG vkCreateSwapchainKHR format=B8G8R8A8_SRGB usage=TRANSFER_SRC | TRANSFER_DST | COLOR_ATTACHMENT bits=0x13 supported=TRANSFER_SRC | TRANSFER_DST | SAMPLED | STORAGE | COLOR_ATTACHMENT | INPUT_ATTACHMENT
NSDIAG gbuffer target target_id=1879048212 exists=true recreate=false colors=3 depth=true extent=1280x720
NSDIAG deferred-target label='deferred_lighting' gbuffer_target=1879048212 lit_target=1879048196 lit_initialized_before=false
NSDIAG vkCreateSwapchainKHR format=B8G8R8A8_SRGB usage=TRANSFER_SRC | TRANSFER_DST | COLOR_ATTACHMENT bits=0x13 supported=TRANSFER_SRC | TRANSFER_DST | SAMPLED | STORAGE | COLOR_ATTACHMENT | INPUT_ATTACHMENT
NSDIAG gbuffer target target_id=1879048212 exists=true recreate=false colors=3 depth=true extent=1280x720
NSDIAG deferred-target label='deferred_lighting' gbuffer_target=1879048212 lit_target=1879048196 lit_initialized_before=false
NSDIAG vkCreateSwapchainKHR format=B8G8R8A8_SRGB usage=TRANSFER_SRC | TRANSFER_DST | COLOR_ATTACHMENT bits=0x13 supported=TRANSFER_SRC | TRANSFER_DST | SAMPLED | STORAGE | COLOR_ATTACHMENT | INPUT_ATTACHMENT
NSDIAG gbuffer target target_id=1879048212 exists=true recreate=false colors=3 depth=true extent=1280x720
NSDIAG deferred-target label='deferred_lighting' gbuffer_target=1879048212 lit_target=1879048196 lit_initialized_before=false
NSDIAG vkCreateSwapchainKHR format=B8G8R8A8_SRGB usage=TRANSFER_SRC | TRANSFER_DST | COLOR_ATTACHMENT bits=0x13 supported=TRANSFER_SRC | TRANSFER_DST | SAMPLED | STORAGE | COLOR_ATTACHMENT | INPUT_ATTACHMENT
NSDIAG gbuffer target target_id=1879048212 exists=true recreate=false colors=3 depth=true extent=1280x720
NSDIAG deferred-target label='deferred_lighting' gbuffer_target=1879048212 lit_target=1879048196 lit_initialized_before=false
NSDIAG vkCreateSwapchainKHR format=B8G8R8A8_SRGB usage=TRANSFER_SRC | TRANSFER_DST | COLOR_ATTACHMENT bits=0x13 supported=TRANSFER_SRC | TRANSFER_DST | SAMPLED | STORAGE | COLOR_ATTACHMENT | INPUT_ATTACHMENT
[09:18:08.877] [[1;32mINFO [0m] render.shadow_setup.profile: frame=1320 total_ms=0.016 directional_plan_ms=0.007 directional_admission_ms=0.008 local_plan_ms=0.001 local_admission_ms=0.000 finalize_ms=0.000 render_directional=true render_local=false local_views=0
NSDIAG gbuffer target target_id=1879048212 exists=true recreate=false colors=3 depth=true extent=1280x720
NSDIAG graph-pass begin frame=1320 id=120 label='shadow_cascade_map' kind=ShadowCascadeMap queue=Graphics draws=164
NSDIAG graph-pass end frame=1320 id=120 label='shadow_cascade_map' kind=ShadowCascadeMap ok=true
NSDIAG graph-pass begin frame=1320 id=560 label='particle_simulation' kind=ParticleSimulation queue=Compute draws=0
NSDIAG graph-pass end frame=1320 id=560 label='particle_simulation' kind=ParticleSimulation ok=true
NSDIAG graph-pass begin frame=1320 id=300 label='viewport_gbuffer' kind=GBuffer queue=Graphics draws=16
NSDIAG graph-pass end frame=1320 id=300 label='viewport_gbuffer' kind=GBuffer ok=true
NSDIAG graph-pass begin frame=1320 id=400 label='deferred_lighting' kind=DeferredLighting queue=Graphics draws=0
NSDIAG deferred-target label='deferred_lighting' gbuffer_target=1879048212 lit_target=1879048196 lit_initialized_before=false
NSDIAG graph-pass end frame=1320 id=400 label='deferred_lighting' kind=DeferredLighting ok=false
NSDIAG vkCreateSwapchainKHR format=B8G8R8A8_SRGB usage=TRANSFER_SRC | TRANSFER_DST | COLOR_ATTACHMENT bits=0x13 supported=TRANSFER_SRC | TRANSFER_DST | SAMPLED | STORAGE | COLOR_ATTACHMENT | INPUT_ATTACHMENT
NSDIAG gbuffer target target_id=1879048212 exists=true recreate=false colors=3 depth=true extent=1280x720
NSDIAG deferred-target label='deferred_lighting' gbuffer_target=1879048212 lit_target=1879048196 lit_initialized_before=false
NSDIAG vkCreateSwapchainKHR format=B8G8R8A8_SRGB usage=TRANSFER_SRC | TRANSFER_DST | COLOR_ATTACHMENT bits=0x13 supported=TRANSFER_SRC | TRANSFER_DST | SAMPLED | STORAGE | COLOR_ATTACHMENT | INPUT_ATTACHMENT
NSDIAG gbuffer target target_id=1879048212 exists=true recreate=false colors=3 depth=true extent=1280x720
NSDIAG deferred-target label='deferred_lighting' gbuffer_target=1879048212 lit_target=1879048196 lit_initialized_before=false
NSDIAG vkCreateSwapchainKHR format=B8G8R8A8_SRGB usage=TRANSFER_SRC | TRANSFER_DST | COLOR_ATTACHMENT bits=0x13 supported=TRANSFER_SRC | TRANSFER_DST | SAMPLED | STORAGE | COLOR_ATTACHMENT | INPUT_ATTACHMENT
NSDIAG gbuffer target target_id=1879048212 exists=true recreate=false colors=3 depth=true extent=1280x720
NSDIAG deferred-target label='deferred_lighting' gbuffer_target=1879048212 lit_target=1879048196 lit_initialized_before=false
NSDIAG vkCreateSwapchainKHR format=B8G8R8A8_SRGB usage=TRANSFER_SRC | TRANSFER_DST | COLOR_ATTACHMENT bits=0x13 supported=TRANSFER_SRC | TRANSFER_DST | SAMPLED | STORAGE | COLOR_ATTACHMENT | INPUT_ATTACHMENT
NSDIAG gbuffer target target_id=1879048212 exists=true recreate=false colors=3 depth=true extent=1280x720
NSDIAG deferred-target label='deferred_lighting' gbuffer_target=1879048212 lit_target=1879048196 lit_initialized_before=false
NSDIAG vkCreateSwapchainKHR format=B8G8R8A8_SRGB usage=TRANSFER_SRC | TRANSFER_DST | COLOR_ATTACHMENT bits=0x13 supported=TRANSFER_SRC | TRANSFER_DST | SAMPLED | STORAGE | COLOR_ATTACHMENT | INPUT_ATTACHMENT
NSDIAG gbuffer target target_id=1879048212 exists=true recreate=false colors=3 depth=true extent=1280x720
NSDIAG deferred-target label='deferred_lighting' gbuffer_target=1879048212 lit_target=1879048196 lit_initialized_before=false
NSDIAG vkCreateSwapchainKHR format=B8G8R8A8_SRGB usage=TRANSFER_SRC | TRANSFER_DST | COLOR_ATTACHMENT bits=0x13 supported=TRANSFER_SRC | TRANSFER_DST | SAMPLED | STORAGE | COLOR_ATTACHMENT | INPUT_ATTACHMENT
NSDIAG gbuffer target target_id=1879048212 exists=true recreate=false colors=3 depth=true extent=1280x720
NSDIAG deferred-target label='deferred_lighting' gbuffer_target=1879048212 lit_target=1879048196 lit_initialized_before=false
NSDIAG vkCreateSwapchainKHR format=B8G8R8A8_SRGB usage=TRANSFER_SRC | TRANSFER_DST | COLOR_ATTACHMENT bits=0x13 supported=TRANSFER_SRC | TRANSFER_DST | SAMPLED | STORAGE | COLOR_ATTACHMENT | INPUT_ATTACHMENT
NSDIAG gbuffer target target_id=1879048212 exists=true recreate=false colors=3 depth=true extent=1280x720
NSDIAG deferred-target label='deferred_lighting' gbuffer_target=1879048212 lit_target=1879048196 lit_initialized_before=false
NSDIAG vkCreateSwapchainKHR format=B8G8R8A8_SRGB usage=TRANSFER_SRC | TRANSFER_DST | COLOR_ATTACHMENT bits=0x13 supported=TRANSFER_SRC | TRANSFER_DST | SAMPLED | STORAGE | COLOR_ATTACHMENT | INPUT_ATTACHMENT
NSDIAG gbuffer target target_id=1879048212 exists=true recreate=false colors=3 depth=true extent=1280x720
NSDIAG deferred-target label='deferred_lighting' gbuffer_target=1879048212 lit_target=1879048196 lit_initialized_before=false
NSDIAG vkCreateSwapchainKHR format=B8G8R8A8_SRGB usage=TRANSFER_SRC | TRANSFER_DST | COLOR_ATTACHMENT bits=0x13 supported=TRANSFER_SRC | TRANSFER_DST | SAMPLED | STORAGE | COLOR_ATTACHMENT | INPUT_ATTACHMENT
NSDIAG gbuffer target target_id=1879048212 exists=true recreate=false colors=3 depth=true extent=1280x720
NSDIAG deferred-target label='deferred_lighting' gbuffer_target=1879048212 lit_target=1879048196 lit_initialized_before=false
NSDIAG vkCreateSwapchainKHR format=B8G8R8A8_SRGB usage=TRANSFER_SRC | TRANSFER_DST | COLOR_ATTACHMENT bits=0x13 supported=TRANSFER_SRC | TRANSFER_DST | SAMPLED | STORAGE | COLOR_ATTACHMENT | INPUT_ATTACHMENT
NSDIAG gbuffer target target_id=1879048212 exists=true recreate=false colors=3 depth=true extent=1280x720
NSDIAG deferred-target label='deferred_lighting' gbuffer_target=1879048212 lit_target=1879048196 lit_initialized_before=false
NSDIAG vkCreateSwapchainKHR format=B8G8R8A8_SRGB usage=TRANSFER_SRC | TRANSFER_DST | COLOR_ATTACHMENT bits=0x13 supported=TRANSFER_SRC | TRANSFER_DST | SAMPLED | STORAGE | COLOR_ATTACHMENT | INPUT_ATTACHMENT
NSDIAG gbuffer target target_id=1879048212 exists=true recreate=false colors=3 depth=true extent=1280x720
NSDIAG deferred-target label='deferred_lighting' gbuffer_target=1879048212 lit_target=1879048196 lit_initialized_before=false
NSDIAG vkCreateSwapchainKHR format=B8G8R8A8_SRGB usage=TRANSFER_SRC | TRANSFER_DST | COLOR_ATTACHMENT bits=0x13 supported=TRANSFER_SRC | TRANSFER_DST | SAMPLED | STORAGE | COLOR_ATTACHMENT | INPUT_ATTACHMENT
NSDIAG gbuffer target target_id=1879048212 exists=true recreate=false colors=3 depth=true extent=1280x720
NSDIAG deferred-target label='deferred_lighting' gbuffer_target=1879048212 lit_target=1879048196 lit_initialized_before=false
NSDIAG vkCreateSwapchainKHR format=B8G8R8A8_SRGB usage=TRANSFER_SRC | TRANSFER_DST | COLOR_ATTACHMENT bits=0x13 supported=TRANSFER_SRC | TRANSFER_DST | SAMPLED | STORAGE | COLOR_ATTACHMENT | INPUT_ATTACHMENT
NSDIAG gbuffer target target_id=1879048212 exists=true recreate=false colors=3 depth=true extent=1280x720
NSDIAG deferred-target label='deferred_lighting' gbuffer_target=1879048212 lit_target=1879048196 lit_initialized_before=false
NSDIAG vkCreateSwapchainKHR format=B8G8R8A8_SRGB usage=TRANSFER_SRC | TRANSFER_DST | COLOR_ATTACHMENT bits=0x13 supported=TRANSFER_SRC | TRANSFER_DST | SAMPLED | STORAGE | COLOR_ATTACHMENT | INPUT_ATTACHMENT
NSDIAG gbuffer target target_id=1879048212 exists=true recreate=false colors=3 depth=true extent=1280x720
NSDIAG deferred-target label='deferred_lighting' gbuffer_target=1879048212 lit_target=1879048196 lit_initialized_before=false
NSDIAG vkCreateSwapchainKHR format=B8G8R8A8_SRGB usage=TRANSFER_SRC | TRANSFER_DST | COLOR_ATTACHMENT bits=0x13 supported=TRANSFER_SRC | TRANSFER_DST | SAMPLED | STORAGE | COLOR_ATTACHMENT | INPUT_ATTACHMENT
NSDIAG gbuffer target target_id=1879048212 exists=true recreate=false colors=3 depth=true extent=1280x720
NSDIAG deferred-target label='deferred_lighting' gbuffer_target=1879048212 lit_target=1879048196 lit_initialized_before=false
NSDIAG vkCreateSwapchainKHR format=B8G8R8A8_SRGB usage=TRANSFER_SRC | TRANSFER_DST | COLOR_ATTACHMENT bits=0x13 supported=TRANSFER_SRC | TRANSFER_DST | SAMPLED | STORAGE | COLOR_ATTACHMENT | INPUT_ATTACHMENT
NSDIAG gbuffer target target_id=1879048212 exists=true recreate=false colors=3 depth=true extent=1280x720
NSDIAG deferred-target label='deferred_lighting' gbuffer_target=1879048212 lit_target=1879048196 lit_initialized_before=false
NSDIAG vkCreateSwapchainKHR format=B8G8R8A8_SRGB usage=TRANSFER_SRC | TRANSFER_DST | COLOR_ATTACHMENT bits=0x13 supported=TRANSFER_SRC | TRANSFER_DST | SAMPLED | STORAGE | COLOR_ATTACHMENT | INPUT_ATTACHMENT
NSDIAG gbuffer target target_id=1879048212 exists=true recreate=false colors=3 depth=true extent=1280x720
NSDIAG deferred-target label='deferred_lighting' gbuffer_target=1879048212 lit_target=1879048196 lit_initialized_before=false
NSDIAG vkCreateSwapchainKHR format=B8G8R8A8_SRGB usage=TRANSFER_SRC | TRANSFER_DST | COLOR_ATTACHMENT bits=0x13 supported=TRANSFER_SRC | TRANSFER_DST | SAMPLED | STORAGE | COLOR_ATTACHMENT | INPUT_ATTACHMENT
NSDIAG gbuffer target target_id=1879048212 exists=true recreate=false colors=3 depth=true extent=1280x720
NSDIAG deferred-target label='deferred_lighting' gbuffer_target=1879048212 lit_target=1879048196 lit_initialized_before=false
NSDIAG vkCreateSwapchainKHR format=B8G8R8A8_SRGB usage=TRANSFER_SRC | TRANSFER_DST | COLOR_ATTACHMENT bits=0x13 supported=TRANSFER_SRC | TRANSFER_DST | SAMPLED | STORAGE | COLOR_ATTACHMENT | INPUT_ATTACHMENT
NSDIAG gbuffer target target_id=1879048212 exists=true recreate=false colors=3 depth=true extent=1280x720
NSDIAG deferred-target label='deferred_lighting' gbuffer_target=1879048212 lit_target=1879048196 lit_initialized_before=false
NSDIAG vkCreateSwapchainKHR format=B8G8R8A8_SRGB usage=TRANSFER_SRC | TRANSFER_DST | COLOR_ATTACHMENT bits=0x13 supported=TRANSFER_SRC | TRANSFER_DST | SAMPLED | STORAGE | COLOR_ATTACHMENT | INPUT_ATTACHMENT
NSDIAG gbuffer target target_id=1879048212 exists=true recreate=false colors=3 depth=true extent=1280x720
NSDIAG deferred-target label='deferred_lighting' gbuffer_target=1879048212 lit_target=1879048196 lit_initialized_before=false
NSDIAG vkCreateSwapchainKHR format=B8G8R8A8_SRGB usage=TRANSFER_SRC | TRANSFER_DST | COLOR_ATTACHMENT bits=0x13 supported=TRANSFER_SRC | TRANSFER_DST | SAMPLED | STORAGE | COLOR_ATTACHMENT | INPUT_ATTACHMENT
NSDIAG gbuffer target target_id=1879048212 exists=true recreate=false colors=3 depth=true extent=1280x720
NSDIAG deferred-target label='deferred_lighting' gbuffer_target=1879048212 lit_target=1879048196 lit_initialized_before=false
NSDIAG vkCreateSwapchainKHR format=B8G8R8A8_SRGB usage=TRANSFER_SRC | TRANSFER_DST | COLOR_ATTACHMENT bits=0x13 supported=TRANSFER_SRC | TRANSFER_DST | SAMPLED | STORAGE | COLOR_ATTACHMENT | INPUT_ATTACHMENT
NSDIAG gbuffer target target_id=1879048212 exists=true recreate=false colors=3 depth=true extent=1280x720
NSDIAG deferred-target label='deferred_lighting' gbuffer_target=1879048212 lit_target=1879048196 lit_initialized_before=false
NSDIAG vkCreateSwapchainKHR format=B8G8R8A8_SRGB usage=TRANSFER_SRC | TRANSFER_DST | COLOR_ATTACHMENT bits=0x13 supported=TRANSFER_SRC | TRANSFER_DST | SAMPLED | STORAGE | COLOR_ATTACHMENT | INPUT_ATTACHMENT
NSDIAG gbuffer target target_id=1879048212 exists=true recreate=false colors=3 depth=true extent=1280x720
NSDIAG deferred-target label='deferred_lighting' gbuffer_target=1879048212 lit_target=1879048196 lit_initialized_before=false
NSDIAG vkCreateSwapchainKHR format=B8G8R8A8_SRGB usage=TRANSFER_SRC | TRANSFER_DST | COLOR_ATTACHMENT bits=0x13 supported=TRANSFER_SRC | TRANSFER_DST | SAMPLED | STORAGE | COLOR_ATTACHMENT | INPUT_ATTACHMENT
NSDIAG gbuffer target target_id=1879048212 exists=true recreate=false colors=3 depth=true extent=1280x720
NSDIAG deferred-target label='deferred_lighting' gbuffer_target=1879048212 lit_target=1879048196 lit_initialized_before=false
NSDIAG vkCreateSwapchainKHR format=B8G8R8A8_SRGB usage=TRANSFER_SRC | TRANSFER_DST | COLOR_ATTACHMENT bits=0x13 supported=TRANSFER_SRC | TRANSFER_DST | SAMPLED | STORAGE | COLOR_ATTACHMENT | INPUT_ATTACHMENT
NSDIAG gbuffer target target_id=1879048212 exists=true recreate=false colors=3 depth=true extent=1280x720
NSDIAG deferred-target label='deferred_lighting' gbuffer_target=1879048212 lit_target=1879048196 lit_initialized_before=false
NSDIAG vkCreateSwapchainKHR format=B8G8R8A8_SRGB usage=TRANSFER_SRC | TRANSFER_DST | COLOR_ATTACHMENT bits=0x13 supported=TRANSFER_SRC | TRANSFER_DST | SAMPLED | STORAGE | COLOR_ATTACHMENT | INPUT_ATTACHMENT
NSDIAG gbuffer target target_id=1879048212 exists=true recreate=false colors=3 depth=true extent=1280x720
NSDIAG deferred-target label='deferred_lighting' gbuffer_target=1879048212 lit_target=1879048196 lit_initialized_before=false
NSDIAG vkCreateSwapchainKHR format=B8G8R8A8_SRGB usage=TRANSFER_SRC | TRANSFER_DST | COLOR_ATTACHMENT bits=0x13 supported=TRANSFER_SRC | TRANSFER_DST | SAMPLED | STORAGE | COLOR_ATTACHMENT | INPUT_ATTACHMENT
NSDIAG gbuffer target target_id=1879048212 exists=true recreate=false colors=3 depth=true extent=1280x720
NSDIAG deferred-target label='deferred_lighting' gbuffer_target=1879048212 lit_target=1879048196 lit_initialized_before=false
NSDIAG vkCreateSwapchainKHR format=B8G8R8A8_SRGB usage=TRANSFER_SRC | TRANSFER_DST | COLOR_ATTACHMENT bits=0x13 supported=TRANSFER_SRC | TRANSFER_DST | SAMPLED | STORAGE | COLOR_ATTACHMENT | INPUT_ATTACHMENT
NSDIAG gbuffer target target_id=1879048212 exists=true recreate=false colors=3 depth=true extent=1280x720
NSDIAG deferred-target label='deferred_lighting' gbuffer_target=1879048212 lit_target=1879048196 lit_initialized_before=false
NSDIAG vkCreateSwapchainKHR format=B8G8R8A8_SRGB usage=TRANSFER_SRC | TRANSFER_DST | COLOR_ATTACHMENT bits=0x13 supported=TRANSFER_SRC | TRANSFER_DST | SAMPLED | STORAGE | COLOR_ATTACHMENT | INPUT_ATTACHMENT
NSDIAG gbuffer target target_id=1879048212 exists=true recreate=false colors=3 depth=true extent=1280x720
NSDIAG deferred-target label='deferred_lighting' gbuffer_target=1879048212 lit_target=1879048196 lit_initialized_before=false
NSDIAG vkCreateSwapchainKHR format=B8G8R8A8_SRGB usage=TRANSFER_SRC | TRANSFER_DST | COLOR_ATTACHMENT bits=0x13 supported=TRANSFER_SRC | TRANSFER_DST | SAMPLED | STORAGE | COLOR_ATTACHMENT | INPUT_ATTACHMENT
NSDIAG gbuffer target target_id=1879048212 exists=true recreate=false colors=3 depth=true extent=1280x720
NSDIAG graph-pass begin frame=1350 id=120 label='shadow_cascade_map' kind=ShadowCascadeMap queue=Graphics draws=164
NSDIAG graph-pass end frame=1350 id=120 label='shadow_cascade_map' kind=ShadowCascadeMap ok=true
NSDIAG graph-pass begin frame=1350 id=560 label='particle_simulation' kind=ParticleSimulation queue=Compute draws=0
NSDIAG graph-pass end frame=1350 id=560 label='particle_simulation' kind=ParticleSimulation ok=true
NSDIAG graph-pass begin frame=1350 id=300 label='viewport_gbuffer' kind=GBuffer queue=Graphics draws=16
NSDIAG graph-pass end frame=1350 id=300 label='viewport_gbuffer' kind=GBuffer ok=true
NSDIAG graph-pass begin frame=1350 id=400 label='deferred_lighting' kind=DeferredLighting queue=Graphics draws=0
NSDIAG deferred-target label='deferred_lighting' gbuffer_target=1879048212 lit_target=1879048196 lit_initialized_before=false
NSDIAG graph-pass end frame=1350 id=400 label='deferred_lighting' kind=DeferredLighting ok=false
NSDIAG vkCreateSwapchainKHR format=B8G8R8A8_SRGB usage=TRANSFER_SRC | TRANSFER_DST | COLOR_ATTACHMENT bits=0x13 supported=TRANSFER_SRC | TRANSFER_DST | SAMPLED | STORAGE | COLOR_ATTACHMENT | INPUT_ATTACHMENT
NSDIAG gbuffer target target_id=1879048212 exists=true recreate=false colors=3 depth=true extent=1280x720
NSDIAG deferred-target label='deferred_lighting' gbuffer_target=1879048212 lit_target=1879048196 lit_initialized_before=false
NSDIAG vkCreateSwapchainKHR format=B8G8R8A8_SRGB usage=TRANSFER_SRC | TRANSFER_DST | COLOR_ATTACHMENT bits=0x13 supported=TRANSFER_SRC | TRANSFER_DST | SAMPLED | STORAGE | COLOR_ATTACHMENT | INPUT_ATTACHMENT
NSDIAG gbuffer target target_id=1879048212 exists=true recreate=false colors=3 depth=true extent=1280x720
NSDIAG deferred-target label='deferred_lighting' gbuffer_target=1879048212 lit_target=1879048196 lit_initialized_before=false
NSDIAG vkCreateSwapchainKHR format=B8G8R8A8_SRGB usage=TRANSFER_SRC | TRANSFER_DST | COLOR_ATTACHMENT bits=0x13 supported=TRANSFER_SRC | TRANSFER_DST | SAMPLED | STORAGE | COLOR_ATTACHMENT | INPUT_ATTACHMENT
NSDIAG gbuffer target target_id=1879048212 exists=true recreate=false colors=3 depth=true extent=1280x720
NSDIAG deferred-target label='deferred_lighting' gbuffer_target=1879048212 lit_target=1879048196 lit_initialized_before=false
NSDIAG vkCreateSwapchainKHR format=B8G8R8A8_SRGB usage=TRANSFER_SRC | TRANSFER_DST | COLOR_ATTACHMENT bits=0x13 supported=TRANSFER_SRC | TRANSFER_DST | SAMPLED | STORAGE | COLOR_ATTACHMENT | INPUT_ATTACHMENT
NSDIAG gbuffer target target_id=1879048212 exists=true recreate=false colors=3 depth=true extent=1280x720
NSDIAG deferred-target label='deferred_lighting' gbuffer_target=1879048212 lit_target=1879048196 lit_initialized_before=false
NSDIAG vkCreateSwapchainKHR format=B8G8R8A8_SRGB usage=TRANSFER_SRC | TRANSFER_DST | COLOR_ATTACHMENT bits=0x13 supported=TRANSFER_SRC | TRANSFER_DST | SAMPLED | STORAGE | COLOR_ATTACHMENT | INPUT_ATTACHMENT
NSDIAG gbuffer target target_id=1879048212 exists=true recreate=false colors=3 depth=true extent=1280x720
NSDIAG deferred-target label='deferred_lighting' gbuffer_target=1879048212 lit_target=1879048196 lit_initialized_before=false
NSDIAG vkCreateSwapchainKHR format=B8G8R8A8_SRGB usage=TRANSFER_SRC | TRANSFER_DST | COLOR_ATTACHMENT bits=0x13 supported=TRANSFER_SRC | TRANSFER_DST | SAMPLED | STORAGE | COLOR_ATTACHMENT | INPUT_ATTACHMENT
NSDIAG gbuffer target target_id=1879048212 exists=true recreate=false colors=3 depth=true extent=1280x720
NSDIAG deferred-target label='deferred_lighting' gbuffer_target=1879048212 lit_target=1879048196 lit_initialized_before=false
NSDIAG vkCreateSwapchainKHR format=B8G8R8A8_SRGB usage=TRANSFER_SRC | TRANSFER_DST | COLOR_ATTACHMENT bits=0x13 supported=TRANSFER_SRC | TRANSFER_DST | SAMPLED | STORAGE | COLOR_ATTACHMENT | INPUT_ATTACHMENT
NSDIAG gbuffer target target_id=1879048212 exists=true recreate=false colors=3 depth=true extent=1280x720
NSDIAG deferred-target label='deferred_lighting' gbuffer_target=1879048212 lit_target=1879048196 lit_initialized_before=false
NSDIAG vkCreateSwapchainKHR format=B8G8R8A8_SRGB usage=TRANSFER_SRC | TRANSFER_DST | COLOR_ATTACHMENT bits=0x13 supported=TRANSFER_SRC | TRANSFER_DST | SAMPLED | STORAGE | COLOR_ATTACHMENT | INPUT_ATTACHMENT
NSDIAG gbuffer target target_id=1879048212 exists=true recreate=false colors=3 depth=true extent=1280x720
NSDIAG deferred-target label='deferred_lighting' gbuffer_target=1879048212 lit_target=1879048196 lit_initialized_before=false
NSDIAG vkCreateSwapchainKHR format=B8G8R8A8_SRGB usage=TRANSFER_SRC | TRANSFER_DST | COLOR_ATTACHMENT bits=0x13 supported=TRANSFER_SRC | TRANSFER_DST | SAMPLED | STORAGE | COLOR_ATTACHMENT | INPUT_ATTACHMENT
NSDIAG gbuffer target target_id=1879048212 exists=true recreate=false colors=3 depth=true extent=1280x720
NSDIAG deferred-target label='deferred_lighting' gbuffer_target=1879048212 lit_target=1879048196 lit_initialized_before=false
NSDIAG vkCreateSwapchainKHR format=B8G8R8A8_SRGB usage=TRANSFER_SRC | TRANSFER_DST | COLOR_ATTACHMENT bits=0x13 supported=TRANSFER_SRC | TRANSFER_DST | SAMPLED | STORAGE | COLOR_ATTACHMENT | INPUT_ATTACHMENT
NSDIAG gbuffer target target_id=1879048212 exists=true recreate=false colors=3 depth=true extent=1280x720
NSDIAG deferred-target label='deferred_lighting' gbuffer_target=1879048212 lit_target=1879048196 lit_initialized_before=false
NSDIAG vkCreateSwapchainKHR format=B8G8R8A8_SRGB usage=TRANSFER_SRC | TRANSFER_DST | COLOR_ATTACHMENT bits=0x13 supported=TRANSFER_SRC | TRANSFER_DST | SAMPLED | STORAGE | COLOR_ATTACHMENT | INPUT_ATTACHMENT
NSDIAG gbuffer target target_id=1879048212 exists=true recreate=false colors=3 depth=true extent=1280x720
NSDIAG deferred-target label='deferred_lighting' gbuffer_target=1879048212 lit_target=1879048196 lit_initialized_before=false
NSDIAG vkCreateSwapchainKHR format=B8G8R8A8_SRGB usage=TRANSFER_SRC | TRANSFER_DST | COLOR_ATTACHMENT bits=0x13 supported=TRANSFER_SRC | TRANSFER_DST | SAMPLED | STORAGE | COLOR_ATTACHMENT | INPUT_ATTACHMENT
NSDIAG gbuffer target target_id=1879048212 exists=true recreate=false colors=3 depth=true extent=1280x720
NSDIAG deferred-target label='deferred_lighting' gbuffer_target=1879048212 lit_target=1879048196 lit_initialized_before=false
NSDIAG vkCreateSwapchainKHR format=B8G8R8A8_SRGB usage=TRANSFER_SRC | TRANSFER_DST | COLOR_ATTACHMENT bits=0x13 supported=TRANSFER_SRC | TRANSFER_DST | SAMPLED | STORAGE | COLOR_ATTACHMENT | INPUT_ATTACHMENT
NSDIAG gbuffer target target_id=1879048212 exists=true recreate=false colors=3 depth=true extent=1280x720
NSDIAG deferred-target label='deferred_lighting' gbuffer_target=1879048212 lit_target=1879048196 lit_initialized_before=false
NSDIAG vkCreateSwapchainKHR format=B8G8R8A8_SRGB usage=TRANSFER_SRC | TRANSFER_DST | COLOR_ATTACHMENT bits=0x13 supported=TRANSFER_SRC | TRANSFER_DST | SAMPLED | STORAGE | COLOR_ATTACHMENT | INPUT_ATTACHMENT
NSDIAG gbuffer target target_id=1879048212 exists=true recreate=false colors=3 depth=true extent=1280x720
NSDIAG deferred-target label='deferred_lighting' gbuffer_target=1879048212 lit_target=1879048196 lit_initialized_before=false
NSDIAG vkCreateSwapchainKHR format=B8G8R8A8_SRGB usage=TRANSFER_SRC | TRANSFER_DST | COLOR_ATTACHMENT bits=0x13 supported=TRANSFER_SRC | TRANSFER_DST | SAMPLED | STORAGE | COLOR_ATTACHMENT | INPUT_ATTACHMENT
NSDIAG gbuffer target target_id=1879048212 exists=true recreate=false colors=3 depth=true extent=1280x720
NSDIAG deferred-target label='deferred_lighting' gbuffer_target=1879048212 lit_target=1879048196 lit_initialized_before=false
NSDIAG vkCreateSwapchainKHR format=B8G8R8A8_SRGB usage=TRANSFER_SRC | TRANSFER_DST | COLOR_ATTACHMENT bits=0x13 supported=TRANSFER_SRC | TRANSFER_DST | SAMPLED | STORAGE | COLOR_ATTACHMENT | INPUT_ATTACHMENT
NSDIAG gbuffer target target_id=1879048212 exists=true recreate=false colors=3 depth=true extent=1280x720
NSDIAG deferred-target label='deferred_lighting' gbuffer_target=1879048212 lit_target=1879048196 lit_initialized_before=false
NSDIAG vkCreateSwapchainKHR format=B8G8R8A8_SRGB usage=TRANSFER_SRC | TRANSFER_DST | COLOR_ATTACHMENT bits=0x13 supported=TRANSFER_SRC | TRANSFER_DST | SAMPLED | STORAGE | COLOR_ATTACHMENT | INPUT_ATTACHMENT
NSDIAG gbuffer target target_id=1879048212 exists=true recreate=false colors=3 depth=true extent=1280x720
NSDIAG deferred-target label='deferred_lighting' gbuffer_target=1879048212 lit_target=1879048196 lit_initialized_before=false
NSDIAG vkCreateSwapchainKHR format=B8G8R8A8_SRGB usage=TRANSFER_SRC | TRANSFER_DST | COLOR_ATTACHMENT bits=0x13 supported=TRANSFER_SRC | TRANSFER_DST | SAMPLED | STORAGE | COLOR_ATTACHMENT | INPUT_ATTACHMENT
NSDIAG gbuffer target target_id=1879048212 exists=true recreate=false colors=3 depth=true extent=1280x720
NSDIAG deferred-target label='deferred_lighting' gbuffer_target=1879048212 lit_target=1879048196 lit_initialized_before=false
NSDIAG vkCreateSwapchainKHR format=B8G8R8A8_SRGB usage=TRANSFER_SRC | TRANSFER_DST | COLOR_ATTACHMENT bits=0x13 supported=TRANSFER_SRC | TRANSFER_DST | SAMPLED | STORAGE | COLOR_ATTACHMENT | INPUT_ATTACHMENT
NSDIAG gbuffer target target_id=1879048212 exists=true recreate=false colors=3 depth=true extent=1280x720
NSDIAG deferred-target label='deferred_lighting' gbuffer_target=1879048212 lit_target=1879048196 lit_initialized_before=false
NSDIAG vkCreateSwapchainKHR format=B8G8R8A8_SRGB usage=TRANSFER_SRC | TRANSFER_DST | COLOR_ATTACHMENT bits=0x13 supported=TRANSFER_SRC | TRANSFER_DST | SAMPLED | STORAGE | COLOR_ATTACHMENT | INPUT_ATTACHMENT
NSDIAG gbuffer target target_id=1879048212 exists=true recreate=false colors=3 depth=true extent=1280x720
NSDIAG deferred-target label='deferred_lighting' gbuffer_target=1879048212 lit_target=1879048196 lit_initialized_before=false
NSDIAG vkCreateSwapchainKHR format=B8G8R8A8_SRGB usage=TRANSFER_SRC | TRANSFER_DST | COLOR_ATTACHMENT bits=0x13 supported=TRANSFER_SRC | TRANSFER_DST | SAMPLED | STORAGE | COLOR_ATTACHMENT | INPUT_ATTACHMENT
NSDIAG gbuffer target target_id=1879048212 exists=true recreate=false colors=3 depth=true extent=1280x720
NSDIAG deferred-target label='deferred_lighting' gbuffer_target=1879048212 lit_target=1879048196 lit_initialized_before=false
NSDIAG vkCreateSwapchainKHR format=B8G8R8A8_SRGB usage=TRANSFER_SRC | TRANSFER_DST | COLOR_ATTACHMENT bits=0x13 supported=TRANSFER_SRC | TRANSFER_DST | SAMPLED | STORAGE | COLOR_ATTACHMENT | INPUT_ATTACHMENT
NSDIAG gbuffer target target_id=1879048212 exists=true recreate=false colors=3 depth=true extent=1280x720
NSDIAG deferred-target label='deferred_lighting' gbuffer_target=1879048212 lit_target=1879048196 lit_initialized_before=false
NSDIAG vkCreateSwapchainKHR format=B8G8R8A8_SRGB usage=TRANSFER_SRC | TRANSFER_DST | COLOR_ATTACHMENT bits=0x13 supported=TRANSFER_SRC | TRANSFER_DST | SAMPLED | STORAGE | COLOR_ATTACHMENT | INPUT_ATTACHMENT
NSDIAG gbuffer target target_id=1879048212 exists=true recreate=false colors=3 depth=true extent=1280x720
NSDIAG deferred-target label='deferred_lighting' gbuffer_target=1879048212 lit_target=1879048196 lit_initialized_before=false
NSDIAG vkCreateSwapchainKHR format=B8G8R8A8_SRGB usage=TRANSFER_SRC | TRANSFER_DST | COLOR_ATTACHMENT bits=0x13 supported=TRANSFER_SRC | TRANSFER_DST | SAMPLED | STORAGE | COLOR_ATTACHMENT | INPUT_ATTACHMENT
NSDIAG gbuffer target target_id=1879048212 exists=true recreate=false colors=3 depth=true extent=1280x720
NSDIAG deferred-target label='deferred_lighting' gbuffer_target=1879048212 lit_target=1879048196 lit_initialized_before=false
NSDIAG vkCreateSwapchainKHR format=B8G8R8A8_SRGB usage=TRANSFER_SRC | TRANSFER_DST | COLOR_ATTACHMENT bits=0x13 supported=TRANSFER_SRC | TRANSFER_DST | SAMPLED | STORAGE | COLOR_ATTACHMENT | INPUT_ATTACHMENT
NSDIAG gbuffer target target_id=1879048212 exists=true recreate=false colors=3 depth=true extent=1280x720
NSDIAG deferred-target label='deferred_lighting' gbuffer_target=1879048212 lit_target=1879048196 lit_initialized_before=false
NSDIAG vkCreateSwapchainKHR format=B8G8R8A8_SRGB usage=TRANSFER_SRC | TRANSFER_DST | COLOR_ATTACHMENT bits=0x13 supported=TRANSFER_SRC | TRANSFER_DST | SAMPLED | STORAGE | COLOR_ATTACHMENT | INPUT_ATTACHMENT
NSDIAG gbuffer target target_id=1879048212 exists=true recreate=false colors=3 depth=true extent=1280x720
NSDIAG deferred-target label='deferred_lighting' gbuffer_target=1879048212 lit_target=1879048196 lit_initialized_before=false
NSDIAG vkCreateSwapchainKHR format=B8G8R8A8_SRGB usage=TRANSFER_SRC | TRANSFER_DST | COLOR_ATTACHMENT bits=0x13 supported=TRANSFER_SRC | TRANSFER_DST | SAMPLED | STORAGE | COLOR_ATTACHMENT | INPUT_ATTACHMENT
NSDIAG gbuffer target target_id=1879048212 exists=true recreate=false colors=3 depth=true extent=1280x720
NSDIAG deferred-target label='deferred_lighting' gbuffer_target=1879048212 lit_target=1879048196 lit_initialized_before=false
NSDIAG vkCreateSwapchainKHR format=B8G8R8A8_SRGB usage=TRANSFER_SRC | TRANSFER_DST | COLOR_ATTACHMENT bits=0x13 supported=TRANSFER_SRC | TRANSFER_DST | SAMPLED | STORAGE | COLOR_ATTACHMENT | INPUT_ATTACHMENT
NSDIAG gbuffer target target_id=1879048212 exists=true recreate=false colors=3 depth=true extent=1280x720
NSDIAG deferred-target label='deferred_lighting' gbuffer_target=1879048212 lit_target=1879048196 lit_initialized_before=false
NSDIAG vkCreateSwapchainKHR format=B8G8R8A8_SRGB usage=TRANSFER_SRC | TRANSFER_DST | COLOR_ATTACHMENT bits=0x13 supported=TRANSFER_SRC | TRANSFER_DST | SAMPLED | STORAGE | COLOR_ATTACHMENT | INPUT_ATTACHMENT
NSDIAG gbuffer target target_id=1879048212 exists=true recreate=false colors=3 depth=true extent=1280x720
NSDIAG deferred-target label='deferred_lighting' gbuffer_target=1879048212 lit_target=1879048196 lit_initialized_before=false
NSDIAG vkCreateSwapchainKHR format=B8G8R8A8_SRGB usage=TRANSFER_SRC | TRANSFER_DST | COLOR_ATTACHMENT bits=0x13 supported=TRANSFER_SRC | TRANSFER_DST | SAMPLED | STORAGE | COLOR_ATTACHMENT | INPUT_ATTACHMENT
NSDIAG gbuffer target target_id=1879048212 exists=true recreate=false colors=3 depth=true extent=1280x720
NSDIAG graph-pass begin frame=1380 id=120 label='shadow_cascade_map' kind=ShadowCascadeMap queue=Graphics draws=164
NSDIAG graph-pass end frame=1380 id=120 label='shadow_cascade_map' kind=ShadowCascadeMap ok=true
NSDIAG graph-pass begin frame=1380 id=560 label='particle_simulation' kind=ParticleSimulation queue=Compute draws=0
NSDIAG graph-pass end frame=1380 id=560 label='particle_simulation' kind=ParticleSimulation ok=true
NSDIAG graph-pass begin frame=1380 id=300 label='viewport_gbuffer' kind=GBuffer queue=Graphics draws=16
NSDIAG graph-pass end frame=1380 id=300 label='viewport_gbuffer' kind=GBuffer ok=true
NSDIAG graph-pass begin frame=1380 id=400 label='deferred_lighting' kind=DeferredLighting queue=Graphics draws=0
NSDIAG deferred-target label='deferred_lighting' gbuffer_target=1879048212 lit_target=1879048196 lit_initialized_before=false
NSDIAG graph-pass end frame=1380 id=400 label='deferred_lighting' kind=DeferredLighting ok=false
NSDIAG vkCreateSwapchainKHR format=B8G8R8A8_SRGB usage=TRANSFER_SRC | TRANSFER_DST | COLOR_ATTACHMENT bits=0x13 supported=TRANSFER_SRC | TRANSFER_DST | SAMPLED | STORAGE | COLOR_ATTACHMENT | INPUT_ATTACHMENT
NSDIAG gbuffer target target_id=1879048212 exists=true recreate=false colors=3 depth=true extent=1280x720
NSDIAG deferred-target label='deferred_lighting' gbuffer_target=1879048212 lit_target=1879048196 lit_initialized_before=false
NSDIAG vkCreateSwapchainKHR format=B8G8R8A8_SRGB usage=TRANSFER_SRC | TRANSFER_DST | COLOR_ATTACHMENT bits=0x13 supported=TRANSFER_SRC | TRANSFER_DST | SAMPLED | STORAGE | COLOR_ATTACHMENT | INPUT_ATTACHMENT
NSDIAG gbuffer target target_id=1879048212 exists=true recreate=false colors=3 depth=true extent=1280x720
NSDIAG deferred-target label='deferred_lighting' gbuffer_target=1879048212 lit_target=1879048196 lit_initialized_before=false
NSDIAG vkCreateSwapchainKHR format=B8G8R8A8_SRGB usage=TRANSFER_SRC | TRANSFER_DST | COLOR_ATTACHMENT bits=0x13 supported=TRANSFER_SRC | TRANSFER_DST | SAMPLED | STORAGE | COLOR_ATTACHMENT | INPUT_ATTACHMENT
NSDIAG gbuffer target target_id=1879048212 exists=true recreate=false colors=3 depth=true extent=1280x720
NSDIAG deferred-target label='deferred_lighting' gbuffer_target=1879048212 lit_target=1879048196 lit_initialized_before=false
NSDIAG vkCreateSwapchainKHR format=B8G8R8A8_SRGB usage=TRANSFER_SRC | TRANSFER_DST | COLOR_ATTACHMENT bits=0x13 supported=TRANSFER_SRC | TRANSFER_DST | SAMPLED | STORAGE | COLOR_ATTACHMENT | INPUT_ATTACHMENT
NSDIAG gbuffer target target_id=1879048212 exists=true recreate=false colors=3 depth=true extent=1280x720
NSDIAG deferred-target label='deferred_lighting' gbuffer_target=1879048212 lit_target=1879048196 lit_initialized_before=false
NSDIAG vkCreateSwapchainKHR format=B8G8R8A8_SRGB usage=TRANSFER_SRC | TRANSFER_DST | COLOR_ATTACHMENT bits=0x13 supported=TRANSFER_SRC | TRANSFER_DST | SAMPLED | STORAGE | COLOR_ATTACHMENT | INPUT_ATTACHMENT
NSDIAG gbuffer target target_id=1879048212 exists=true recreate=false colors=3 depth=true extent=1280x720
NSDIAG deferred-target label='deferred_lighting' gbuffer_target=1879048212 lit_target=1879048196 lit_initialized_before=false
NSDIAG vkCreateSwapchainKHR format=B8G8R8A8_SRGB usage=TRANSFER_SRC | TRANSFER_DST | COLOR_ATTACHMENT bits=0x13 supported=TRANSFER_SRC | TRANSFER_DST | SAMPLED | STORAGE | COLOR_ATTACHMENT | INPUT_ATTACHMENT
NSDIAG gbuffer target target_id=1879048212 exists=true recreate=false colors=3 depth=true extent=1280x720
NSDIAG deferred-target label='deferred_lighting' gbuffer_target=1879048212 lit_target=1879048196 lit_initialized_before=false
NSDIAG vkCreateSwapchainKHR format=B8G8R8A8_SRGB usage=TRANSFER_SRC | TRANSFER_DST | COLOR_ATTACHMENT bits=0x13 supported=TRANSFER_SRC | TRANSFER_DST | SAMPLED | STORAGE | COLOR_ATTACHMENT | INPUT_ATTACHMENT
NSDIAG gbuffer target target_id=1879048212 exists=true recreate=false colors=3 depth=true extent=1280x720
NSDIAG deferred-target label='deferred_lighting' gbuffer_target=1879048212 lit_target=1879048196 lit_initialized_before=false
NSDIAG vkCreateSwapchainKHR format=B8G8R8A8_SRGB usage=TRANSFER_SRC | TRANSFER_DST | COLOR_ATTACHMENT bits=0x13 supported=TRANSFER_SRC | TRANSFER_DST | SAMPLED | STORAGE | COLOR_ATTACHMENT | INPUT_ATTACHMENT
NSDIAG gbuffer target target_id=1879048212 exists=true recreate=false colors=3 depth=true extent=1280x720
NSDIAG deferred-target label='deferred_lighting' gbuffer_target=1879048212 lit_target=1879048196 lit_initialized_before=false
NSDIAG vkCreateSwapchainKHR format=B8G8R8A8_SRGB usage=TRANSFER_SRC | TRANSFER_DST | COLOR_ATTACHMENT bits=0x13 supported=TRANSFER_SRC | TRANSFER_DST | SAMPLED | STORAGE | COLOR_ATTACHMENT | INPUT_ATTACHMENT
NSDIAG gbuffer target target_id=1879048212 exists=true recreate=false colors=3 depth=true extent=1280x720
NSDIAG deferred-target label='deferred_lighting' gbuffer_target=1879048212 lit_target=1879048196 lit_initialized_before=false
NSDIAG vkCreateSwapchainKHR format=B8G8R8A8_SRGB usage=TRANSFER_SRC | TRANSFER_DST | COLOR_ATTACHMENT bits=0x13 supported=TRANSFER_SRC | TRANSFER_DST | SAMPLED | STORAGE | COLOR_ATTACHMENT | INPUT_ATTACHMENT
NSDIAG gbuffer target target_id=1879048212 exists=true recreate=false colors=3 depth=true extent=1280x720
NSDIAG deferred-target label='deferred_lighting' gbuffer_target=1879048212 lit_target=1879048196 lit_initialized_before=false
NSDIAG vkCreateSwapchainKHR format=B8G8R8A8_SRGB usage=TRANSFER_SRC | TRANSFER_DST | COLOR_ATTACHMENT bits=0x13 supported=TRANSFER_SRC | TRANSFER_DST | SAMPLED | STORAGE | COLOR_ATTACHMENT | INPUT_ATTACHMENT
NSDIAG gbuffer target target_id=1879048212 exists=true recreate=false colors=3 depth=true extent=1280x720
NSDIAG deferred-target label='deferred_lighting' gbuffer_target=1879048212 lit_target=1879048196 lit_initialized_before=false
NSDIAG vkCreateSwapchainKHR format=B8G8R8A8_SRGB usage=TRANSFER_SRC | TRANSFER_DST | COLOR_ATTACHMENT bits=0x13 supported=TRANSFER_SRC | TRANSFER_DST | SAMPLED | STORAGE | COLOR_ATTACHMENT | INPUT_ATTACHMENT
NSDIAG gbuffer target target_id=1879048212 exists=true recreate=false colors=3 depth=true extent=1280x720
NSDIAG deferred-target label='deferred_lighting' gbuffer_target=1879048212 lit_target=1879048196 lit_initialized_before=false
NSDIAG vkCreateSwapchainKHR format=B8G8R8A8_SRGB usage=TRANSFER_SRC | TRANSFER_DST | COLOR_ATTACHMENT bits=0x13 supported=TRANSFER_SRC | TRANSFER_DST | SAMPLED | STORAGE | COLOR_ATTACHMENT | INPUT_ATTACHMENT
NSDIAG gbuffer target target_id=1879048212 exists=true recreate=false colors=3 depth=true extent=1280x720
NSDIAG deferred-target label='deferred_lighting' gbuffer_target=1879048212 lit_target=1879048196 lit_initialized_before=false
NSDIAG vkCreateSwapchainKHR format=B8G8R8A8_SRGB usage=TRANSFER_SRC | TRANSFER_DST | COLOR_ATTACHMENT bits=0x13 supported=TRANSFER_SRC | TRANSFER_DST | SAMPLED | STORAGE | COLOR_ATTACHMENT | INPUT_ATTACHMENT
NSDIAG gbuffer target target_id=1879048212 exists=true recreate=false colors=3 depth=true extent=1280x720
NSDIAG deferred-target label='deferred_lighting' gbuffer_target=1879048212 lit_target=1879048196 lit_initialized_before=false
NSDIAG vkCreateSwapchainKHR format=B8G8R8A8_SRGB usage=TRANSFER_SRC | TRANSFER_DST | COLOR_ATTACHMENT bits=0x13 supported=TRANSFER_SRC | TRANSFER_DST | SAMPLED | STORAGE | COLOR_ATTACHMENT | INPUT_ATTACHMENT
NSDIAG gbuffer target target_id=1879048212 exists=true recreate=false colors=3 depth=true extent=1280x720
NSDIAG deferred-target label='deferred_lighting' gbuffer_target=1879048212 lit_target=1879048196 lit_initialized_before=false
NSDIAG vkCreateSwapchainKHR format=B8G8R8A8_SRGB usage=TRANSFER_SRC | TRANSFER_DST | COLOR_ATTACHMENT bits=0x13 supported=TRANSFER_SRC | TRANSFER_DST | SAMPLED | STORAGE | COLOR_ATTACHMENT | INPUT_ATTACHMENT
NSDIAG gbuffer target target_id=1879048212 exists=true recreate=false colors=3 depth=true extent=1280x720
NSDIAG deferred-target label='deferred_lighting' gbuffer_target=1879048212 lit_target=1879048196 lit_initialized_before=false
NSDIAG vkCreateSwapchainKHR format=B8G8R8A8_SRGB usage=TRANSFER_SRC | TRANSFER_DST | COLOR_ATTACHMENT bits=0x13 supported=TRANSFER_SRC | TRANSFER_DST | SAMPLED | STORAGE | COLOR_ATTACHMENT | INPUT_ATTACHMENT
NSDIAG gbuffer target target_id=1879048212 exists=true recreate=false colors=3 depth=true extent=1280x720
NSDIAG deferred-target label='deferred_lighting' gbuffer_target=1879048212 lit_target=1879048196 lit_initialized_before=false
NSDIAG vkCreateSwapchainKHR format=B8G8R8A8_SRGB usage=TRANSFER_SRC | TRANSFER_DST | COLOR_ATTACHMENT bits=0x13 supported=TRANSFER_SRC | TRANSFER_DST | SAMPLED | STORAGE | COLOR_ATTACHMENT | INPUT_ATTACHMENT
NSDIAG gbuffer target target_id=1879048212 exists=true recreate=false colors=3 depth=true extent=1280x720
NSDIAG deferred-target label='deferred_lighting' gbuffer_target=1879048212 lit_target=1879048196 lit_initialized_before=false
NSDIAG vkCreateSwapchainKHR format=B8G8R8A8_SRGB usage=TRANSFER_SRC | TRANSFER_DST | COLOR_ATTACHMENT bits=0x13 supported=TRANSFER_SRC | TRANSFER_DST | SAMPLED | STORAGE | COLOR_ATTACHMENT | INPUT_ATTACHMENT
NSDIAG gbuffer target target_id=1879048212 exists=true recreate=false colors=3 depth=true extent=1280x720
NSDIAG deferred-target label='deferred_lighting' gbuffer_target=1879048212 lit_target=1879048196 lit_initialized_before=false
NSDIAG vkCreateSwapchainKHR format=B8G8R8A8_SRGB usage=TRANSFER_SRC | TRANSFER_DST | COLOR_ATTACHMENT bits=0x13 supported=TRANSFER_SRC | TRANSFER_DST | SAMPLED | STORAGE | COLOR_ATTACHMENT | INPUT_ATTACHMENT
NSDIAG gbuffer target target_id=1879048212 exists=true recreate=false colors=3 depth=true extent=1280x720
NSDIAG deferred-target label='deferred_lighting' gbuffer_target=1879048212 lit_target=1879048196 lit_initialized_before=false
NSDIAG vkCreateSwapchainKHR format=B8G8R8A8_SRGB usage=TRANSFER_SRC | TRANSFER_DST | COLOR_ATTACHMENT bits=0x13 supported=TRANSFER_SRC | TRANSFER_DST | SAMPLED | STORAGE | COLOR_ATTACHMENT | INPUT_ATTACHMENT
NSDIAG gbuffer target target_id=1879048212 exists=true recreate=false colors=3 depth=true extent=1280x720
NSDIAG deferred-target label='deferred_lighting' gbuffer_target=1879048212 lit_target=1879048196 lit_initialized_before=false
NSDIAG vkCreateSwapchainKHR format=B8G8R8A8_SRGB usage=TRANSFER_SRC | TRANSFER_DST | COLOR_ATTACHMENT bits=0x13 supported=TRANSFER_SRC | TRANSFER_DST | SAMPLED | STORAGE | COLOR_ATTACHMENT | INPUT_ATTACHMENT
NSDIAG gbuffer target target_id=1879048212 exists=true recreate=false colors=3 depth=true extent=1280x720
NSDIAG deferred-target label='deferred_lighting' gbuffer_target=1879048212 lit_target=1879048196 lit_initialized_before=false
NSDIAG vkCreateSwapchainKHR format=B8G8R8A8_SRGB usage=TRANSFER_SRC | TRANSFER_DST | COLOR_ATTACHMENT bits=0x13 supported=TRANSFER_SRC | TRANSFER_DST | SAMPLED | STORAGE | COLOR_ATTACHMENT | INPUT_ATTACHMENT
NSDIAG gbuffer target target_id=1879048212 exists=true recreate=false colors=3 depth=true extent=1280x720
NSDIAG deferred-target label='deferred_lighting' gbuffer_target=1879048212 lit_target=1879048196 lit_initialized_before=false
NSDIAG vkCreateSwapchainKHR format=B8G8R8A8_SRGB usage=TRANSFER_SRC | TRANSFER_DST | COLOR_ATTACHMENT bits=0x13 supported=TRANSFER_SRC | TRANSFER_DST | SAMPLED | STORAGE | COLOR_ATTACHMENT | INPUT_ATTACHMENT
NSDIAG gbuffer target target_id=1879048212 exists=true recreate=false colors=3 depth=true extent=1280x720
NSDIAG deferred-target label='deferred_lighting' gbuffer_target=1879048212 lit_target=1879048196 lit_initialized_before=false
NSDIAG vkCreateSwapchainKHR format=B8G8R8A8_SRGB usage=TRANSFER_SRC | TRANSFER_DST | COLOR_ATTACHMENT bits=0x13 supported=TRANSFER_SRC | TRANSFER_DST | SAMPLED | STORAGE | COLOR_ATTACHMENT | INPUT_ATTACHMENT
NSDIAG gbuffer target target_id=1879048212 exists=true recreate=false colors=3 depth=true extent=1280x720
NSDIAG deferred-target label='deferred_lighting' gbuffer_target=1879048212 lit_target=1879048196 lit_initialized_before=false
NSDIAG vkCreateSwapchainKHR format=B8G8R8A8_SRGB usage=TRANSFER_SRC | TRANSFER_DST | COLOR_ATTACHMENT bits=0x13 supported=TRANSFER_SRC | TRANSFER_DST | SAMPLED | STORAGE | COLOR_ATTACHMENT | INPUT_ATTACHMENT
NSDIAG gbuffer target target_id=1879048212 exists=true recreate=false colors=3 depth=true extent=1280x720
NSDIAG deferred-target label='deferred_lighting' gbuffer_target=1879048212 lit_target=1879048196 lit_initialized_before=false
NSDIAG vkCreateSwapchainKHR format=B8G8R8A8_SRGB usage=TRANSFER_SRC | TRANSFER_DST | COLOR_ATTACHMENT bits=0x13 supported=TRANSFER_SRC | TRANSFER_DST | SAMPLED | STORAGE | COLOR_ATTACHMENT | INPUT_ATTACHMENT
NSDIAG gbuffer target target_id=1879048212 exists=true recreate=false colors=3 depth=true extent=1280x720
NSDIAG deferred-target label='deferred_lighting' gbuffer_target=1879048212 lit_target=1879048196 lit_initialized_before=false
NSDIAG vkCreateSwapchainKHR format=B8G8R8A8_SRGB usage=TRANSFER_SRC | TRANSFER_DST | COLOR_ATTACHMENT bits=0x13 supported=TRANSFER_SRC | TRANSFER_DST | SAMPLED | STORAGE | COLOR_ATTACHMENT | INPUT_ATTACHMENT
NSDIAG gbuffer target target_id=1879048212 exists=true recreate=false colors=3 depth=true extent=1280x720
NSDIAG deferred-target label='deferred_lighting' gbuffer_target=1879048212 lit_target=1879048196 lit_initialized_before=false
NSDIAG vkCreateSwapchainKHR format=B8G8R8A8_SRGB usage=TRANSFER_SRC | TRANSFER_DST | COLOR_ATTACHMENT bits=0x13 supported=TRANSFER_SRC | TRANSFER_DST | SAMPLED | STORAGE | COLOR_ATTACHMENT | INPUT_ATTACHMENT
NSDIAG gbuffer target target_id=1879048212 exists=true recreate=false colors=3 depth=true extent=1280x720
NSDIAG deferred-target label='deferred_lighting' gbuffer_target=1879048212 lit_target=1879048196 lit_initialized_before=false
NSDIAG vkCreateSwapchainKHR format=B8G8R8A8_SRGB usage=TRANSFER_SRC | TRANSFER_DST | COLOR_ATTACHMENT bits=0x13 supported=TRANSFER_SRC | TRANSFER_DST | SAMPLED | STORAGE | COLOR_ATTACHMENT | INPUT_ATTACHMENT
NSDIAG gbuffer target target_id=1879048212 exists=true recreate=false colors=3 depth=true extent=1280x720
NSDIAG graph-pass begin frame=1410 id=120 label='shadow_cascade_map' kind=ShadowCascadeMap queue=Graphics draws=164
NSDIAG graph-pass end frame=1410 id=120 label='shadow_cascade_map' kind=ShadowCascadeMap ok=true
NSDIAG graph-pass begin frame=1410 id=560 label='particle_simulation' kind=ParticleSimulation queue=Compute draws=0
NSDIAG graph-pass end frame=1410 id=560 label='particle_simulation' kind=ParticleSimulation ok=true
NSDIAG graph-pass begin frame=1410 id=300 label='viewport_gbuffer' kind=GBuffer queue=Graphics draws=16
NSDIAG graph-pass end frame=1410 id=300 label='viewport_gbuffer' kind=GBuffer ok=true
NSDIAG graph-pass begin frame=1410 id=400 label='deferred_lighting' kind=DeferredLighting queue=Graphics draws=0
NSDIAG deferred-target label='deferred_lighting' gbuffer_target=1879048212 lit_target=1879048196 lit_initialized_before=false
NSDIAG graph-pass end frame=1410 id=400 label='deferred_lighting' kind=DeferredLighting ok=false
NSDIAG vkCreateSwapchainKHR format=B8G8R8A8_SRGB usage=TRANSFER_SRC | TRANSFER_DST | COLOR_ATTACHMENT bits=0x13 supported=TRANSFER_SRC | TRANSFER_DST | SAMPLED | STORAGE | COLOR_ATTACHMENT | INPUT_ATTACHMENT
NSDIAG gbuffer target target_id=1879048212 exists=true recreate=false colors=3 depth=true extent=1280x720
NSDIAG deferred-target label='deferred_lighting' gbuffer_target=1879048212 lit_target=1879048196 lit_initialized_before=false
NSDIAG vkCreateSwapchainKHR format=B8G8R8A8_SRGB usage=TRANSFER_SRC | TRANSFER_DST | COLOR_ATTACHMENT bits=0x13 supported=TRANSFER_SRC | TRANSFER_DST | SAMPLED | STORAGE | COLOR_ATTACHMENT | INPUT_ATTACHMENT
NSDIAG gbuffer target target_id=1879048212 exists=true recreate=false colors=3 depth=true extent=1280x720
NSDIAG deferred-target label='deferred_lighting' gbuffer_target=1879048212 lit_target=1879048196 lit_initialized_before=false
NSDIAG vkCreateSwapchainKHR format=B8G8R8A8_SRGB usage=TRANSFER_SRC | TRANSFER_DST | COLOR_ATTACHMENT bits=0x13 supported=TRANSFER_SRC | TRANSFER_DST | SAMPLED | STORAGE | COLOR_ATTACHMENT | INPUT_ATTACHMENT
NSDIAG gbuffer target target_id=1879048212 exists=true recreate=false colors=3 depth=true extent=1280x720
NSDIAG deferred-target label='deferred_lighting' gbuffer_target=1879048212 lit_target=1879048196 lit_initialized_before=false
NSDIAG vkCreateSwapchainKHR format=B8G8R8A8_SRGB usage=TRANSFER_SRC | TRANSFER_DST | COLOR_ATTACHMENT bits=0x13 supported=TRANSFER_SRC | TRANSFER_DST | SAMPLED | STORAGE | COLOR_ATTACHMENT | INPUT_ATTACHMENT
NSDIAG gbuffer target target_id=1879048212 exists=true recreate=false colors=3 depth=true extent=1280x720
NSDIAG deferred-target label='deferred_lighting' gbuffer_target=1879048212 lit_target=1879048196 lit_initialized_before=false
NSDIAG vkCreateSwapchainKHR format=B8G8R8A8_SRGB usage=TRANSFER_SRC | TRANSFER_DST | COLOR_ATTACHMENT bits=0x13 supported=TRANSFER_SRC | TRANSFER_DST | SAMPLED | STORAGE | COLOR_ATTACHMENT | INPUT_ATTACHMENT
NSDIAG gbuffer target target_id=1879048212 exists=true recreate=false colors=3 depth=true extent=1280x720
NSDIAG deferred-target label='deferred_lighting' gbuffer_target=1879048212 lit_target=1879048196 lit_initialized_before=false
NSDIAG vkCreateSwapchainKHR format=B8G8R8A8_SRGB usage=TRANSFER_SRC | TRANSFER_DST | COLOR_ATTACHMENT bits=0x13 supported=TRANSFER_SRC | TRANSFER_DST | SAMPLED | STORAGE | COLOR_ATTACHMENT | INPUT_ATTACHMENT
NSDIAG gbuffer target target_id=1879048212 exists=true recreate=false colors=3 depth=true extent=1280x720
NSDIAG deferred-target label='deferred_lighting' gbuffer_target=1879048212 lit_target=1879048196 lit_initialized_before=false
NSDIAG vkCreateSwapchainKHR format=B8G8R8A8_SRGB usage=TRANSFER_SRC | TRANSFER_DST | COLOR_ATTACHMENT bits=0x13 supported=TRANSFER_SRC | TRANSFER_DST | SAMPLED | STORAGE | COLOR_ATTACHMENT | INPUT_ATTACHMENT
NSDIAG gbuffer target target_id=1879048212 exists=true recreate=false colors=3 depth=true extent=1280x720
NSDIAG deferred-target label='deferred_lighting' gbuffer_target=1879048212 lit_target=1879048196 lit_initialized_before=false
NSDIAG vkCreateSwapchainKHR format=B8G8R8A8_SRGB usage=TRANSFER_SRC | TRANSFER_DST | COLOR_ATTACHMENT bits=0x13 supported=TRANSFER_SRC | TRANSFER_DST | SAMPLED | STORAGE | COLOR_ATTACHMENT | INPUT_ATTACHMENT
NSDIAG gbuffer target target_id=1879048212 exists=true recreate=false colors=3 depth=true extent=1280x720
NSDIAG deferred-target label='deferred_lighting' gbuffer_target=1879048212 lit_target=1879048196 lit_initialized_before=false
NSDIAG vkCreateSwapchainKHR format=B8G8R8A8_SRGB usage=TRANSFER_SRC | TRANSFER_DST | COLOR_ATTACHMENT bits=0x13 supported=TRANSFER_SRC | TRANSFER_DST | SAMPLED | STORAGE | COLOR_ATTACHMENT | INPUT_ATTACHMENT
NSDIAG gbuffer target target_id=1879048212 exists=true recreate=false colors=3 depth=true extent=1280x720
NSDIAG deferred-target label='deferred_lighting' gbuffer_target=1879048212 lit_target=1879048196 lit_initialized_before=false
NSDIAG vkCreateSwapchainKHR format=B8G8R8A8_SRGB usage=TRANSFER_SRC | TRANSFER_DST | COLOR_ATTACHMENT bits=0x13 supported=TRANSFER_SRC | TRANSFER_DST | SAMPLED | STORAGE | COLOR_ATTACHMENT | INPUT_ATTACHMENT
NSDIAG gbuffer target target_id=1879048212 exists=true recreate=false colors=3 depth=true extent=1280x720
NSDIAG deferred-target label='deferred_lighting' gbuffer_target=1879048212 lit_target=1879048196 lit_initialized_before=false
NSDIAG vkCreateSwapchainKHR format=B8G8R8A8_SRGB usage=TRANSFER_SRC | TRANSFER_DST | COLOR_ATTACHMENT bits=0x13 supported=TRANSFER_SRC | TRANSFER_DST | SAMPLED | STORAGE | COLOR_ATTACHMENT | INPUT_ATTACHMENT
NSDIAG gbuffer target target_id=1879048212 exists=true recreate=false colors=3 depth=true extent=1280x720
NSDIAG deferred-target label='deferred_lighting' gbuffer_target=1879048212 lit_target=1879048196 lit_initialized_before=false
NSDIAG vkCreateSwapchainKHR format=B8G8R8A8_SRGB usage=TRANSFER_SRC | TRANSFER_DST | COLOR_ATTACHMENT bits=0x13 supported=TRANSFER_SRC | TRANSFER_DST | SAMPLED | STORAGE | COLOR_ATTACHMENT | INPUT_ATTACHMENT
NSDIAG gbuffer target target_id=1879048212 exists=true recreate=false colors=3 depth=true extent=1280x720
NSDIAG deferred-target label='deferred_lighting' gbuffer_target=1879048212 lit_target=1879048196 lit_initialized_before=false
NSDIAG vkCreateSwapchainKHR format=B8G8R8A8_SRGB usage=TRANSFER_SRC | TRANSFER_DST | COLOR_ATTACHMENT bits=0x13 supported=TRANSFER_SRC | TRANSFER_DST | SAMPLED | STORAGE | COLOR_ATTACHMENT | INPUT_ATTACHMENT
NSDIAG gbuffer target target_id=1879048212 exists=true recreate=false colors=3 depth=true extent=1280x720
NSDIAG deferred-target label='deferred_lighting' gbuffer_target=1879048212 lit_target=1879048196 lit_initialized_before=false
NSDIAG vkCreateSwapchainKHR format=B8G8R8A8_SRGB usage=TRANSFER_SRC | TRANSFER_DST | COLOR_ATTACHMENT bits=0x13 supported=TRANSFER_SRC | TRANSFER_DST | SAMPLED | STORAGE | COLOR_ATTACHMENT | INPUT_ATTACHMENT
NSDIAG gbuffer target target_id=1879048212 exists=true recreate=false colors=3 depth=true extent=1280x720
NSDIAG deferred-target label='deferred_lighting' gbuffer_target=1879048212 lit_target=1879048196 lit_initialized_before=false
NSDIAG vkCreateSwapchainKHR format=B8G8R8A8_SRGB usage=TRANSFER_SRC | TRANSFER_DST | COLOR_ATTACHMENT bits=0x13 supported=TRANSFER_SRC | TRANSFER_DST | SAMPLED | STORAGE | COLOR_ATTACHMENT | INPUT_ATTACHMENT
NSDIAG gbuffer target target_id=1879048212 exists=true recreate=false colors=3 depth=true extent=1280x720
NSDIAG deferred-target label='deferred_lighting' gbuffer_target=1879048212 lit_target=1879048196 lit_initialized_before=false
NSDIAG vkCreateSwapchainKHR format=B8G8R8A8_SRGB usage=TRANSFER_SRC | TRANSFER_DST | COLOR_ATTACHMENT bits=0x13 supported=TRANSFER_SRC | TRANSFER_DST | SAMPLED | STORAGE | COLOR_ATTACHMENT | INPUT_ATTACHMENT
NSDIAG gbuffer target target_id=1879048212 exists=true recreate=false colors=3 depth=true extent=1280x720
NSDIAG deferred-target label='deferred_lighting' gbuffer_target=1879048212 lit_target=1879048196 lit_initialized_before=false
NSDIAG vkCreateSwapchainKHR format=B8G8R8A8_SRGB usage=TRANSFER_SRC | TRANSFER_DST | COLOR_ATTACHMENT bits=0x13 supported=TRANSFER_SRC | TRANSFER_DST | SAMPLED | STORAGE | COLOR_ATTACHMENT | INPUT_ATTACHMENT
NSDIAG gbuffer target target_id=1879048212 exists=true recreate=false colors=3 depth=true extent=1280x720
NSDIAG deferred-target label='deferred_lighting' gbuffer_target=1879048212 lit_target=1879048196 lit_initialized_before=false
NSDIAG vkCreateSwapchainKHR format=B8G8R8A8_SRGB usage=TRANSFER_SRC | TRANSFER_DST | COLOR_ATTACHMENT bits=0x13 supported=TRANSFER_SRC | TRANSFER_DST | SAMPLED | STORAGE | COLOR_ATTACHMENT | INPUT_ATTACHMENT
NSDIAG gbuffer target target_id=1879048212 exists=true recreate=false colors=3 depth=true extent=1280x720
NSDIAG deferred-target label='deferred_lighting' gbuffer_target=1879048212 lit_target=1879048196 lit_initialized_before=false
NSDIAG vkCreateSwapchainKHR format=B8G8R8A8_SRGB usage=TRANSFER_SRC | TRANSFER_DST | COLOR_ATTACHMENT bits=0x13 supported=TRANSFER_SRC | TRANSFER_DST | SAMPLED | STORAGE | COLOR_ATTACHMENT | INPUT_ATTACHMENT
NSDIAG gbuffer target target_id=1879048212 exists=true recreate=false colors=3 depth=true extent=1280x720
NSDIAG deferred-target label='deferred_lighting' gbuffer_target=1879048212 lit_target=1879048196 lit_initialized_before=false
NSDIAG vkCreateSwapchainKHR format=B8G8R8A8_SRGB usage=TRANSFER_SRC | TRANSFER_DST | COLOR_ATTACHMENT bits=0x13 supported=TRANSFER_SRC | TRANSFER_DST | SAMPLED | STORAGE | COLOR_ATTACHMENT | INPUT_ATTACHMENT
NSDIAG gbuffer target target_id=1879048212 exists=true recreate=false colors=3 depth=true extent=1280x720
NSDIAG deferred-target label='deferred_lighting' gbuffer_target=1879048212 lit_target=1879048196 lit_initialized_before=false
NSDIAG vkCreateSwapchainKHR format=B8G8R8A8_SRGB usage=TRANSFER_SRC | TRANSFER_DST | COLOR_ATTACHMENT bits=0x13 supported=TRANSFER_SRC | TRANSFER_DST | SAMPLED | STORAGE | COLOR_ATTACHMENT | INPUT_ATTACHMENT
NSDIAG gbuffer target target_id=1879048212 exists=true recreate=false colors=3 depth=true extent=1280x720
NSDIAG deferred-target label='deferred_lighting' gbuffer_target=1879048212 lit_target=1879048196 lit_initialized_before=false
NSDIAG vkCreateSwapchainKHR format=B8G8R8A8_SRGB usage=TRANSFER_SRC | TRANSFER_DST | COLOR_ATTACHMENT bits=0x13 supported=TRANSFER_SRC | TRANSFER_DST | SAMPLED | STORAGE | COLOR_ATTACHMENT | INPUT_ATTACHMENT
NSDIAG gbuffer target target_id=1879048212 exists=true recreate=false colors=3 depth=true extent=1280x720
NSDIAG deferred-target label='deferred_lighting' gbuffer_target=1879048212 lit_target=1879048196 lit_initialized_before=false
NSDIAG vkCreateSwapchainKHR format=B8G8R8A8_SRGB usage=TRANSFER_SRC | TRANSFER_DST | COLOR_ATTACHMENT bits=0x13 supported=TRANSFER_SRC | TRANSFER_DST | SAMPLED | STORAGE | COLOR_ATTACHMENT | INPUT_ATTACHMENT
NSDIAG gbuffer target target_id=1879048212 exists=true recreate=false colors=3 depth=true extent=1280x720
NSDIAG deferred-target label='deferred_lighting' gbuffer_target=1879048212 lit_target=1879048196 lit_initialized_before=false
NSDIAG vkCreateSwapchainKHR format=B8G8R8A8_SRGB usage=TRANSFER_SRC | TRANSFER_DST | COLOR_ATTACHMENT bits=0x13 supported=TRANSFER_SRC | TRANSFER_DST | SAMPLED | STORAGE | COLOR_ATTACHMENT | INPUT_ATTACHMENT
NSDIAG gbuffer target target_id=1879048212 exists=true recreate=false colors=3 depth=true extent=1280x720
NSDIAG deferred-target label='deferred_lighting' gbuffer_target=1879048212 lit_target=1879048196 lit_initialized_before=false
NSDIAG vkCreateSwapchainKHR format=B8G8R8A8_SRGB usage=TRANSFER_SRC | TRANSFER_DST | COLOR_ATTACHMENT bits=0x13 supported=TRANSFER_SRC | TRANSFER_DST | SAMPLED | STORAGE | COLOR_ATTACHMENT | INPUT_ATTACHMENT
NSDIAG gbuffer target target_id=1879048212 exists=true recreate=false colors=3 depth=true extent=1280x720
NSDIAG deferred-target label='deferred_lighting' gbuffer_target=1879048212 lit_target=1879048196 lit_initialized_before=false
NSDIAG vkCreateSwapchainKHR format=B8G8R8A8_SRGB usage=TRANSFER_SRC | TRANSFER_DST | COLOR_ATTACHMENT bits=0x13 supported=TRANSFER_SRC | TRANSFER_DST | SAMPLED | STORAGE | COLOR_ATTACHMENT | INPUT_ATTACHMENT
NSDIAG gbuffer target target_id=1879048212 exists=true recreate=false colors=3 depth=true extent=1280x720
NSDIAG deferred-target label='deferred_lighting' gbuffer_target=1879048212 lit_target=1879048196 lit_initialized_before=false
NSDIAG vkCreateSwapchainKHR format=B8G8R8A8_SRGB usage=TRANSFER_SRC | TRANSFER_DST | COLOR_ATTACHMENT bits=0x13 supported=TRANSFER_SRC | TRANSFER_DST | SAMPLED | STORAGE | COLOR_ATTACHMENT | INPUT_ATTACHMENT
NSDIAG gbuffer target target_id=1879048212 exists=true recreate=false colors=3 depth=true extent=1280x720
NSDIAG deferred-target label='deferred_lighting' gbuffer_target=1879048212 lit_target=1879048196 lit_initialized_before=false
NSDIAG vkCreateSwapchainKHR format=B8G8R8A8_SRGB usage=TRANSFER_SRC | TRANSFER_DST | COLOR_ATTACHMENT bits=0x13 supported=TRANSFER_SRC | TRANSFER_DST | SAMPLED | STORAGE | COLOR_ATTACHMENT | INPUT_ATTACHMENT
NSDIAG gbuffer target target_id=1879048212 exists=true recreate=false colors=3 depth=true extent=1280x720
NSDIAG deferred-target label='deferred_lighting' gbuffer_target=1879048212 lit_target=1879048196 lit_initialized_before=false
NSDIAG vkCreateSwapchainKHR format=B8G8R8A8_SRGB usage=TRANSFER_SRC | TRANSFER_DST | COLOR_ATTACHMENT bits=0x13 supported=TRANSFER_SRC | TRANSFER_DST | SAMPLED | STORAGE | COLOR_ATTACHMENT | INPUT_ATTACHMENT
NSDIAG gbuffer target target_id=1879048212 exists=true recreate=false colors=3 depth=true extent=1280x720
NSDIAG deferred-target label='deferred_lighting' gbuffer_target=1879048212 lit_target=1879048196 lit_initialized_before=false
NSDIAG vkCreateSwapchainKHR format=B8G8R8A8_SRGB usage=TRANSFER_SRC | TRANSFER_DST | COLOR_ATTACHMENT bits=0x13 supported=TRANSFER_SRC | TRANSFER_DST | SAMPLED | STORAGE | COLOR_ATTACHMENT | INPUT_ATTACHMENT
[09:18:09.826] [[1;32mINFO [0m] render.shadow_setup.profile: frame=1440 total_ms=0.016 directional_plan_ms=0.007 directional_admission_ms=0.008 local_plan_ms=0.001 local_admission_ms=0.000 finalize_ms=0.000 render_directional=true render_local=false local_views=0
NSDIAG gbuffer target target_id=1879048212 exists=true recreate=false colors=3 depth=true extent=1280x720
NSDIAG graph-pass begin frame=1440 id=120 label='shadow_cascade_map' kind=ShadowCascadeMap queue=Graphics draws=164
NSDIAG graph-pass end frame=1440 id=120 label='shadow_cascade_map' kind=ShadowCascadeMap ok=true
NSDIAG graph-pass begin frame=1440 id=560 label='particle_simulation' kind=ParticleSimulation queue=Compute draws=0
NSDIAG graph-pass end frame=1440 id=560 label='particle_simulation' kind=ParticleSimulation ok=true
NSDIAG graph-pass begin frame=1440 id=300 label='viewport_gbuffer' kind=GBuffer queue=Graphics draws=16
NSDIAG graph-pass end frame=1440 id=300 label='viewport_gbuffer' kind=GBuffer ok=true
NSDIAG graph-pass begin frame=1440 id=400 label='deferred_lighting' kind=DeferredLighting queue=Graphics draws=0
NSDIAG deferred-target label='deferred_lighting' gbuffer_target=1879048212 lit_target=1879048196 lit_initialized_before=false
NSDIAG graph-pass end frame=1440 id=400 label='deferred_lighting' kind=DeferredLighting ok=false
[09:18:09.832] [[1;36mDEBUG[0m] render controller: material pipeline still pending heartbeat frame=1440 waiting_for='renderer.shader_compile_event'
NSDIAG vkCreateSwapchainKHR format=B8G8R8A8_SRGB usage=TRANSFER_SRC | TRANSFER_DST | COLOR_ATTACHMENT bits=0x13 supported=TRANSFER_SRC | TRANSFER_DST | SAMPLED | STORAGE | COLOR_ATTACHMENT | INPUT_ATTACHMENT
NSDIAG gbuffer target target_id=1879048212 exists=true recreate=false colors=3 depth=true extent=1280x720
NSDIAG deferred-target label='deferred_lighting' gbuffer_target=1879048212 lit_target=1879048196 lit_initialized_before=false
NSDIAG vkCreateSwapchainKHR format=B8G8R8A8_SRGB usage=TRANSFER_SRC | TRANSFER_DST | COLOR_ATTACHMENT bits=0x13 supported=TRANSFER_SRC | TRANSFER_DST | SAMPLED | STORAGE | COLOR_ATTACHMENT | INPUT_ATTACHMENT
NSDIAG gbuffer target target_id=1879048212 exists=true recreate=false colors=3 depth=true extent=1280x720
NSDIAG deferred-target label='deferred_lighting' gbuffer_target=1879048212 lit_target=1879048196 lit_initialized_before=false
NSDIAG vkCreateSwapchainKHR format=B8G8R8A8_SRGB usage=TRANSFER_SRC | TRANSFER_DST | COLOR_ATTACHMENT bits=0x13 supported=TRANSFER_SRC | TRANSFER_DST | SAMPLED | STORAGE | COLOR_ATTACHMENT | INPUT_ATTACHMENT
NSDIAG gbuffer target target_id=1879048212 exists=true recreate=false colors=3 depth=true extent=1280x720
NSDIAG deferred-target label='deferred_lighting' gbuffer_target=1879048212 lit_target=1879048196 lit_initialized_before=false
NSDIAG vkCreateSwapchainKHR format=B8G8R8A8_SRGB usage=TRANSFER_SRC | TRANSFER_DST | COLOR_ATTACHMENT bits=0x13 supported=TRANSFER_SRC | TRANSFER_DST | SAMPLED | STORAGE | COLOR_ATTACHMENT | INPUT_ATTACHMENT
NSDIAG gbuffer target target_id=1879048212 exists=true recreate=false colors=3 depth=true extent=1280x720
NSDIAG deferred-target label='deferred_lighting' gbuffer_target=1879048212 lit_target=1879048196 lit_initialized_before=false
NSDIAG vkCreateSwapchainKHR format=B8G8R8A8_SRGB usage=TRANSFER_SRC | TRANSFER_DST | COLOR_ATTACHMENT bits=0x13 supported=TRANSFER_SRC | TRANSFER_DST | SAMPLED | STORAGE | COLOR_ATTACHMENT | INPUT_ATTACHMENT
NSDIAG gbuffer target target_id=1879048212 exists=true recreate=false colors=3 depth=true extent=1280x720
NSDIAG deferred-target label='deferred_lighting' gbuffer_target=1879048212 lit_target=1879048196 lit_initialized_before=false
NSDIAG vkCreateSwapchainKHR format=B8G8R8A8_SRGB usage=TRANSFER_SRC | TRANSFER_DST | COLOR_ATTACHMENT bits=0x13 supported=TRANSFER_SRC | TRANSFER_DST | SAMPLED | STORAGE | COLOR_ATTACHMENT | INPUT_ATTACHMENT
NSDIAG gbuffer target target_id=1879048212 exists=true recreate=false colors=3 depth=true extent=1280x720
NSDIAG deferred-target label='deferred_lighting' gbuffer_target=1879048212 lit_target=1879048196 lit_initialized_before=false
NSDIAG vkCreateSwapchainKHR format=B8G8R8A8_SRGB usage=TRANSFER_SRC | TRANSFER_DST | COLOR_ATTACHMENT bits=0x13 supported=TRANSFER_SRC | TRANSFER_DST | SAMPLED | STORAGE | COLOR_ATTACHMENT | INPUT_ATTACHMENT
NSDIAG gbuffer target target_id=1879048212 exists=true recreate=false colors=3 depth=true extent=1280x720
NSDIAG deferred-target label='deferred_lighting' gbuffer_target=1879048212 lit_target=1879048196 lit_initialized_before=false
NSDIAG vkCreateSwapchainKHR format=B8G8R8A8_SRGB usage=TRANSFER_SRC | TRANSFER_DST | COLOR_ATTACHMENT bits=0x13 supported=TRANSFER_SRC | TRANSFER_DST | SAMPLED | STORAGE | COLOR_ATTACHMENT | INPUT_ATTACHMENT
NSDIAG gbuffer target target_id=1879048212 exists=true recreate=false colors=3 depth=true extent=1280x720
NSDIAG deferred-target label='deferred_lighting' gbuffer_target=1879048212 lit_target=1879048196 lit_initialized_before=false
NSDIAG vkCreateSwapchainKHR format=B8G8R8A8_SRGB usage=TRANSFER_SRC | TRANSFER_DST | COLOR_ATTACHMENT bits=0x13 supported=TRANSFER_SRC | TRANSFER_DST | SAMPLED | STORAGE | COLOR_ATTACHMENT | INPUT_ATTACHMENT
NSDIAG gbuffer target target_id=1879048212 exists=true recreate=false colors=3 depth=true extent=1280x720
NSDIAG deferred-target label='deferred_lighting' gbuffer_target=1879048212 lit_target=1879048196 lit_initialized_before=false
NSDIAG vkCreateSwapchainKHR format=B8G8R8A8_SRGB usage=TRANSFER_SRC | TRANSFER_DST | COLOR_ATTACHMENT bits=0x13 supported=TRANSFER_SRC | TRANSFER_DST | SAMPLED | STORAGE | COLOR_ATTACHMENT | INPUT_ATTACHMENT
NSDIAG gbuffer target target_id=1879048212 exists=true recreate=false colors=3 depth=true extent=1280x720
NSDIAG deferred-target label='deferred_lighting' gbuffer_target=1879048212 lit_target=1879048196 lit_initialized_before=false
NSDIAG vkCreateSwapchainKHR format=B8G8R8A8_SRGB usage=TRANSFER_SRC | TRANSFER_DST | COLOR_ATTACHMENT bits=0x13 supported=TRANSFER_SRC | TRANSFER_DST | SAMPLED | STORAGE | COLOR_ATTACHMENT | INPUT_ATTACHMENT
NSDIAG gbuffer target target_id=1879048212 exists=true recreate=false colors=3 depth=true extent=1280x720
NSDIAG deferred-target label='deferred_lighting' gbuffer_target=1879048212 lit_target=1879048196 lit_initialized_before=false
NSDIAG vkCreateSwapchainKHR format=B8G8R8A8_SRGB usage=TRANSFER_SRC | TRANSFER_DST | COLOR_ATTACHMENT bits=0x13 supported=TRANSFER_SRC | TRANSFER_DST | SAMPLED | STORAGE | COLOR_ATTACHMENT | INPUT_ATTACHMENT
NSDIAG gbuffer target target_id=1879048212 exists=true recreate=false colors=3 depth=true extent=1280x720
NSDIAG deferred-target label='deferred_lighting' gbuffer_target=1879048212 lit_target=1879048196 lit_initialized_before=false
NSDIAG vkCreateSwapchainKHR format=B8G8R8A8_SRGB usage=TRANSFER_SRC | TRANSFER_DST | COLOR_ATTACHMENT bits=0x13 supported=TRANSFER_SRC | TRANSFER_DST | SAMPLED | STORAGE | COLOR_ATTACHMENT | INPUT_ATTACHMENT
NSDIAG gbuffer target target_id=1879048212 exists=true recreate=false colors=3 depth=true extent=1280x720
NSDIAG deferred-target label='deferred_lighting' gbuffer_target=1879048212 lit_target=1879048196 lit_initialized_before=false
NSDIAG vkCreateSwapchainKHR format=B8G8R8A8_SRGB usage=TRANSFER_SRC | TRANSFER_DST | COLOR_ATTACHMENT bits=0x13 supported=TRANSFER_SRC | TRANSFER_DST | SAMPLED | STORAGE | COLOR_ATTACHMENT | INPUT_ATTACHMENT
NSDIAG gbuffer target target_id=1879048212 exists=true recreate=false colors=3 depth=true extent=1280x720
NSDIAG deferred-target label='deferred_lighting' gbuffer_target=1879048212 lit_target=1879048196 lit_initialized_before=false
NSDIAG vkCreateSwapchainKHR format=B8G8R8A8_SRGB usage=TRANSFER_SRC | TRANSFER_DST | COLOR_ATTACHMENT bits=0x13 supported=TRANSFER_SRC | TRANSFER_DST | SAMPLED | STORAGE | COLOR_ATTACHMENT | INPUT_ATTACHMENT
NSDIAG gbuffer target target_id=1879048212 exists=true recreate=false colors=3 depth=true extent=1280x720
NSDIAG deferred-target label='deferred_lighting' gbuffer_target=1879048212 lit_target=1879048196 lit_initialized_before=false
NSDIAG vkCreateSwapchainKHR format=B8G8R8A8_SRGB usage=TRANSFER_SRC | TRANSFER_DST | COLOR_ATTACHMENT bits=0x13 supported=TRANSFER_SRC | TRANSFER_DST | SAMPLED | STORAGE | COLOR_ATTACHMENT | INPUT_ATTACHMENT
NSDIAG gbuffer target target_id=1879048212 exists=true recreate=false colors=3 depth=true extent=1280x720
NSDIAG deferred-target label='deferred_lighting' gbuffer_target=1879048212 lit_target=1879048196 lit_initialized_before=false
NSDIAG vkCreateSwapchainKHR format=B8G8R8A8_SRGB usage=TRANSFER_SRC | TRANSFER_DST | COLOR_ATTACHMENT bits=0x13 supported=TRANSFER_SRC | TRANSFER_DST | SAMPLED | STORAGE | COLOR_ATTACHMENT | INPUT_ATTACHMENT
NSDIAG gbuffer target target_id=1879048212 exists=true recreate=false colors=3 depth=true extent=1280x720
NSDIAG deferred-target label='deferred_lighting' gbuffer_target=1879048212 lit_target=1879048196 lit_initialized_before=false
NSDIAG vkCreateSwapchainKHR format=B8G8R8A8_SRGB usage=TRANSFER_SRC | TRANSFER_DST | COLOR_ATTACHMENT bits=0x13 supported=TRANSFER_SRC | TRANSFER_DST | SAMPLED | STORAGE | COLOR_ATTACHMENT | INPUT_ATTACHMENT
NSDIAG gbuffer target target_id=1879048212 exists=true recreate=false colors=3 depth=true extent=1280x720
NSDIAG deferred-target label='deferred_lighting' gbuffer_target=1879048212 lit_target=1879048196 lit_initialized_before=false
NSDIAG vkCreateSwapchainKHR format=B8G8R8A8_SRGB usage=TRANSFER_SRC | TRANSFER_DST | COLOR_ATTACHMENT bits=0x13 supported=TRANSFER_SRC | TRANSFER_DST | SAMPLED | STORAGE | COLOR_ATTACHMENT | INPUT_ATTACHMENT
NSDIAG gbuffer target target_id=1879048212 exists=true recreate=false colors=3 depth=true extent=1280x720
NSDIAG deferred-target label='deferred_lighting' gbuffer_target=1879048212 lit_target=1879048196 lit_initialized_before=false
NSDIAG vkCreateSwapchainKHR format=B8G8R8A8_SRGB usage=TRANSFER_SRC | TRANSFER_DST | COLOR_ATTACHMENT bits=0x13 supported=TRANSFER_SRC | TRANSFER_DST | SAMPLED | STORAGE | COLOR_ATTACHMENT | INPUT_ATTACHMENT
NSDIAG gbuffer target target_id=1879048212 exists=true recreate=false colors=3 depth=true extent=1280x720
NSDIAG deferred-target label='deferred_lighting' gbuffer_target=1879048212 lit_target=1879048196 lit_initialized_before=false
NSDIAG vkCreateSwapchainKHR format=B8G8R8A8_SRGB usage=TRANSFER_SRC | TRANSFER_DST | COLOR_ATTACHMENT bits=0x13 supported=TRANSFER_SRC | TRANSFER_DST | SAMPLED | STORAGE | COLOR_ATTACHMENT | INPUT_ATTACHMENT
NSDIAG gbuffer target target_id=1879048212 exists=true recreate=false colors=3 depth=true extent=1280x720
NSDIAG deferred-target label='deferred_lighting' gbuffer_target=1879048212 lit_target=1879048196 lit_initialized_before=false
NSDIAG vkCreateSwapchainKHR format=B8G8R8A8_SRGB usage=TRANSFER_SRC | TRANSFER_DST | COLOR_ATTACHMENT bits=0x13 supported=TRANSFER_SRC | TRANSFER_DST | SAMPLED | STORAGE | COLOR_ATTACHMENT | INPUT_ATTACHMENT
NSDIAG gbuffer target target_id=1879048212 exists=true recreate=false colors=3 depth=true extent=1280x720
NSDIAG deferred-target label='deferred_lighting' gbuffer_target=1879048212 lit_target=1879048196 lit_initialized_before=false
NSDIAG vkCreateSwapchainKHR format=B8G8R8A8_SRGB usage=TRANSFER_SRC | TRANSFER_DST | COLOR_ATTACHMENT bits=0x13 supported=TRANSFER_SRC | TRANSFER_DST | SAMPLED | STORAGE | COLOR_ATTACHMENT | INPUT_ATTACHMENT
NSDIAG gbuffer target target_id=1879048212 exists=true recreate=false colors=3 depth=true extent=1280x720
NSDIAG deferred-target label='deferred_lighting' gbuffer_target=1879048212 lit_target=1879048196 lit_initialized_before=false
NSDIAG vkCreateSwapchainKHR format=B8G8R8A8_SRGB usage=TRANSFER_SRC | TRANSFER_DST | COLOR_ATTACHMENT bits=0x13 supported=TRANSFER_SRC | TRANSFER_DST | SAMPLED | STORAGE | COLOR_ATTACHMENT | INPUT_ATTACHMENT
NSDIAG gbuffer target target_id=1879048212 exists=true recreate=false colors=3 depth=true extent=1280x720
NSDIAG deferred-target label='deferred_lighting' gbuffer_target=1879048212 lit_target=1879048196 lit_initialized_before=false
NSDIAG vkCreateSwapchainKHR format=B8G8R8A8_SRGB usage=TRANSFER_SRC | TRANSFER_DST | COLOR_ATTACHMENT bits=0x13 supported=TRANSFER_SRC | TRANSFER_DST | SAMPLED | STORAGE | COLOR_ATTACHMENT | INPUT_ATTACHMENT
NSDIAG gbuffer target target_id=1879048212 exists=true recreate=false colors=3 depth=true extent=1280x720
NSDIAG deferred-target label='deferred_lighting' gbuffer_target=1879048212 lit_target=1879048196 lit_initialized_before=false
NSDIAG vkCreateSwapchainKHR format=B8G8R8A8_SRGB usage=TRANSFER_SRC | TRANSFER_DST | COLOR_ATTACHMENT bits=0x13 supported=TRANSFER_SRC | TRANSFER_DST | SAMPLED | STORAGE | COLOR_ATTACHMENT | INPUT_ATTACHMENT
NSDIAG gbuffer target target_id=1879048212 exists=true recreate=false colors=3 depth=true extent=1280x720
NSDIAG deferred-target label='deferred_lighting' gbuffer_target=1879048212 lit_target=1879048196 lit_initialized_before=false
NSDIAG vkCreateSwapchainKHR format=B8G8R8A8_SRGB usage=TRANSFER_SRC | TRANSFER_DST | COLOR_ATTACHMENT bits=0x13 supported=TRANSFER_SRC | TRANSFER_DST | SAMPLED | STORAGE | COLOR_ATTACHMENT | INPUT_ATTACHMENT
NSDIAG gbuffer target target_id=1879048212 exists=true recreate=false colors=3 depth=true extent=1280x720
NSDIAG deferred-target label='deferred_lighting' gbuffer_target=1879048212 lit_target=1879048196 lit_initialized_before=false
NSDIAG vkCreateSwapchainKHR format=B8G8R8A8_SRGB usage=TRANSFER_SRC | TRANSFER_DST | COLOR_ATTACHMENT bits=0x13 supported=TRANSFER_SRC | TRANSFER_DST | SAMPLED | STORAGE | COLOR_ATTACHMENT | INPUT_ATTACHMENT
NSDIAG gbuffer target target_id=1879048212 exists=true recreate=false colors=3 depth=true extent=1280x720
NSDIAG deferred-target label='deferred_lighting' gbuffer_target=1879048212 lit_target=1879048196 lit_initialized_before=false
NSDIAG vkCreateSwapchainKHR format=B8G8R8A8_SRGB usage=TRANSFER_SRC | TRANSFER_DST | COLOR_ATTACHMENT bits=0x13 supported=TRANSFER_SRC | TRANSFER_DST | SAMPLED | STORAGE | COLOR_ATTACHMENT | INPUT_ATTACHMENT
NSDIAG gbuffer target target_id=1879048212 exists=true recreate=false colors=3 depth=true extent=1280x720
NSDIAG deferred-target label='deferred_lighting' gbuffer_target=1879048212 lit_target=1879048196 lit_initialized_before=false
NSDIAG vkCreateSwapchainKHR format=B8G8R8A8_SRGB usage=TRANSFER_SRC | TRANSFER_DST | COLOR_ATTACHMENT bits=0x13 supported=TRANSFER_SRC | TRANSFER_DST | SAMPLED | STORAGE | COLOR_ATTACHMENT | INPUT_ATTACHMENT
NSDIAG gbuffer target target_id=1879048212 exists=true recreate=false colors=3 depth=true extent=1280x720
NSDIAG graph-pass begin frame=1470 id=120 label='shadow_cascade_map' kind=ShadowCascadeMap queue=Graphics draws=164
NSDIAG graph-pass end frame=1470 id=120 label='shadow_cascade_map' kind=ShadowCascadeMap ok=true
NSDIAG graph-pass begin frame=1470 id=560 label='particle_simulation' kind=ParticleSimulation queue=Compute draws=0
NSDIAG graph-pass end frame=1470 id=560 label='particle_simulation' kind=ParticleSimulation ok=true
NSDIAG graph-pass begin frame=1470 id=300 label='viewport_gbuffer' kind=GBuffer queue=Graphics draws=16
NSDIAG graph-pass end frame=1470 id=300 label='viewport_gbuffer' kind=GBuffer ok=true
NSDIAG graph-pass begin frame=1470 id=400 label='deferred_lighting' kind=DeferredLighting queue=Graphics draws=0
NSDIAG deferred-target label='deferred_lighting' gbuffer_target=1879048212 lit_target=1879048196 lit_initialized_before=false
NSDIAG graph-pass end frame=1470 id=400 label='deferred_lighting' kind=DeferredLighting ok=false
NSDIAG vkCreateSwapchainKHR format=B8G8R8A8_SRGB usage=TRANSFER_SRC | TRANSFER_DST | COLOR_ATTACHMENT bits=0x13 supported=TRANSFER_SRC | TRANSFER_DST | SAMPLED | STORAGE | COLOR_ATTACHMENT | INPUT_ATTACHMENT
NSDIAG gbuffer target target_id=1879048212 exists=true recreate=false colors=3 depth=true extent=1280x720
NSDIAG deferred-target label='deferred_lighting' gbuffer_target=1879048212 lit_target=1879048196 lit_initialized_before=false
NSDIAG vkCreateSwapchainKHR format=B8G8R8A8_SRGB usage=TRANSFER_SRC | TRANSFER_DST | COLOR_ATTACHMENT bits=0x13 supported=TRANSFER_SRC | TRANSFER_DST | SAMPLED | STORAGE | COLOR_ATTACHMENT | INPUT_ATTACHMENT
NSDIAG gbuffer target target_id=1879048212 exists=true recreate=false colors=3 depth=true extent=1280x720
NSDIAG deferred-target label='deferred_lighting' gbuffer_target=1879048212 lit_target=1879048196 lit_initialized_before=false
NSDIAG vkCreateSwapchainKHR format=B8G8R8A8_SRGB usage=TRANSFER_SRC | TRANSFER_DST | COLOR_ATTACHMENT bits=0x13 supported=TRANSFER_SRC | TRANSFER_DST | SAMPLED | STORAGE | COLOR_ATTACHMENT | INPUT_ATTACHMENT
NSDIAG gbuffer target target_id=1879048212 exists=true recreate=false colors=3 depth=true extent=1280x720
NSDIAG deferred-target label='deferred_lighting' gbuffer_target=1879048212 lit_target=1879048196 lit_initialized_before=false
NSDIAG vkCreateSwapchainKHR format=B8G8R8A8_SRGB usage=TRANSFER_SRC | TRANSFER_DST | COLOR_ATTACHMENT bits=0x13 supported=TRANSFER_SRC | TRANSFER_DST | SAMPLED | STORAGE | COLOR_ATTACHMENT | INPUT_ATTACHMENT
NSDIAG gbuffer target target_id=1879048212 exists=true recreate=false colors=3 depth=true extent=1280x720
NSDIAG deferred-target label='deferred_lighting' gbuffer_target=1879048212 lit_target=1879048196 lit_initialized_before=false
NSDIAG vkCreateSwapchainKHR format=B8G8R8A8_SRGB usage=TRANSFER_SRC | TRANSFER_DST | COLOR_ATTACHMENT bits=0x13 supported=TRANSFER_SRC | TRANSFER_DST | SAMPLED | STORAGE | COLOR_ATTACHMENT | INPUT_ATTACHMENT
NSDIAG gbuffer target target_id=1879048212 exists=true recreate=false colors=3 depth=true extent=1280x720
NSDIAG deferred-target label='deferred_lighting' gbuffer_target=1879048212 lit_target=1879048196 lit_initialized_before=false
NSDIAG vkCreateSwapchainKHR format=B8G8R8A8_SRGB usage=TRANSFER_SRC | TRANSFER_DST | COLOR_ATTACHMENT bits=0x13 supported=TRANSFER_SRC | TRANSFER_DST | SAMPLED | STORAGE | COLOR_ATTACHMENT | INPUT_ATTACHMENT
NSDIAG gbuffer target target_id=1879048212 exists=true recreate=false colors=3 depth=true extent=1280x720
NSDIAG deferred-target label='deferred_lighting' gbuffer_target=1879048212 lit_target=1879048196 lit_initialized_before=false
NSDIAG vkCreateSwapchainKHR format=B8G8R8A8_SRGB usage=TRANSFER_SRC | TRANSFER_DST | COLOR_ATTACHMENT bits=0x13 supported=TRANSFER_SRC | TRANSFER_DST | SAMPLED | STORAGE | COLOR_ATTACHMENT | INPUT_ATTACHMENT
NSDIAG gbuffer target target_id=1879048212 exists=true recreate=false colors=3 depth=true extent=1280x720
NSDIAG deferred-target label='deferred_lighting' gbuffer_target=1879048212 lit_target=1879048196 lit_initialized_before=false
NSDIAG vkCreateSwapchainKHR format=B8G8R8A8_SRGB usage=TRANSFER_SRC | TRANSFER_DST | COLOR_ATTACHMENT bits=0x13 supported=TRANSFER_SRC | TRANSFER_DST | SAMPLED | STORAGE | COLOR_ATTACHMENT | INPUT_ATTACHMENT
NSDIAG gbuffer target target_id=1879048212 exists=true recreate=false colors=3 depth=true extent=1280x720
NSDIAG deferred-target label='deferred_lighting' gbuffer_target=1879048212 lit_target=1879048196 lit_initialized_before=false
NSDIAG vkCreateSwapchainKHR format=B8G8R8A8_SRGB usage=TRANSFER_SRC | TRANSFER_DST | COLOR_ATTACHMENT bits=0x13 supported=TRANSFER_SRC | TRANSFER_DST | SAMPLED | STORAGE | COLOR_ATTACHMENT | INPUT_ATTACHMENT
NSDIAG gbuffer target target_id=1879048212 exists=true recreate=false colors=3 depth=true extent=1280x720
NSDIAG deferred-target label='deferred_lighting' gbuffer_target=1879048212 lit_target=1879048196 lit_initialized_before=false
NSDIAG vkCreateSwapchainKHR format=B8G8R8A8_SRGB usage=TRANSFER_SRC | TRANSFER_DST | COLOR_ATTACHMENT bits=0x13 supported=TRANSFER_SRC | TRANSFER_DST | SAMPLED | STORAGE | COLOR_ATTACHMENT | INPUT_ATTACHMENT
NSDIAG gbuffer target target_id=1879048212 exists=true recreate=false colors=3 depth=true extent=1280x720
NSDIAG deferred-target label='deferred_lighting' gbuffer_target=1879048212 lit_target=1879048196 lit_initialized_before=false
NSDIAG vkCreateSwapchainKHR format=B8G8R8A8_SRGB usage=TRANSFER_SRC | TRANSFER_DST | COLOR_ATTACHMENT bits=0x13 supported=TRANSFER_SRC | TRANSFER_DST | SAMPLED | STORAGE | COLOR_ATTACHMENT | INPUT_ATTACHMENT
NSDIAG gbuffer target target_id=1879048212 exists=true recreate=false colors=3 depth=true extent=1280x720
NSDIAG deferred-target label='deferred_lighting' gbuffer_target=1879048212 lit_target=1879048196 lit_initialized_before=false
NSDIAG vkCreateSwapchainKHR format=B8G8R8A8_SRGB usage=TRANSFER_SRC | TRANSFER_DST | COLOR_ATTACHMENT bits=0x13 supported=TRANSFER_SRC | TRANSFER_DST | SAMPLED | STORAGE | COLOR_ATTACHMENT | INPUT_ATTACHMENT
NSDIAG gbuffer target target_id=1879048212 exists=true recreate=false colors=3 depth=true extent=1280x720
NSDIAG deferred-target label='deferred_lighting' gbuffer_target=1879048212 lit_target=1879048196 lit_initialized_before=false
NSDIAG vkCreateSwapchainKHR format=B8G8R8A8_SRGB usage=TRANSFER_SRC | TRANSFER_DST | COLOR_ATTACHMENT bits=0x13 supported=TRANSFER_SRC | TRANSFER_DST | SAMPLED | STORAGE | COLOR_ATTACHMENT | INPUT_ATTACHMENT
NSDIAG gbuffer target target_id=1879048212 exists=true recreate=false colors=3 depth=true extent=1280x720
NSDIAG deferred-target label='deferred_lighting' gbuffer_target=1879048212 lit_target=1879048196 lit_initialized_before=false
NSDIAG vkCreateSwapchainKHR format=B8G8R8A8_SRGB usage=TRANSFER_SRC | TRANSFER_DST | COLOR_ATTACHMENT bits=0x13 supported=TRANSFER_SRC | TRANSFER_DST | SAMPLED | STORAGE | COLOR_ATTACHMENT | INPUT_ATTACHMENT
NSDIAG gbuffer target target_id=1879048212 exists=true recreate=false colors=3 depth=true extent=1280x720
NSDIAG deferred-target label='deferred_lighting' gbuffer_target=1879048212 lit_target=1879048196 lit_initialized_before=false
NSDIAG vkCreateSwapchainKHR format=B8G8R8A8_SRGB usage=TRANSFER_SRC | TRANSFER_DST | COLOR_ATTACHMENT bits=0x13 supported=TRANSFER_SRC | TRANSFER_DST | SAMPLED | STORAGE | COLOR_ATTACHMENT | INPUT_ATTACHMENT
NSDIAG gbuffer target target_id=1879048212 exists=true recreate=false colors=3 depth=true extent=1280x720
NSDIAG deferred-target label='deferred_lighting' gbuffer_target=1879048212 lit_target=1879048196 lit_initialized_before=false
NSDIAG vkCreateSwapchainKHR format=B8G8R8A8_SRGB usage=TRANSFER_SRC | TRANSFER_DST | COLOR_ATTACHMENT bits=0x13 supported=TRANSFER_SRC | TRANSFER_DST | SAMPLED | STORAGE | COLOR_ATTACHMENT | INPUT_ATTACHMENT
NSDIAG gbuffer target target_id=1879048212 exists=true recreate=false colors=3 depth=true extent=1280x720
NSDIAG deferred-target label='deferred_lighting' gbuffer_target=1879048212 lit_target=1879048196 lit_initialized_before=false
NSDIAG vkCreateSwapchainKHR format=B8G8R8A8_SRGB usage=TRANSFER_SRC | TRANSFER_DST | COLOR_ATTACHMENT bits=0x13 supported=TRANSFER_SRC | TRANSFER_DST | SAMPLED | STORAGE | COLOR_ATTACHMENT | INPUT_ATTACHMENT
NSDIAG gbuffer target target_id=1879048212 exists=true recreate=false colors=3 depth=true extent=1280x720
NSDIAG deferred-target label='deferred_lighting' gbuffer_target=1879048212 lit_target=1879048196 lit_initialized_before=false
NSDIAG vkCreateSwapchainKHR format=B8G8R8A8_SRGB usage=TRANSFER_SRC | TRANSFER_DST | COLOR_ATTACHMENT bits=0x13 supported=TRANSFER_SRC | TRANSFER_DST | SAMPLED | STORAGE | COLOR_ATTACHMENT | INPUT_ATTACHMENT
NSDIAG gbuffer target target_id=1879048212 exists=true recreate=false colors=3 depth=true extent=1280x720
NSDIAG deferred-target label='deferred_lighting' gbuffer_target=1879048212 lit_target=1879048196 lit_initialized_before=false
NSDIAG vkCreateSwapchainKHR format=B8G8R8A8_SRGB usage=TRANSFER_SRC | TRANSFER_DST | COLOR_ATTACHMENT bits=0x13 supported=TRANSFER_SRC | TRANSFER_DST | SAMPLED | STORAGE | COLOR_ATTACHMENT | INPUT_ATTACHMENT
NSDIAG gbuffer target target_id=1879048212 exists=true recreate=false colors=3 depth=true extent=1280x720
NSDIAG deferred-target label='deferred_lighting' gbuffer_target=1879048212 lit_target=1879048196 lit_initialized_before=false
